Workbook
Name COB: Settings!$C$2
Name CurveCollection: USD3ML!$D$9
Name CurveCollection: USD6ML!$D$9
Name isUSD3MLLoaded: USD3ML!$D$31
Name isUSD6MLLoaded: USD6ML!$D$31
Name isUSDOISLoaded: USDOIS!$D$31
Name USD_TRS_3ML: TRS_GENERATOR!$C$3

Sheet Settings
B2: Settings | C2: =TODAY() -> 43579

Sheet USDOIS
C3: MARKETDATAPROPERTIES | F3: OIS | H3: PX_LAST | M3: OISFIXINGS | P3: LIBOROISBASISSPREADS | Q3: PX_LAST | T3: SWAPS | U3: PX_LAST
F4: Bloomberg Ticker | G4: Term | H4: Rate | I4: StartDate | J4: EndDate | K4: Use | M4: BaseDate | N4: Rate | P4: Bloomberg Ticker | Q4: Term | R4: Rate | T4: Bloomberg Ticker | U4: Term | V4: Rate
C5: Currency | D5: USD | F5: FEDL01 Index | G5: ON | H5: =IF(ISNUMBER(_xll.BDP($F5,$H$3)),_xll.BDP($F5,$H$3)%,"#WAIT") -> 0.0244 | K5: TRUE | P5: USBG1 CMPN Curncy | Q5: 1Y | R5: 0.0036875 | T5: USSWAP1 CMPN Curncy | U5: 1Y | V5: 0.02723
C6: CurveType | D6: OIS | F6: USSO1Z CMPN Curncy | G6: 1W | H6: 0.01689 | K6: TRUE | P6: USBG2 CMPN Curncy | Q6: 2Y | R6: 0.0036875 | T6: USSWAP2 CMPN Curncy | U6: 2Y | V6: 0.02723
C7: CurveIndexFrequency | D7: DAILY | F7: USSO2Z CMPN Curncy | G7: 2W | H7: 0.016892 | K7: TRUE | P7: USBG3 CMPN Curncy | Q7: 3Y | R7: 0.0036875 | T7: USSWAP3 CMPN Curncy | U7: 3Y | V7: 0.02723
C8: AsOfDate | D8: =COB -> 43579 | F8: USSO3Z CMPN Curncy | G8: 3W | H8: 0.01677 | K8: TRUE | P8: USBG4 CMPN Curncy | Q8: 4Y | R8: 0.0036875 | T8: USSWAP4 CMPN Curncy | U8: 4Y | V8: 0.02723
F9: USSOA CMPN Curncy | G9: 1M | H9: 0.01688 | K9: TRUE | P9: USBG5 CMPN Curncy | Q9: 5Y | R9: 0.00368775 | T9: USSWAP5 CMPN Curncy | U9: 5Y | V9: 0.027488
F10: USSOB CMPN Curncy | G10: 2M | H10: 0.016909 | K10: TRUE | P10: USBG7 CMPN Curncy | Q10: 7Y | R10: 0.0037875 | T10: USSWAP7 CMPN Curncy | U10: 7Y | V10: 0.02782
C11: Create Market Data Handle | F11: USSOC CMPN Curncy | G11: 3M | H11: 0.017464 | K11: TRUE | P11: USBG10 CMPN Curncy | Q11: 10Y | R11: 0.00394375 | T11: USSWAP10 CMPN Curncy | U11: 10Y | V11: 0.028299
C12: Handle Name | D12: USD_OIS_CURVE_MARKETDATA | F12: USSOD CMPN Curncy | G12: 4M | H12: 0.017862 | K12: TRUE | P12: USBG12 CMPN Curncy | Q12: 12Y | R12: 0.004025 | T12: USSWAP12 CMPN Curncy | U12: 12Y | V12: 0.028604
C13: Market Data Handle | D13: =_xll.meLWOCurveMarketDataCreate(D12,C3,C5:D8,M3,M5:N17,F3,G5:K17,P3,Q5:R16,T3,U5:V16) -> USD_OIS_CURVE_MARKETDATA@8:5 | F13: USSOE CMPN Curncy | G13: 5M | H13: 0.018084 | K13: TRUE | P13: USBG15 CMPN Curncy | Q13: 15Y | R13: 0.0041625 | T13: USSWAP15 CMPN Curncy | U13: 15Y | V13: 0.028877
F14: USSOF CMPN Curncy | G14: 6M | H14: 0.018352 | K14: TRUE | P14: USBG20 CMPN Curncy | Q14: 20Y | R14: 0.0043125 | T14: USSWAP20 CMPN Curncy | U14: 20Y | V14: 0.029084
F15: USSOI CMPN Curncy | G15: 9M | H15: 0.01919 | K15: TRUE | P15: USBG25 CMPN Curncy | Q15: 25Y | R15: 0.0044149 | T15: USSWAP25 CMPN Curncy | U15: 25Y | V15: 0.029009
F16: USSO1 CMPN Curncy | G16: 1Y | H16: 0.019885 | K16: TRUE | P16: USBG30 CMPN Curncy | Q16: 30Y | R16: 0.0045 | T16: USSWAP30 CMPN Curncy | U16: 30Y | V16: 0.028846
F17: USSO2 CMPN Curncy | G17: 2Y | H17: 0.021926 | K17: TRUE
C19: Curve Dictionary
C20: Handle Name | D20: USD_OIS_CURVE
C21: Curve Generator | D21: USD_OIS
C22: Domestic Curve Collection | D22: USDYC
C23: Foreign Curve Collection
C26: Curve Build
C27: Handle Name | D27: {=_xll.meLWOCurveCalibrate(D20,D21,D13,D22,D23)} -> USD_OIS_CURVE@11:1
C28: Curve Collection | D28: USDYC
C29: Curve Index | D29: OIS:USDOIS:USDDF:USDDF_USDCSA:USDDF_NOCSA
C30: Calibration Time Taken | D30: 0.01400 sec
C31: Curve Loaded | D31: =LEFT(D27,3)=LEFT(D20,3) -> TRUE

Sheet USD3ML
C3: MARKETDATAPROPERTIES | F3: LIBORFIXINGS | H3: PX_LAST | J3: FRAS | M3: FUTURES | N3: FUT_CUR_GEN_TICKER | O3: INT_RATE_FUT_START_DT | P3: INT_RATE_FUT_END_DT | Q3: PX_LAST | T3: SWAPS | V3: PX_LAST
C4: Currency | D4: USD | F4: Ticker | G4: Term | H4: Rate | J4: Term | K4: Rate | M4: Ticker | N4: Term | O4: StartDate | P4: EndDate | Q4: Rate | R4: Volatility | T4: Ticker | U4: Term | V4: Rate | W4: Use
C5: CurveType | D5: SWAP | F5: US0003M Index | G5: 3M | H5: =IF(COB=TODAY(),IF(ISNUMBER(_xll.BDP($F$5,$H$3)),_xll.BDP($F$5,$H$3)%,"#WAIT"),IF(ISNUMBER(_xll.BDH($F$5,$H$3,COB-3,COB-3)),_xll.BDH($F$5,$H$3,COB-3,COB-3)%,"#WAIT")) -> 0.0258638 | M5: ED1 Comdty | N5: EDM8 | O5: =DATEVALUE(_xll.BDP($M5,O$3)) -> 43635 | P5: =DATEVALUE(_xll.BDP($M5,P$3)) -> 43726 | Q5: =IF(ISNUMBER(_xll.BDH($M5,$Q$3,COB,COB)),_xll.BDH($M5,$Q$3,COB,COB),"#WAIT") -> 97.445 | R5: 0.008 | T5: USSWAP3 CMPN Curncy | U5: 3Y | V5: {=IF(ISNUMBER(_xll.BDH($T5,$V$3,COB,COB)),_xll.BDH($T5,$V$3,COB,COB)%,"#WAIT")} -> 0.023457 | W5: TRUE
C6: CurveIndexFrequency | D6: QUARTERLY | M6: ED2 Comdty | N6: EDU8 | O6: =DATEVALUE(_xll.BDP($M6,O$3)) -> 43726 | P6: =DATEVALUE(_xll.BDP($M6,P$3)) -> 43817 | Q6: =IF(ISNUMBER(_xll.BDH($M6,$Q$3,COB,COB)),_xll.BDH($M6,$Q$3,COB,COB),"#WAIT") -> 97.515 | R6: 0.008 | T6: USSWAP4 CMPN Curncy | U6: 4Y | V6: =IF(ISNUMBER(_xll.BDH($T6,$V$3,COB,COB)),_xll.BDH($T6,$V$3,COB,COB)%,"#WAIT") -> 0.023297 | W6: TRUE
C7: AsOfDate | D7: =COB -> 43579 | M7: ED3 Comdty | N7: EDZ8 | O7: =DATEVALUE(_xll.BDP($M7,O$3)) -> 43817 | P7: =DATEVALUE(_xll.BDP($M7,P$3)) -> 43908 | Q7: =IF(ISNUMBER(_xll.BDH($M7,$Q$3,COB,COB)),_xll.BDH($M7,$Q$3,COB,COB),"#WAIT") -> 97.53 | R7: 0.008 | T7: USSWAP5 CMPN Curncy | U7: 5Y | V7: =IF(ISNUMBER(_xll.BDH($T7,$V$3,COB,COB)),_xll.BDH($T7,$V$3,COB,COB)%,"#WAIT") -> 0.023425 | W7: TRUE
M8: ED4 Comdty | N8: EDH9 | O8: =DATEVALUE(_xll.BDP($M8,O$3)) -> 43908 | P8: =DATEVALUE(_xll.BDP($M8,P$3)) -> 43999 | Q8: =IF(ISNUMBER(_xll.BDH($M8,$Q$3,COB,COB)),_xll.BDH($M8,$Q$3,COB,COB),"#WAIT") -> 97.635 | R8: 0.008 | T8: USSWAP7 CMPN Curncy | U8: 7Y | V8: =IF(ISNUMBER(_xll.BDH($T8,$V$3,COB,COB)),_xll.BDH($T8,$V$3,COB,COB)%,"#WAIT") -> 0.024014 | W8: TRUE
M9: ED5 Comdty | N9: EDM9 | O9: =DATEVALUE(_xll.BDP($M9,O$3)) -> 43999 | P9: =DATEVALUE(_xll.BDP($M9,P$3)) -> 44090 | Q9: =IF(ISNUMBER(_xll.BDH($M9,$Q$3,COB,COB)),_xll.BDH($M9,$Q$3,COB,COB),"#WAIT") -> 97.72 | R9: 0.008 | T9: USSWAP8 CMPN Curncy | U9: 8Y | V9: =IF(ISNUMBER(_xll.BDH($T9,$V$3,COB,COB)),_xll.BDH($T9,$V$3,COB,COB)%,"#WAIT") -> 0.02436 | W9: TRUE
M10: ED6 Comdty | N10: EDU9 | O10: =DATEVALUE(_xll.BDP($M10,O$3)) -> 44090 | P10: =DATEVALUE(_xll.BDP($M10,P$3)) -> 44181 | Q10: =IF(ISNUMBER(_xll.BDH($M10,$Q$3,COB,COB)),_xll.BDH($M10,$Q$3,COB,COB),"#WAIT") -> 97.785 | R10: 0.008 | T10: USSWAP9 CMPN Curncy | U10: 9Y | V10: =IF(ISNUMBER(_xll.BDH($T10,$V$3,COB,COB)),_xll.BDH($T10,$V$3,COB,COB)%,"#WAIT") -> 0.024703 | W10: TRUE
C11: Create Market Data Handle | M11: ED7 Comdty | N11: EDZ9 | O11: =DATEVALUE(_xll.BDP($M11,O$3)) -> 44181 | P11: =DATEVALUE(_xll.BDP($M11,P$3)) -> 44272 | Q11: =IF(ISNUMBER(_xll.BDH($M11,$Q$3,COB,COB)),_xll.BDH($M11,$Q$3,COB,COB),"#WAIT") -> 97.8 | R11: 0.008 | T11: USSWAP10 CMPN Curncy | U11: 10Y | V11: =IF(ISNUMBER(_xll.BDH($T11,$V$3,COB,COB)),_xll.BDH($T11,$V$3,COB,COB)%,"#WAIT") -> 0.025042 | W11: TRUE
C12: Handle Name | D12: USD_SWAP_3M_CURVE_MARKETDATA | M12: ED8 Comdty | N12: EDH0 | O12: =DATEVALUE(_xll.BDP($M12,O$3)) -> 44272 | P12: =DATEVALUE(_xll.BDP($M12,P$3)) -> 44363 | Q12: =IF(ISNUMBER(_xll.BDH($M12,$Q$3,COB,COB)),_xll.BDH($M12,$Q$3,COB,COB),"#WAIT") -> 97.825 | R12: 0.008 | T12: USSWAP12 CMPN Curncy | U12: 12Y | V12: =IF(ISNUMBER(_xll.BDH($T12,$V$3,COB,COB)),_xll.BDH($T12,$V$3,COB,COB)%,"#WAIT") -> 0.025642 | W12: TRUE
C13: Market Data Handle | D13: =_xll.meLWOCurveMarketDataCreate(D12,C3,C4:D9,F3,G5:H9,J3,J5:K30,M3,N5:R30,T3,U5:W30) -> USD_SWAP_3M_CURVE_MARKETDATA@3:4 | T13: USSWAP15 CMPN Curncy | U13: 15Y | V13: =IF(ISNUMBER(_xll.BDH($T13,$V$3,COB,COB)),_xll.BDH($T13,$V$3,COB,COB)%,"#WAIT") -> 0.026262 | W13: TRUE
T14: USSWAP20 CMPN Curncy | U14: 20Y | V14: =IF(ISNUMBER(_xll.BDH($T14,$V$3,COB,COB)),_xll.BDH($T14,$V$3,COB,COB)%,"#WAIT") -> 0.026801 | W14: TRUE
T15: USSWAP25 CMPN Curncy | U15: 25Y | V15: =IF(ISNUMBER(_xll.BDH($T15,$V$3,COB,COB)),_xll.BDH($T15,$V$3,COB,COB)%,"#WAIT") -> 0.026994 | W15: TRUE
T16: USSWAP30 CMPN Curncy | U16: 30Y | V16: =IF(ISNUMBER(_xll.BDH($T16,$V$3,COB,COB)),_xll.BDH($T16,$V$3,COB,COB)%,"#WAIT") -> 0.027067 | W16: TRUE
T17: USSWAP40 CMPN Curncy | U17: 40Y | V17: =IF(ISNUMBER(_xll.BDH($T17,$V$3,COB,COB)),_xll.BDH($T17,$V$3,COB,COB)%,"#WAIT") -> 0.026911 | W17: TRUE
T18: USSWAP50 CMPN Curncy | U18: 50Y | V18: =IF(ISNUMBER(_xll.BDH($T18,$V$3,COB,COB)),_xll.BDH($T18,$V$3,COB,COB)%,"#WAIT") -> 0.026573 | W18: TRUE
C19: Curve Dictionary
C20: Handle Name | D20: USD_SWAP_3M_CURVE
C21: Curve Generator | D21: USD_SWAP_3M
C22: Domestic Curve Collection | D22: USDYC
C23: Foreign Curve Collection
C26: Curve Build
C27: Handle Name | D27: {=IF(isUSDOISLoaded,_xll.meLWOCurveCalibrate(D20,D21,D13,D22),"#WAIT")} -> USD_SWAP_3M_CURVE@18:1
C28: Curve Collection | D28: USDYC
C29: Curve Index | D29: STD:USD3ML
C30: Calibration Time Taken | D30: 0.00900 sec
C31: Curve Loaded | D31: =LEFT(D27,3)=LEFT(D20,3) -> TRUE

Sheet USD6ML
C3: MARKETDATAPROPERTIES | F3: BASISSWAPS | H3: PX_LAST | K3: FRAS
C4: Currency | D4: USD | F4: Ticker | G4: Term | H4: Rate | I4: Use | K4: Term | L4: Rate
C5: CurveType | D5: TENORBASIS | F5: USBC1 CMPN Curncy | G5: 1Y | H5: =IF(ISNUMBER(_xll.BDH($F5,$H$3,COB,COB)),_xll.BDH($F5,$H$3,COB,COB)/10000,"#WAIT") -> 0.0006122 | I5: TRUE
C6: CurveIndexFrequency | D6: SEMI-ANNUAL | F6: USBC2 CMPN Curncy | G6: 2Y | H6: =IF(ISNUMBER(_xll.BDH($F6,$H$3,COB,COB)),_xll.BDH($F6,$H$3,COB,COB)/10000,"#WAIT") -> 0.00066875 | I6: TRUE
C7: AsOfDate | D7: =COB -> 43579 | F7: USBC3 CMPN Curncy | G7: 3Y | H7: =IF(ISNUMBER(_xll.BDH($F7,$H$3,COB,COB)),_xll.BDH($F7,$H$3,COB,COB)/10000,"#WAIT") -> 0.0006875 | I7: TRUE
F8: USBC4 CMPN Curncy | G8: 4Y | H8: =IF(ISNUMBER(_xll.BDH($F8,$H$3,COB,COB)),_xll.BDH($F8,$H$3,COB,COB)/10000,"#WAIT") -> 0.000725 | I8: TRUE
F9: USBC5 CMPN Curncy | G9: 5Y | H9: =IF(ISNUMBER(_xll.BDH($F9,$H$3,COB,COB)),_xll.BDH($F9,$H$3,COB,COB)/10000,"#WAIT") -> 0.00075 | I9: TRUE
F10: USBC6 CMPN Curncy | G10: 6Y | H10: =IF(ISNUMBER(_xll.BDH($F10,$H$3,COB,COB)),_xll.BDH($F10,$H$3,COB,COB)/10000,"#WAIT") -> 0.0007847 | I10: TRUE
C11: Create Market Data Handle | F11: USBC7 CMPN Curncy | G11: 7Y | H11: =IF(ISNUMBER(_xll.BDH($F11,$H$3,COB,COB)),_xll.BDH($F11,$H$3,COB,COB)/10000,"#WAIT") -> 0.000825 | I11: TRUE
C12: Handle Name | D12: USD_BASIS_6M_CURVE_MARKETDATA | F12: USBC8 CMPN Curncy | G12: 8Y | H12: =IF(ISNUMBER(_xll.BDH($F12,$H$3,COB,COB)),_xll.BDH($F12,$H$3,COB,COB)/10000,"#WAIT") -> 0.000875 | I12: TRUE
C13: Market Data Handle | D13: =_xll.meLWOCurveMarketDataCreate(D12,C3,C4:D9,F3,G5:I30,K3,K5:L30) -> USD_BASIS_6M_CURVE_MARKETDATA@5:22 | F13: USBC9 CMPN Curncy | G13: 9Y | H13: =IF(ISNUMBER(_xll.BDH($F13,$H$3,COB,COB)),_xll.BDH($F13,$H$3,COB,COB)/10000,"#WAIT") -> 0.0009125 | I13: TRUE
F14: USBC10 CMPN Curncy | G14: 10Y | H14: =IF(ISNUMBER(_xll.BDH($F14,$H$3,COB,COB)),_xll.BDH($F14,$H$3,COB,COB)/10000,"#WAIT") -> 0.000938 | I14: TRUE
F15: USBC12 CMPN Curncy | G15: 12Y | H15: =IF(ISNUMBER(_xll.BDH($F15,$H$3,COB,COB)),_xll.BDH($F15,$H$3,COB,COB)/10000,"#WAIT") -> 0.001 | I15: TRUE
F16: USBC15 CMPN Curncy | G16: 15Y | H16: =IF(ISNUMBER(_xll.BDH($F16,$H$3,COB,COB)),_xll.BDH($F16,$H$3,COB,COB)/10000,"#WAIT") -> 0.0010375 | I16: TRUE
F17: USBC20 CMPN Curncy | G17: 20Y | H17: =IF(ISNUMBER(_xll.BDH($F17,$H$3,COB,COB)),_xll.BDH($F17,$H$3,COB,COB)/10000,"#WAIT") -> 0.001088 | I17: TRUE
F18: USBC25 CMPN Curncy | G18: 25Y | H18: =IF(ISNUMBER(_xll.BDH($F18,$H$3,COB,COB)),_xll.BDH($F18,$H$3,COB,COB)/10000,"#WAIT") -> 0.0010875 | I18: TRUE
C19: Curve Dictionary | F19: USBC30 CMPN Curncy | G19: 30Y | H19: =IF(ISNUMBER(_xll.BDH($F19,$H$3,COB,COB)),_xll.BDH($F19,$H$3,COB,COB)/10000,"#WAIT") -> 0.0011 | I19: TRUE
C20: Handle Name | D20: USD_BASIS_6M
C21: Curve Generator | D21: USD_BASIS_3X6
C22: Domestic Curve Collection | D22: USDYC
C23: Foreign Curve Collection
C26: Curve Build
C27: Handle Name | D27: {=IF(isUSD3MLLoaded,_xll.meLWOCurveCalibrate(D20,D21,D13,D22),"#WAIT")} -> USD_BASIS_6M@19:1
C28: Curve Collection | D28: USDYC
C29: Curve Index | D29: 3M6MBasis:USD6ML
C30: Calibration Time Taken | D30: 0.00700 sec
C31: Curve Loaded | D31: =LEFT(D27,3)=LEFT(D20,3) -> TRUE

Sheet CREDITMODEL
B2: CREATE MODEL
B3: ModelName | C3: CREDITMODEL1
B4: CreateModel | C4: =IF(isUSD6MLLoaded,_xll.meLWOCreditModelCreate(C3,B6,B7:C20,B22,B24:C31),"#WAIT") -> CREDITMODEL1@20:1 | M4: +/-
M5: =SUM(F8:H15)-SUM(K8:M15) -> 0
B6: MODEL_PROPERTIES | E6: MODEL CALIBRATION | J6: CHECK CALIBRATION RESULTS
B7: AsOfDate | C7: =COB -> 43579 | E7: Tenor | F7: HazardRate | G7: SurvivalProbability | H7: DefaultProbability | J7: Tenor | K7: HazardRate | L7: SurvivalProbability | M7: DefaultProbability
B8: SpotLag | C8: 5D | E8: {=_xll.meUtilityResize(_xll.meLWOCreditModelCalibrationParameters(C4),20,10)} -> 43728 | F8: 0.0037133335 | G8: 0.99846427 | H8: 0.0015357271 | J8: =E8 -> 43728 | K8: =IF(J8="","",_xll.meLWOCreditModelHazardRate($C$4,J8)) -> 0.0037133335 | L8: =IF(J8="","",_xll.meLWOCreditModelSurvivalProbability($C$4,J8)) -> 0.99846427 | M8: =1-L8 -> 0.0015357271
B9: SpotBusinessDayAdjustment | C9: FOLLOWING | E9: 43910 | F9: 0.002526857 | G9: 0.99718958 | H9: 0.0028104175 | J9: =E9 -> 43910 | K9: =IF(J9="","",_xll.meLWOCreditModelHazardRate($C$4,J9)) -> 0.002526857 | L9: =IF(J9="","",_xll.meLWOCreditModelSurvivalProbability($C$4,J9)) -> 0.99718958 | M9: =1-L9 -> 0.0028104175
B10: SpotCalendar | C10: NYB | E10: 44277 | F10: 0.0037795594 | G10: 0.99335475 | H10: 0.0066452469 | J10: =E10 -> 44277 | K10: =IF(J10="","",_xll.meLWOCreditModelHazardRate($C$4,J10)) -> 0.0037795594 | L10: =IF(J10="","",_xll.meLWOCreditModelSurvivalProbability($C$4,J10)) -> 0.99335475 | M10: =1-L10 -> 0.0066452469
B11: AccrualStartDate | C11: =C7 -> 43579 | E11: 44641 | F11: 0.0041012251 | G11: 0.98924404 | H11: 0.010755956 | J11: =E11 -> 44641 | K11: =IF(J11="","",_xll.meLWOCreditModelHazardRate($C$4,J11)) -> 0.0041012251 | L11: =IF(J11="","",_xll.meLWOCreditModelSurvivalProbability($C$4,J11)) -> 0.98924404 | M11: =1-L11 -> 0.010755956
B12: IMMReferenceDate | C12: =_xll.meDateIMMCurrent(C7) -> 43544 | D12: <--- Active IMM Start Date | E12: 45005 | F12: 0.0045114939 | G12: 0.98474176 | H12: 0.015258236 | J12: =E12 -> 45005 | K12: =IF(J12="","",_xll.meLWOCreditModelHazardRate($C$4,J12)) -> 0.0045114939 | L12: =IF(J12="","",_xll.meLWOCreditModelSurvivalProbability($C$4,J12)) -> 0.98474176 | M12: =1-L12 -> 0.015258236
B13: Currency | C13: USD | E13: 45371 | F13: 0.0040082579 | G13: 0.98073705 | H13: 0.019262955 | J13: =E13 -> 45371 | K13: =IF(J13="","",_xll.meLWOCreditModelHazardRate($C$4,J13)) -> 0.0040082579 | L13: =IF(J13="","",_xll.meLWOCreditModelSurvivalProbability($C$4,J13)) -> 0.98073705 | M13: =1-L13 -> 0.019262955
B14: RecoveryRate | C14: 0.4 | E14: 46101 | F14: 0.0064754074 | G14: 0.96794347 | H14: 0.032056528 | J14: =E14 -> 46101 | K14: =IF(J14="","",_xll.meLWOCreditModelHazardRate($C$4,J14)) -> 0.0064754074 | L14: =IF(J14="","",_xll.meLWOCreditModelSurvivalProbability($C$4,J14)) -> 0.96794347 | M14: =1-L14 -> 0.032056528
B15: IncludeAccruedInterest | C15: TRUE | E15: 47197 | F15: 0.0070730373 | G15: 0.9473231 | H15: 0.052676898 | J15: =E15 -> 47197 | K15: =IF(J15="","",_xll.meLWOCreditModelHazardRate($C$4,J15)) -> 0.0070730373 | L15: =IF(J15="","",_xll.meLWOCreditModelSurvivalProbability($C$4,J15)) -> 0.9473231 | M15: =1-L15 -> 0.052676898
B16: CDSCurveCollection | C16: USDYC
B17: SwapGenerator | C17: USD_CDS_IMM
B18: CreditIndex | C18: US9128282R06
B19: Interpolation | C19: PiecewiseConstant
B20: Extrapolation | C20: Flat
B22: CDS_MARKETDATA | E22: CALIBRATION REPRICING CHECK
B23: Tenor | C23: CDS Spread | E23: Tenor | F23: SpotLag | G23: EffectiveDate | H23: MaturityDate | I23: PayRec | J23: CDS | K23: PV | L23: ParSpread | M23: +/-
B24: 6M | C24: 0.002228 | E24: =B24 -> 6M | F24: 5D | G24: =_xll.meDateFromTenor($C$7,$C$8,$C$9,$C$10) -> 43586 | H24: =_xll.meDateFromTenor($C$12,E24,) -> 43728 | I24: PAY | J24: =_xll.meLWOSwapCreateFromGenerator("CDS_"&E24,$C$17,"PAY",1,G24,H24,C24,0) -> CDS_6M@16:23 | K24: =_xll.meLWOCreditDefaultSwapPV(J24,$C$4) -> 4.1416523e-17 | L24: =_xll.meLWOCreditDefaultSwapParSpread(J24,$C$4) -> 0.002228 | M24: =L24-C24 -> 1.0581813e-16
B25: 1Y | C25: 0.00183013 | E25: =B25 -> 1Y | F25: 5D | G25: =_xll.meDateFromTenor($C$7,$C$8,$C$9,$C$10) -> 43586 | H25: =_xll.meDateFromTenor($C$12,E25,) -> 43910 | I25: PAY | J25: =_xll.meLWOSwapCreateFromGenerator("CDS_"&E25,$C$17,"PAY",1,G25,H25,C25,0) -> CDS_1Y@15:23 | K25: =_xll.meLWOCreditDefaultSwapPV(J25,$C$4) -> 1.0711917e-16 | L25: =_xll.meLWOCreditDefaultSwapParSpread(J25,$C$4) -> 0.00183013 | M25: =L25-C25 -> 1.2078012e-16
B26: 2Y | C26: 0.0020593 | E26: =B26 -> 2Y | F26: 5D | G26: =_xll.meDateFromTenor($C$7,$C$8,$C$9,$C$10) -> 43586 | H26: =_xll.meDateFromTenor($C$12,E26,) -> 44275 | I26: PAY | J26: =_xll.meLWOSwapCreateFromGenerator("CDS_"&E26,$C$17,"PAY",1,G26,H26,C26,0) -> CDS_2Y@10:23 | K26: =_xll.meLWOCreditDefaultSwapPV(J26,$C$4) -> 2.6237693e-16 | L26: =_xll.meLWOCreditDefaultSwapParSpread(J26,$C$4) -> 0.0020593 | M26: =L26-C26 -> 1.405126e-16
B27: 3Y | C27: 0.00219438 | E27: =B27 -> 3Y | F27: 5D | G27: =_xll.meDateFromTenor($C$7,$C$8,$C$9,$C$10) -> 43586 | H27: =_xll.meDateFromTenor($C$12,E27,) -> 44640 | I27: PAY | J27: =_xll.meLWOSwapCreateFromGenerator("CDS_"&E27,$C$17,"PAY",1,G27,H27,C27,0) -> CDS_3Y@17:23 | K27: =_xll.meLWOCreditDefaultSwapPV(J27,$C$4) -> 4.4235449e-16 | L27: =_xll.meLWOCreditDefaultSwapParSpread(J27,$C$4) -> 0.00219438 | M27: =L27-C27 -> 1.5742616e-16
B28: 4Y | C28: 0.00232063 | E28: =B28 -> 4Y | F28: 5D | G28: =_xll.meDateFromTenor($C$7,$C$8,$C$9,$C$10) -> 43586 | H28: =_xll.meDateFromTenor($C$12,E28,) -> 45005 | I28: PAY | J28: =_xll.meLWOSwapCreateFromGenerator("CDS_"&E28,$C$17,"PAY",1,G28,H28,C28,0) -> CDS_4Y@12:23 | K28: =_xll.meLWOCreditDefaultSwapPV(J28,$C$4) -> -1.8370722e-15 | L28: =_xll.meLWOCreditDefaultSwapParSpread(J28,$C$4) -> 0.00232063 | M28: =L28-C28 -> -4.9222779e-16
B29: 5Y | C29: 0.002337 | E29: =B29 -> 5Y | F29: 5D | G29: =_xll.meDateFromTenor($C$7,$C$8,$C$9,$C$10) -> 43586 | H29: =_xll.meDateFromTenor($C$12,E29,) -> 45371 | I29: PAY | J29: =_xll.meLWOSwapCreateFromGenerator("CDS_"&E29,$C$17,"PAY",1,G29,H29,C29,0) -> CDS_5Y@14:23 | K29: =_xll.meLWOCreditDefaultSwapPV(J29,$C$4) -> 3.6429193e-17 | L29: =_xll.meLWOCreditDefaultSwapParSpread(J29,$C$4) -> 0.002337 | M29: =L29-C29 -> 8.2399365e-18
B30: 7Y | C30: 0.00275507 | E30: =B30 -> 7Y | F30: 5D | G30: =_xll.meDateFromTenor($C$7,$C$8,$C$9,$C$10) -> 43586 | H30: =_xll.meDateFromTenor($C$12,E30,) -> 46101 | I30: PAY | J30: =_xll.meLWOSwapCreateFromGenerator("CDS_"&E30,$C$17,"PAY",1,G30,H30,C30,0) -> CDS_7Y@13:23 | K30: =_xll.meLWOCreditDefaultSwapPV(J30,$C$4) -> -4.8803669e-12 | L30: =_xll.meLWOCreditDefaultSwapParSpread(J30,$C$4) -> 0.00275507 | M30: =L30-C30 -> -7.6977097e-13
B31: 10Y | C31: 0.00316097 | E31: =B31 -> 10Y | F31: 5D | G31: =_xll.meDateFromTenor($C$7,$C$8,$C$9,$C$10) -> 43586 | H31: =_xll.meDateFromTenor($C$12,E31,) -> 47197 | I31: PAY | J31: =_xll.meLWOSwapCreateFromGenerator("CDS_"&E31,$C$17,"PAY",1,G31,H31,C31,0) -> CDS_10Y@9:23 | K31: =_xll.meLWOCreditDefaultSwapPV(J31,$C$4) -> -1.8958425e-11 | L31: =_xll.meLWOCreditDefaultSwapParSpread(J31,$C$4) -> 0.00316097 | M31: =L31-C31 -> -2.1749924e-12
E34: RISKY DISCOUNT FACTORS
E35: DF | F35: RiskyDF | G35: Manual | H35: +/-
E36: {=_xll.meCurveDiscountFactors(E8:E15,C16,"OIS")} -> 0.99255501 | F36: {=_xll.meLWOCreditModelRiskyDiscountFactors($C$4,E8:E15)} -> 0.99103072 | G36: =G8*E36 -> 0.99103072 | H36: =F36-G36 -> 0
E37: 0.98061422 | F37: 0.97785828 | G37: =G9*E37 -> 0.97785828 | H37: =F37-G37 -> 0
E38: 0.95559606 | F38: 0.94924589 | G38: =G10*E38 -> 0.94924589 | H38: =F38-G38 -> 0
E39: 0.93473303 | F39: 0.92467908 | G39: =G11*E39 -> 0.92467908 | H39: =F39-G39 -> 0
E40: 0.91281561 | F40: 0.89888766 | G40: =G12*E40 -> 0.89888766 | H40: =F40-G40 -> 0
E41: 0.89084609 | F41: 0.87368576 | G41: =G13*E41 -> 0.87368576 | H41: =F41-G41 -> 0
E42: 0.84822983 | F42: 0.82103853 | G42: =G14*E42 -> 0.82103853 | H42: =F42-G42 -> 0
E43: 0.7871061 | F43: 0.7456438 | G43: =G15*E43 -> 0.7456438 | H43: =F43-G43 -> 0

Sheet TRS_GENERATOR
B2: GeneratorName | C2: USD_TRS
B3: Create Generator | C3: =_xll.meLWOSwapGeneratorCreate(C2,$B$6:$D$32) -> USD_TRS@1:23
B6: LEGTYPE | C6: Leg1:Premium | D6: Leg2:Float
B7: LEVERAGE | C7: 1 | D7: 1
B8: FORECASTCURVE | D8: USD3ML
B9: COMPOUNDMETHOD | C9: NONE | D9: NONE
B10: NOTIONALEXCHANGE | C10: START_AND_END | D10: START_AND_END
B11: DISCOUNTCURVE | C11: USDOIS | D11: USDOIS
B12: VALUATIONCURRENCY | C12: USD | D12: USD
B13: CURRENCY | C13: USD | D13: USD
B14: ACCRUALFREQUENCY | C14: Quarterly | D14: Quarterly
B15: ACCRUALBUSINESSDAYADJUSTMENT | C15: FOLLOWING | D15: FOLLOWING
B16: ACCRUALCALENDAR | C16: NYB:LNB | D16: NYB:LNB
B17: ACCRUALDAYCOUNT | C17: ACT/360 | D17: ACT/360
B18: PAYMENTFREQUENCY | C18: Quarterly | D18: Quarterly
B19: PAYMENTBUSINESSDAYADJUSTMENT | C19: FOLLOWING | D19: FOLLOWING
B20: PAYMENTCALENDAR | C20: NYB:LNB | D20: NYB:LNB
B21: PAYMENTLAG | C21: 0D | D21: 0D
B22: FIRSTSTUBDATE
B23: LASTSTUBDATE
B24: ROLLDAY | C24: NORMAL | D24: NORMAL
B25: STUBTYPE | C25: ShortStart | D25: ShortStart
B26: FIXINGBUSINESSDAYADJUSTMENT
B27: FIXINGCALENDAR
B28: FIXINGLAG
B29: FIXINGADVANCEORARREAR
B30: FIRSTSTUBCURVEINDEX
B31: LASTSTUBCURVEINDEX
B32: PAYMENTTRIGGER | D32: PAYONSURVIVAL

Sheet USD_TRS
B2: CREATE TRS
B3: SwapName | C3: TRS_0.15_FEB2028 | E3: {=_xll.meUtilityResize(IF(ISNUMBER(C20),_xll.meLWOSwapDisplayCashflows($C$4,B27:C29),"#WAIT"),100,30)} -> LEG1:PREMIUM Leg Schedule & Cashflows
B4: CreateTRS | C4: =_xll.meLWOSwapCreateFromGenerator(C3,C15,C7,C8,C9,C10,C11,C12) -> TRS_0.15_FEB2028@6:23 | E4: AccrualStart | F4: AccrualEnd | G4: AccrualDays | H4: AccrualYearFractions | I4: PaymentDate | J4: Notional | K4: NotionalExchange | L4: Leverage | M4: CDSSpread | N4: SurvivalProbability | O4: MarginalDefaultProbability | P4: PremiumCoupon | Q4: AccrualOnDefaultCoupon | R4: RiskyCoupon | S4: DiscountFactor | T4: CouponPV
I5: 43579 | K5: -10000000 | L5: 1 | Q5: 0 | R5: -10000000 | S5: 1 | T5: -10000000
B6: TRS TRADE PARAMETERS | E6: 43579 | F6: 43670 | G6: 91 | H6: 0.25277778 | I6: 43670 | J6: 10000000 | K6: 0 | L6: 1 | M6: 0.031228023 | N6: 0.99906179 | O6: 0.00093820781 | P6: 78863.444 | Q6: 37.029891 | R6: 78900.474 | S6: 0.99557517 | T6: 78551.352
B7: PayReceivePremium | C7: RECEIVE | E7: 43670 | F7: 43762 | G7: 92 | H7: 0.25555556 | I7: 43762 | J7: 10000000 | K7: 0 | L7: 1 | M7: 0.031228023 | N7: 0.99822602 | O7: 0.00083577193 | P7: 79663.376 | Q7: 33.349368 | R7: 79696.726 | S7: 0.99073316 | T7: 78958.189
B8: Notional | C8: 10000000 | E8: 43762 | F8: 43854 | G8: 92 | H8: 0.25555556 | I8: 43854 | J8: 10000000 | K8: 0 | L8: 1 | M8: 0.031228023 | N8: 0.99758162 | O8: 0.00064439872 | P8: 79611.95 | Q8: 25.713103 | R8: 79637.663 | S8: 0.98558951 | T8: 78490.045
B9: EffectiveDate | C9: =TODAY() -> 43579 | E9: 43854 | F9: 43945 | G9: 91 | H9: 0.25277778 | I9: 43945 | J9: 10000000 | K9: 0 | L9: 1 | M9: 0.031228023 | N9: 0.99682323 | O9: 0.00075839615 | P9: 78686.737 | Q9: 29.932949 | R9: 78716.67 | S9: 0.97703807 | T9: 76909.183
B10: MaturityDate | C10: =_xll.meDateFromTenor(C9,"2Y") -> 44310 | E10: 43945 | F10: 44036 | G10: 91 | H10: 0.25277778 | I10: 44036 | J10: 10000000 | K10: 0 | L10: 1 | M10: 0.031228023 | N10: 0.99587133 | O10: 0.00095189877 | P10: 78611.596 | Q10: 37.570256 | R10: 78649.167 | S10: 0.96843562 | T10: 76166.655
B11: FixedRate | C11: 0.031228023 | E11: 44036 | F11: 44130 | G11: 94 | H11: 0.26111111 | I11: 44130 | J11: 10000000 | K11: 0 | L11: 1 | M11: 0.031228023 | N11: 0.994889 | O11: 0.00098232562 | P11: 81123.089 | Q11: 40.049336 | R11: 81163.138 | S11: 0.96188855 | T11: 78069.893
B12: FloatSpread (bps) | C12: 20 | E12: 44130 | F12: 44221 | G12: 91 | H12: 0.25277778 | I12: 44221 | J12: 10000000 | K12: 0 | L12: 1 | M12: 0.031228023 | N12: 0.99393895 | O12: 0.00095005172 | P12: 78459.059 | Q12: 37.497355 | R12: 78496.557 | S12: 0.95764956 | T12: 75172.193
E13: 44221 | F13: 44312 | G13: 91 | H13: 0.25277778 | I13: 44312 | J13: 10000000 | K13: 10000000 | L13: 1 | M13: 0.031228023 | N13: 0.99295875 | O13: 0.00098019783 | P13: 78381.685 | Q13: 38.687185 | R13: 10008008 | S13: 0.95428416 | T13: 9550483.4
B14: MODEL INPUTS | E14: LEG2:FLOAT Leg Schedule & Cashflows
B15: SwapGenerator | C15: =USD_TRS_3ML -> USD_TRS@1:23 | E15: FixingDate | F15: AccrualStart | G15: AccrualEnd | H15: AccrualDays | I15: AccrualYearFractions | J15: PaymentDate | K15: Notional | L15: NotionalExchange | M15: Leverage | N15: FloatSpread | O15: FloatRate | P15: SurvivalProbability | Q15: MarginalDefaultProbability | R15: Coupon | S15: RiskyCoupon | T15: DiscountFactor | U15: CouponPV
B16: IRCurve | C16: USDYC | J16: 43579 | L16: 10000000 | M16: 1 | P16: 1 | Q16: 0 | R16: 10000000 | S16: 10000000 | T16: 1 | U16: 10000000
B17: CreditModel | C17: =CREDITMODEL!$C$4 -> CREDITMODEL1@20:1 | E17: 43579 | F17: 43579 | G17: 43670 | H17: 91 | I17: 0.25277778 | J17: 43670 | K17: -10000000 | L17: 0 | M17: 1 | N17: 20 | O17: 0.025875495 | P17: 0.99906179 | Q17: 0.00093820781 | R17: -70396.947 | S17: -70396.947 | T17: 0.99557517 | U17: -70085.452
E18: 43670 | F18: 43670 | G18: 43762 | H18: 92 | I18: 0.25555556 | J18: 43762 | K18: -10000000 | L18: 0 | M18: 1 | N18: 20 | O18: 0.02528445 | P18: 0.99841685 | Q18: 0.00064493825 | R18: -69616.54 | S18: -69616.54 | T18: 0.99073316 | U18: -68971.415
B19: PRICE RESULTS | E19: 43762 | F19: 43762 | G19: 43854 | H19: 92 | I19: 0.25555556 | J19: 43854 | K19: -10000000 | L19: 0 | M19: 1 | N19: 20 | O19: 0.024778292 | P19: 0.99777233 | Q19: 0.00064452191 | R19: -68280.966 | S19: -68280.966 | T19: 0.98558951 | U19: -67297.004
B20: Total PV | C20: =_xll.meLWOTotalReturnSwapPV($C$4,$C$17) -> 109221.01 | E20: 43854 | F20: 43854 | G20: 43945 | H20: 91 | I20: 0.25277778 | J20: 43945 | K20: -10000000 | L20: 0 | M20: 1 | N20: 20 | O20: 0.024249075 | P20: 0.99681953 | Q20: 0.00095280511 | R20: -66140.799 | S20: -66140.799 | T20: 0.97703807 | U20: -64622.079
B21: Leg1:Premium | C21: =_xll.meLWOTotalReturnSwapPV($C$4,$C$17,B21) -> 92800.906 | E21: 43945 | F21: 43945 | G21: 44036 | H21: 91 | I21: 0.25277778 | J21: 44036 | K21: -10000000 | L21: 0 | M21: 1 | N21: 20 | O21: 0.023265127 | P21: 0.99586763 | Q21: 0.00095189524 | R21: -63600.715 | S21: -63600.715 | T21: 0.96843562 | U21: -61593.199
B22: Leg2:Float | C22: =_xll.meLWOTotalReturnSwapPV($C$4,$C$17,B22) -> 16420.105 | E22: 44036 | F22: 44036 | G22: 44130 | H22: 94 | I22: 0.26111111 | J22: 44130 | K22: -10000000 | L22: 0 | M22: 1 | N22: 20 | O22: 0.022474452 | P22: 0.99488531 | Q22: 0.00098232197 | R22: -63578.657 | S22: -63578.657 | T22: 0.96188855 | U22: -61155.583
B23: ParRate | C23: =_xll.meLWOTotalReturnSwapParRate(C4,C17) -> 0.025701424 | E23: 44130 | F23: 44130 | G23: 44221 | H23: 91 | I23: 0.25277778 | J23: 44221 | K23: -10000000 | L23: 0 | M23: 1 | N23: 20 | O23: 0.022002377 | P23: 0.99393526 | Q23: 0.00095004819 | R23: -60304.711 | S23: -60304.711 | T23: 0.95764956 | U23: -57750.78
B24: ParSpread | C24: =_xll.meLWOTotalReturnSwapParSpread(C4,C17) -> 75.288146 | E24: 44221 | F24: 44221 | G24: 44312 | H24: 91 | I24: 0.25277778 | J24: 44312 | K24: -10000000 | L24: -10000000 | M24: 1 | N24: 20 | O24: 0.021784174 | P24: 0.99290538 | Q24: 0.0010298773 | R24: -9988748.4 | S24: -9988748.4 | T24: 0.95428416 | U24: -9532104.4
B26: CASHFLOW DISPLAY INPUTS
B27: =TRS_GENERATOR!C6 -> Leg1:Premium | C27: =C16 -> USDYC
B28: =TRS_GENERATOR!D6 -> Leg2:Float | C28: =C16 -> USDYC
B29: CreditModel | C29: =C17 -> CREDITMODEL1@20:1
E47: =_xll.meLWOSwapCreateFromGenerator("TestCDS","USD_CDS","Pay",1000000,COB,C10,1%,0) -> TESTCDS@7:23

Sheet BESPOKE TRS
B2: CREATE GENERATOR | F2: CREATE TRS
B3: GeneratorName | C3: USD_TREASURY | F3: SwapName | G3: TRS_USD_CT10
B4: Create Generator | C4: =_xll.meLWOSwapGeneratorCreate(C3,$B$7:$D$32) -> USD_TREASURY@2:23 | F4: CreateTRS | G4: =_xll.meLWOSwapCreateFromGenerator(G3,G15,G7,G8,G9,G10,G11,G12) -> TRS_USD_CT10@4:23
B6: GENERATOR TEMPLATE | F6: TRS TRADE PARAMETERS
B7: LEGTYPE | C7: Leg1:Premium | D7: Leg2:Float | F7: PayReceivePremium | G7: RECEIVE
B8: LEVERAGE | C8: 1 | D8: 1 | F8: Notional | G8: 10000000
B9: FORECASTCURVE | D9: USD6ML | F9: EffectiveDate | G9: =_xll.meDateFromTenor(COB,H9,"FOLLOWING","NYB") -> 43581 | H9: 2D
B10: COMPOUNDMETHOD | C10: NONE | D10: NONE | F10: MaturityDate | G10: =_xll.meDateFromTenor(COB,H10) -> 47232 | H10: 10Y | I10: Unadjusted
B11: NOTIONALEXCHANGE | C11: START_AND_END | D11: START_AND_END | F11: FixedRate | G11: 0.0275
B12: DISCOUNTCURVE | C12: USDOIS | D12: USDOIS | F12: FloatSpread (bps) | G12: 239.34
B13: VALUATIONCURRENCY | C13: USD | D13: USD
B14: CURRENCY | C14: USD | D14: USD | F14: MODEL INPUTS
B15: ACCRUALFREQUENCY | C15: SEMI-ANNUAL | D15: SEMI-ANNUAL | F15: SwapGenerator | G15: =C4 -> USD_TREASURY@2:23
B16: ACCRUALBUSINESSDAYADJUSTMENT | C16: FOLLOWING | D16: FOLLOWING | F16: IRCurve | G16: =USD3ML!D28 -> USDYC
B17: ACCRUALCALENDAR | C17: NYB | D17: NYB | F17: CreditModel | G17: =CREDITMODEL!$C$4 -> CREDITMODEL1@20:1
B18: ACCRUALDAYCOUNT | C18: ACT/360 | D18: ACT/360
B19: PAYMENTFREQUENCY | C19: SEMI-ANNUAL | D19: SEMI-ANNUAL | F19: PRICE RESULTS
B20: PAYMENTBUSINESSDAYADJUSTMENT | C20: FOLLOWING | D20: FOLLOWING | F20: Total PV | G20: =_xll.meLWOTotalReturnSwapPV($G$4,$G$17) -> -2450948.9
B21: PAYMENTCALENDAR | C21: NYB | D21: NYB:LNB | F21: Leg1:Premium | G21: =_xll.meLWOTotalReturnSwapPV($G$4,$G$17,F21) -> -152315.77
B22: PAYMENTLAG | C22: 0D | D22: 0D | F22: Leg2:Float | G22: =_xll.meLWOTotalReturnSwapPV($G$4,$G$17,F22) -> -2298633.1
B23: FIRSTSTUBDATE | F23: ParRate | G23: =_xll.meLWOTotalReturnSwapParRate(G4,G17) -> 0.055429286
B24: LASTSTUBDATE | F24: ParSpread | G24: =_xll.meLWOTotalReturnSwapParSpread(G4,G17) -> -33.86244
B25: ROLLDAY | C25: NORMAL | D25: NORMAL
B26: STUBTYPE | C26: SHORTSTART | D26: SHORTSTART
B27: FIXINGBUSINESSDAYADJUSTMENT
B28: FIXINGCALENDAR
B29: FIXINGLAG
B30: FIXINGADVANCEORARREAR
B31: FIRSTSTUBCURVEINDEX
B32: LASTSTUBCURVEINDEX
