Workbook
Name allowTradeUpdates: [1]Settings!$K$4
Name CurveCollection: 'OIS - USDOIS'!$D$8
Name CurveCollection: 'SWAP - USD3ML'!$D$9
Name enableCurveRepricing: [1]Settings!$M$4
Name enableGlobalCalibration: [1]Settings!$E$4
Name isUSD3MLLoaded: '[1]USD SWAP 3ML'!$U$32
Name Settings.COB: [1]Settings!$C$4
Name Settings.PulseFrequency: [1]Settings!$O$2

Sheet OIS - USDOIS
C3: MARKETDATAPROPERTIES | F3: OIS | L3: LIBOROISBASISSPREADS | O3: SWAPS
F4: Term | G4: Rate | H4: StartDate | I4: EndDate | J4: Use | L4: Term | M4: Rate | O4: Term | P4: Rate
C5: Currency | D5: USD | F5: ON | G5: 0.0155 | J5: TRUE | L5: 1Y | M5: 0.00253125 | O5: 1Y | P5: 0.017244
C6: CurveType | D6: OIS | F6: 1W | G6: 0.01541 | J6: TRUE | L6: 2Y | M6: 0.00240625 | O6: 2Y | P6: 0.016133
C7: CurveIndexFrequency | D7: DAILY | F7: 2W | G7: 0.01554 | J7: TRUE | L7: 3Y | M7: 0.0023375 | O7: 3Y | P7: 0.015848
C8: AsOfDate | D8: 43812 | F8: 3W | G8: 0.01567 | J8: TRUE | L8: 4Y | M8: 0.0022875 | O8: 4Y | P8: 0.01584
F9: 1M | G9: 0.01563 | J9: TRUE | L9: 5Y | M9: 0.002275 | O9: 5Y | P9: 0.015964
F10: 2M | G10: 0.01557 | J10: TRUE | L10: 7Y | M10: 0.00224375 | O10: 7Y | P10: 0.016361
C11: Create Market Data Handle | F11: 3M | G11: 0.015548 | J11: TRUE | L11: 10Y | M11: 0.002225 | O11: 10Y | P11: 0.017186
C12: Handle Name | D12: USD_OIS_CURVE_MARKETDATA | F12: 4M | G12: 0.015442 | J12: TRUE | L12: 12Y | M12: 0.002213 | O12: 12Y | P12: 0.017693
C13: Market Data Handle | D13: =_xll.meLWOCurveMarketDataCreate(D12,C3,C5:D8,F3,F5:J26,L3,L5:M26,O3,O5:P26) -> USD_OIS_CURVE_MARKETDATA@2:0 | F13: 5M | G13: 0.015325 | J13: TRUE | L13: 15Y | M13: 0.002225 | O13: 15Y | P13: 0.018256
F14: 6M | G14: 0.015225 | J14: TRUE | L14: 20Y | M14: 0.0022125 | O14: 20Y | P14: 0.018835
F15: 9M | G15: 0.014889 | J15: TRUE | L15: 25Y | M15: 0.00221875 | O15: 25Y | P15: 0.019031
C16: Curve Dictionary | F16: 1Y | G16: 0.014496 | J16: TRUE | L16: 30Y | M16: 0.002225 | O16: 30Y | P16: 0.019067
C17: Handle Name | D17: USD_OIS_CURVE | F17: 2Y | G17: 0.01354 | J17: TRUE
C18: Curve Generator | D18: =C31 -> USD_OIS_WITH_RISK@1:0 | F18: 3Y | G18: 0.01334 | J18: TRUE
C19: Domestic Curve Collection | D19: USDYC | F19: 4Y | G19: 0.01337 | J19: TRUE
C20: Foreign Curve Collection | F20: 5Y | G20: 0.01353 | J20: TRUE
C22: Curve Build
C23: Handle Name | D23: {=_xll.meLWOCurveCalibrate(D17,D18,D13,D19,D20)} -> USD_OIS_CURVE@3:0
C24: Curve Collection | D24: USDYC
C25: Curve Index | D25: OIS:USDOIS
C26: Calibration Time Taken | D26: 0.77000 sec
C27: Curve Loaded | D27: =_xll.meLWOExists(D23,"CURVE") -> TRUE
C30: Create Curve Generator | D30: JacobianBuildFrequency | F30: Flat-Shift Curve
C31: =_xll.meLWOCurveGeneratorCreate("USD_OIS_WITH_RISK",C33,C34:D44,C46,C47:D63,C65,C66:D69,C71,C72:D75) -> USD_OIS_WITH_RISK@1:0 | D31: ONCE | F31: 1=meLWOCurveBumpAll(D23,0.01%,TRUE)
C33: CURVEPROPERTIES
C34: CurveType | D34: OIS
C35: CurveIndexFrequency | D35: DAILY
C36: StaticDataTable | D36: OIS
C37: IndexName | D37: OIS:USDOIS
C38: Currency | D38: USD
C39: interpolation | D39: FN_SPLINEINTERPOLATION
C40: yieldgen.interpolation | D40: FN_SPLINEINTERPOLATION
C41: JacobianBuildFrequency | D41: =D31 -> ONCE
C42: JacobianShiftType | D42: PERTURBED
C43: JacobianGradientShiftSize | D43: 0.0001
C44: JacobianMarketDataShiftSize | D44: 0.0001
C46: OIS
C47: calendar | D47: NYB
C48: daycount | D48: ACT/360
C49: frequency | D49: ANNUAL
C50: generatemethod | D50: DAILYCOMPOUNDING
C51: resetlag | D51: 2D
C52: firstrate | D52: SHORTMARKET
C53: slidingrule | D53: MOD_FOLLOWING
C54: eomday | D54: 31
C55: iseomroll | D55: TRUE
C56: shorttermconvention | D56: ARITHMETICAVERAGE
C57: longtermconvention | D57: LOBASIS
C58: longterm | D58: 1Y
... C63: SmoothShortEnd | D63: FALSE
C65: LIBOROISBASIS
C66: Calendar | D66: LNB:NYB
C67: Daycount | D67: ACT/360
C68: Frequency | D68: QUARTERLY
C69: SlidingRule | D69: MOD_FOLLOWING
C71: SWAPS
C72: calendar | D72: LNB:NYB
C73: daycountfix | D73: 30/360
C74: frequencyfix | D74: SEMI-ANNUAL
C75: slidingrule | D75: MOD_FOLLOWING

Sheet SWAP - USD3ML
C3: MARKETDATAPROPERTIES | F3: LIBORFIXINGS | I3: FUTURES | O3: SWAPS
C4: Currency | D4: USD | F4: Term | G4: Rate | I4: Term | J4: StartDate | K4: EndDate | L4: Rate | M4: Volatility | O4: Term | P4: Rate | Q4: Use
C5: CurveType | D5: SWAP | F5: 1M | G5: 0.0173975 | I5: ED1 Comdty | J5: 43817 | K5: 43908 | L5: 98.105 | M5: 0.0145 | O5: 3Y | P5: 0.015848 | Q5: TRUE
C6: CurveIndexFrequency | D6: QUARTERLY | F6: 3M | G6: 0.0189363 | I6: ED2 Comdty | J6: 43908 | K6: 43999 | L6: 98.29 | M6: 0.0145 | O6: 4Y | P6: 0.01584 | Q6: TRUE
C7: AsOfDate | D7: 43812 | F7: 6M | G7: 0.0188638 | I7: ED3 Comdty | J7: 43999 | K7: 44090 | L7: 98.385 | M7: 0.0145 | O7: 5Y | P7: 0.015964 | Q7: TRUE
F8: 12M | G8: 0.0193288 | I8: ED4 Comdty | J8: 44090 | K8: 44181 | L8: 98.46 | M8: 0.0145 | O8: 7Y | P8: 0.016361 | Q8: TRUE
I9: ED5 Comdty | J9: 44181 | K9: 44272 | L9: 98.465 | M9: 0.0145 | O9: 8Y | P9: 0.016623 | Q9: TRUE
I10: ED6 Comdty | J10: 44272 | K10: 44363 | L10: 98.535 | M10: 0.0145 | O10: 9Y | P10: 0.016902 | Q10: TRUE
C11: Create Market Data Handle | I11: ED7 Comdty | J11: 44363 | K11: 44454 | L11: 98.535 | M11: 0.0145 | O11: 10Y | P11: 0.017186 | Q11: TRUE
C12: Handle Name | D12: USD_SWAP_3M_CURVE_MARKETDATA | I12: ED8 Comdty | J12: 44454 | K12: 44545 | L12: 98.535 | M12: 0.0145 | O12: 12Y | P12: 0.017693 | Q12: TRUE
C13: Market Data Handle | D13: =_xll.meLWOCurveMarketDataCreate(D12,C3,C4:D9,F3,F5:G9,I3,I5:M27,O3,O5:Q27) -> USD_SWAP_3M_CURVE_MARKETDATA@5:0 | O13: 15Y | P13: 0.018256 | Q13: TRUE
O14: 20Y | P14: 0.018835 | Q14: TRUE
O15: 25Y | P15: 0.019031 | Q15: TRUE
C16: Curve Dictionary | O16: 30Y | P16: 0.019067 | Q16: TRUE
C17: Handle Name | D17: USD_SWAP_3M_CURVE
C18: Curve Generator | D18: =C32 -> USD_SWAP_3M_WITH_RISK@4:0
C19: Domestic Curve Collection | D19: USDYC
C20: Foreign Curve Collection
C23: Curve Build
C24: Handle Name | D24: {=IF('OIS - USDOIS'!$D$27,_xll.meLWOCurveCalibrate(D17,D18,D13,D19,D20),"#LOAD OIS CURVE")} -> USD_SWAP_3M_CURVE@6:0
C25: Curve Collection | D25: USDYC
C26: Curve Index | D26: STD:USD3ML
C27: Calibration Time Taken | D27: 0.25100 sec
C28: Curve Loaded | D28: =_xll.meLWOExists(D24,"CURVE") -> TRUE
C31: Create Curve Generator | D31: JacobianBuildFrequency | F31: Flat-Shift Curve
C32: =_xll.meLWOCurveGeneratorCreate("USD_SWAP_3M_WITH_RISK",C34,C35:D52,C54,C55:D57,C59,C60:D64,C66,C67:D67,C69,C70:D76,C78,C79:D91) -> USD_SWAP_3M_WITH_RISK@4:0 | D32: ONCE | F32: 1=meLWOCurveBumpAll(D24,0.01%,TRUE)
C34: CURVEPROPERTIES
C35: CurveType | D35: SWAP
C36: CurveIndexFrequency | D36: QUARTERLY
C37: StaticDataTable | D37: STD
C38: IndexName | D38: STD:USD3ML
C39: Currency | D39: USD
C40: interpolation | D40: FN_LINEARSPLINEINTERPOLATION
C41: yieldgen.interpolation | D41: FN_LINEARSPLINEINTERPOLATION
C42: future.interpolation | D42: FN_LINEARSPLINEINTERPOLATION
C43: isfrause | D43: FALSE
C44: isfutureuse | D44: TRUE
C45: Frequency | D45: SIMPLE
C46: dfcurvename | D46: OIS
... C48: FastRebuild | D48: TRUE
C49: JacobianBuildFrequency | D49: =D32 -> ONCE
C50: JacobianShiftType | D50: PERTURBED
C51: JacobianGradientShiftSize | D51: 0.0001
C52: JacobianMarketDataShiftSize | D52: 0.0001
C54: MONEYMARKET
C55: calendar | D55: NYB
C56: daycount | D56: Act/360
C57: slidingrule | D57: FOLLOWING
C59: LIBORFIXINGS
C60: calendar | D60: LNB:NYB
C61: daycount | D61: Act/360
C62: frequency | D62: simple
C63: resetlag | D63: 2
C64: slidingrule | D64: MOD_FOLLOWING
C66: FRAS
C67: Calendar | D67: LNB:NYB
C69: FUTURES
C70: calendar | D70: NYB
C71: daycount | D71: Act/360
C72: resetlag | D72: 2
C73: slidingrule | D73: MOD_FOLLOWING
C74: MeanReversion | D74: 0.03
C75: ApplyTension | D75: FALSE
C76: TensionGap | D76: 2
C78: SWAPS
C79: Calendar | D79: LNB:NYB
C80: DayCount | D80: 30/360
C81: DayCountFloat | D81: ACT/360
C82: Frequency | D82: Semi-Annual
C83: FrequencyFloat | D83: Quarterly
C84: IsEomRoll | D84: TRUE
C85: EomDay | D85: 31
C86: IsNewtonraphson | D86: TRUE
C87: Resetlag | D87: 2
C88: SlidingRule | D88: MOD_FOLLOWING
C89: issimultaneouseq | D89: TRUE
C90: Epsilon | D90: 1e-09
C91: MaxLoop | D91: 1000

Sheet BASIS - USD6ML
B2: MARKETDATAPROPERTIES | E2: BASISSWAPS
B3: Currency | C3: USD | E3: Term | F3: Rate
B4: CurveType | C4: TENORBASIS | E4: 1Y | F4: 0.0006625
B5: CurveIndexFrequency | C5: SEMI-ANNUAL | E5: 2Y | F5: 0.0006125
B6: AsOfDate | C6: 43812 | E6: 3Y | F6: 0.0005875
E7: 4Y | F7: 0.000625
B8: CREATE MARKET DATA HANDLE | E8: 5Y | F8: 0.00065
B9: Handle Name | C9: USD_BASIS_3X6_MARKETDATA | E9: 6Y | F9: 0.000675
B10: Market Data Handle | C10: =_xll.meLWOCurveMarketDataCreate(C9,B2,B3:C6,E2,E4:F23) -> USD_BASIS_3X6_MARKETDATA@8:0 | E10: 7Y | F10: 0.0007
E11: 8Y | F11: 0.000725
E12: 9Y | F12: 0.0007375
B13: CURVE DICTIONARY | E13: 10Y | F13: 0.0007625
B14: HandleName | C14: USD_BASIS_6M_CURVE | E14: 12Y | F14: 0.0008
B15: CurveGenerator | C15: =B28 -> USD_BASIS_3X6_WITH_RISK@7:0 | E15: 15Y | F15: 0.0008375
B16: DomesticCurve | C16: USDYC | E16: 20Y | F16: 0.0008625
B17: ForeignCurve | E17: 25Y | F17: 0.0008875
E18: 30Y | F18: 0.0009
B19: CREATE CURVE HANDLE
B20: Handle Name | C20: {=IF('SWAP - USD3ML'!$D$28,_xll.meLWOCurveCalibrate(C14,C15,C10,C16,C17),"#LOAD SWAP CURVE")} -> USD_BASIS_6M_CURVE@9:0
B21: Curve Collection | C21: USDYC
B22: Curve Index | C22: 3M6MBasis:USD6ML
B23: Calibration Time Taken | C23: 0.14800 sec
B24: IsCurveLoaded | C24: =_xll.meLWOExists(C20,"CURVE") -> TRUE
B27: Create Curve Generator | C27: JacobianBuildFrequency
B28: =_xll.meLWOCurveGeneratorCreate("USD_BASIS_3X6_WITH_RISK",B30,B31:C44,B46,B47:C52,B55,B56:C97) -> USD_BASIS_3X6_WITH_RISK@7:0 | C28: ONCE
B30: CURVEPROPERTIES
B31: Currency | C31: USD
B32: CurveType | C32: TENORBASIS
B33: CurveIndexFrequency | C33: SEMI-ANNUAL
B34: StaticDataTable | C34: 3M6MBasis
B35: IndexName | C35: 3M6MBasis:USD6ML
B36: interpolation | C36: FN_SPLINEINTERPOLATION
B37: yieldgen.interpolation | C37: FN_SPLINEINTERPOLATION
B38: basis.interpolation | C38: FN_SPLINEINTERPOLATION
B39: isFwdBasis | C39: FALSE
B40: dfCurveName | C40: OIS
B41: JacobianBuildFrequency | C41: =C28 -> ONCE
B42: JacobianShiftType | C42: PERTURBED
B43: JacobianGradientShiftSize | C43: 0.0001
B44: JacobianMarketDataShiftSize | C44: 0.0001
B46: FRAS
B47: Calendar | C47: LNB:NYB
B48: DayCount | C48: ACT/360
B49: ResetLag | C49: 2
B50: SlidingRule | C50: MOD_FOLLOWING
B51: ApplyTension | C51: FALSE
B52: TensionGap | C52: 2
B55: BASISSWAPS
B56: MarketName | C56: 3M6MBasis
B57: IsLeg1Spread | C57: FALSE
B58: Leg1cashlet.calendar | C58: LNB:NYB
B59: Leg1cashlet.daycount | C59: ACT/360
B60: Leg1cashlet.frequency | C60: SEMI-ANNUAL
B61: Leg1cashlet.slidingrule | C61: MOD_FOLLOWING
B62: Leg1cashlet.spotlag | C62: 2
B63: Leg1forecast | C63: STD
B64: Leg1discount | C64: OIS
B65: Leg1index.accessary | C65: 6M
B66: Leg1index.daycount | C66: ACT/360
B67: Leg1index.fixing.calendar | C67: LNB:NYB
B68: Leg1index.frequency | C68: SIMPLE
B69: Leg1index.payment.calendar | C69: LNB:NYB
B70: Leg1index.resetlag | C70: 2
B71: Leg1index.slidingrule | C71: MOD_FOLLOWING
B72: Leg2cashlet.calendar | C72: LNB:NYB
B73: Leg2cashlet.daycount | C73: ACT/360
B74: Leg2cashlet.frequency | C74: QUARTERLY
B75: Leg2cashlet.frequencycompound | C75: SEMI-ANNUAL
B76: Leg2cashlet.slidingrule | C76: MOD_FOLLOWING
B77: Leg2cashlet.spotlag | C77: 2
B78: Leg2forecast | C78: AGAINST:USD3ML
B79: Leg2discount | C79: AGAINST:OIS
B80: Leg2index.accessary | C80: 3M
B81: Leg2index.daycount | C81: ACT/360
B82: Leg2index.fixing.calendar | C82: LNB:NYB
B83: Leg2index.frequency | C83: SIMPLE
B84: Leg2index.payment.calendar | C84: LNB:NYB
B85: Leg2index.resetlag | C85: 2
B86: Leg2index.slidingrule | C86: MOD_FOLLOWING
B87: Target | C87: Leg1Forecast
B88: isSimultaneousEq | C88: TRUE
B89: fwdinterpolation | C89: FN_SPLINEINTERPOLATION
B90: isSameGridIndex | C90: TRUE
B91: SpotRateTerm | C91: 6M
B92: isYieldSpreadCalc | C92: FALSE
B93: Epsilon | C93: 1e-09
B94: MaxLoop | C94: 1000
B95: isFwdInter | C95: FALSE
B96: IsEOMRoll | C96: TRUE
B97: eomday | C97: 31

Sheet JACOBIAN - OIS USDOIS
C2: CurveResults | F2: Select Curve Index | I2: Select Risk Type
B3: CurveCollection | C3: USDYC | F3: USDOIS | I3: Discount_Factors
B4: CurveIndex | C4: USDOIS | F4: USD3ML | I4: Forward_Rates
B5: RiskType | C5: =I3 -> Discount_Factors | F5: USD6ML
B7: {=_xll.meUtilityResize(_xll.meCurveResultsJacobianDisplay(C3,C4,C5),8000,50)} -> RiskType | C7: DISCOUNT_FACTORS
B8: ShiftType | C8: PERTURBED
B9: GradientShiftSize | C9: 0.0001
B11: OutrightInstrument | C11: TRUE | D11: TRUE | E11: TRUE | F11: TRUE | G11: TRUE | H11: TRUE | I11: TRUE | J11: TRUE | K11: TRUE | L11: TRUE | M11: TRUE | N11: TRUE | O11: TRUE | P11: TRUE | Q11: TRUE | R11: TRUE | S11: FALSE | T11: FALSE | U11: FALSE | V11: FALSE | W11: FALSE | X11: FALSE | Y11: FALSE | Z11: FALSE | AA11: FALSE | AB11: FALSE | AC11: FALSE | AD11: FALSE | AE11: TRUE | AF11: TRUE | AG11: TRUE | AH11: TRUE | AI11: TRUE | AJ11: TRUE | AK11: TRUE | AL11: TRUE | AM11: TRUE | AN11: TRUE | AO11: TRUE | AP11: TRUE
B12: MarketDataShiftSize | C12: 0.0001 | D12: 0.0001 | E12: 0.0001 | F12: 0.0001 | G12: 0.0001 | H12: 0.0001 | I12: 0.0001 | J12: 0.0001 | K12: 0.0001 | L12: 0.0001 | M12: 0.0001 | N12: 0.0001 | O12: 0.0001 | P12: 0.0001 | Q12: 0.0001 | R12: 0.0001 | S12: 0.0001 | T12: 0.0001 | U12: 0.0001 | V12: 0.0001 | W12: 0.0001 | X12: 0.0001 | Y12: 0.0001 | Z12: 0.0001 | AA12: 0.0001 | AB12: 0.0001 | AC12: 0.0001 | AD12: 0.0001 | AE12: 0.0001 | AF12: 0.0001 | AG12: 0.0001 | AH12: 0.0001 | AI12: 0.0001 | AJ12: 0.0001 | AK12: 0.0001 | AL12: 0.0001 | AM12: 0.0001 | AN12: 0.0001 | AO12: 0.0001 | AP12: 0.0001
C14: Instrument
B15: PaymentDate | C15: OIS_ON | D15: OIS_1W | E15: OIS_2W | F15: OIS_3W | G15: OIS_1M | H15: OIS_2M | I15: OIS_3M | J15: OIS_4M | K15: OIS_5M | L15: OIS_6M | M15: OIS_9M | N15: OIS_1Y | O15: OIS_2Y | P15: OIS_3Y | Q15: OIS_4Y | R15: OIS_5Y | S15: LIBOROIS_1Y | T15: LIBOROIS_2Y | U15: LIBOROIS_3Y | V15: LIBOROIS_4Y | W15: LIBOROIS_5Y | X15: LIBOROIS_7Y | Y15: LIBOROIS_10Y | Z15: LIBOROIS_12Y | AA15: LIBOROIS_15Y | AB15: LIBOROIS_20Y | AC15: LIBOROIS_25Y | AD15: LIBOROIS_30Y | AE15: SWAP_1Y | AF15: SWAP_2Y | AG15: SWAP_3Y | AH15: SWAP_4Y | AI15: SWAP_5Y | AJ15: SWAP_7Y | AK15: SWAP_10Y | AL15: SWAP_12Y | AM15: SWAP_15Y | AN15: SWAP_20Y | AO15: SWAP_25Y | AP15: SWAP_30Y
B16: 43812 | C16: 0 | D16: 0 | E16: 0 | F16: 0 | G16: 0 | H16: 0 | I16: 0 | J16: 0 | K16: 0 | L16: 0 | M16: 0 | N16: 0 | O16: 0 | P16: 0 | Q16: 0 | R16: 0 | S16: 0 | T16: 0 | U16: 0 | V16: 0 | W16: 0 | X16: 0 | Y16: 0 | Z16: 0 | AA16: 0 | AB16: 0 | AC16: 0 | AD16: 0 | AE16: 0 | AF16: 0 | AG16: 0 | AH16: 0 | AI16: 0 | AJ16: 0 | AK16: 0 | AL16: 0 | AM16: 0 | AN16: 0 | AO16: 0 | AP16: 0
B17: 43815 | C17: -8.331174e-07 | D17: 0 | E17: 0 | F17: 0 | G17: 0 | H17: 0 | I17: 0 | J17: 0 | K17: 0 | L17: 0 | M17: 0 | N17: 0 | O17: 0 | P17: 0 | Q17: 0 | R17: 0 | S17: 0 | T17: 0 | U17: 0 | V17: 0 | W17: 0 | X17: 0 | Y17: 0 | Z17: 0 | AA17: 0 | AB17: 0 | AC17: 0 | AD17: 0 | AE17: 0 | AF17: 0 | AG17: 0 | AH17: 0 | AI17: 0 | AJ17: 0 | AK17: 0 | AL17: 0 | AM17: 0 | AN17: 0 | AO17: 0 | AP17: 0
B18: 43816 | C18: -1.1107992e-06 | D18: 0 | E18: 0 | F18: 0 | G18: 0 | H18: 0 | I18: 0 | J18: 0 | K18: 0 | L18: 0 | M18: 0 | N18: 0 | O18: 0 | P18: 0 | Q18: 0 | R18: 0 | S18: 0 | T18: 0 | U18: 0 | V18: 0 | W18: 0 | X18: 0 | Y18: 0 | Z18: 0 | AA18: 0 | AB18: 0 | AC18: 0 | AD18: 0 | AE18: 0 | AF18: 0 | AG18: 0 | AH18: 0 | AI18: 0 | AJ18: 0 | AK18: 0 | AL18: 0 | AM18: 0 | AN18: 0 | AO18: 0 | AP18: 0
B19: 43823 | C19: -1.1104665e-06 | D19: -1.9429413e-06 | E19: 0 | F19: 0 | G19: 0 | H19: 0 | I19: 0 | J19: 0 | K19: 0 | L19: 0 | M19: 0 | N19: 0 | O19: 0 | P19: 0 | Q19: 0 | R19: 0 | S19: 0 | T19: 0 | U19: 0 | V19: 0 | W19: 0 | X19: 0 | Y19: 0 | Z19: 0 | AA19: 0 | AB19: 0 | AC19: 0 | AD19: 0 | AE19: 0 | AF19: 0 | AG19: 0 | AH19: 0 | AI19: 0 | AJ19: 0 | AK19: 0 | AL19: 0 | AM19: 0 | AN19: 0 | AO19: 0 | AP19: 0
B20: 43830 | C20: -1.1101283e-06 | D20: 0 | E20: -3.8835088e-06 | F20: 1.110223e-15 | G20: 1.110223e-15 | H20: 1.110223e-15 | I20: 1.110223e-15 | J20: 1.110223e-15 | K20: 1.110223e-15 | L20: 1.110223e-15 | M20: 1.110223e-15 | N20: 1.110223e-15 | O20: 1.110223e-15 | P20: 1.110223e-15 | Q20: 1.110223e-15 | R20: 1.110223e-15 | S20: 1.110223e-15 | T20: 1.110223e-15 | U20: 1.110223e-15 | V20: 1.110223e-15 | W20: 1.110223e-15 | X20: 1.110223e-15 | Y20: 1.110223e-15 | Z20: 1.110223e-15 | AA20: 1.110223e-15 | AB20: 1.110223e-15 | AC20: 1.110223e-15 | AD20: 1.110223e-15 | AE20: 1.110223e-15 | AF20: 1.110223e-15 | AG20: 1.110223e-15 | AH20: 1.110223e-15 | AI20: 1.110223e-15 | AJ20: 1.110223e-15 | AK20: 1.110223e-15 | AL20: 1.110223e-15 | AM20: 1.110223e-15 | AN20: 1.110223e-15 | AO20: 1.110223e-15 | AP20: 1.110223e-15
B21: 43837 | C21: -1.1097848e-06 | D21: 0 | E21: 0 | F21: -5.821647e-06 | G21: 0 | H21: 0 | I21: 0 | J21: 0 | K21: 0 | L21: 0 | M21: 0 | N21: 0 | O21: 0 | P21: 0 | Q21: 0 | R21: 0 | S21: 0 | T21: 0 | U21: 0 | V21: 0 | W21: 0 | X21: 0 | Y21: 0 | Z21: 0 | AA21: 0 | AB21: 0 | AC21: 0 | AD21: 0 | AE21: 0 | AF21: 0 | AG21: 0 | AH21: 0 | AI21: 0 | AJ21: 0 | AK21: 0 | AL21: 0 | AM21: 0 | AN21: 0 | AO21: 0 | AP21: 0
B22: 43847 | C22: -1.1093062e-06 | D22: 0 | E22: 0 | F22: 0 | G22: -8.5864255e-06 | H22: 0 | I22: 0 | J22: 0 | K22: 0 | L22: 0 | M22: 0 | N22: 0 | O22: 0 | P22: 0 | Q22: 0 | R22: 0 | S22: 0 | T22: 0 | U22: 0 | V22: 0 | W22: 0 | X22: 0 | Y22: 0 | Z22: 0 | AA22: 0 | AB22: 0 | AC22: 0 | AD22: 0 | AE22: 0 | AF22: 0 | AG22: 0 | AH22: 0 | AI22: 0 | AJ22: 0 | AK22: 0 | AL22: 0 | AM22: 0 | AN22: 0 | AO22: 0 | AP22: 0
B23: 43879 | C23: -1.1077808e-06 | D23: 0 | E23: 0 | F23: 0 | G23: 0 | H23: -1.7401721e-05 | I23: 0 | J23: 0 | K23: 0 | L23: 0 | M23: 0 | N23: 0 | O23: 0 | P23: 0 | Q23: 0 | R23: 0 | S23: 0 | T23: 0 | U23: 0 | V23: 0 | W23: 0 | X23: 0 | Y23: 0 | Z23: 0 | AA23: 0 | AB23: 0 | AC23: 0 | AD23: 0 | AE23: 0 | AF23: 0 | AG23: 0 | AH23: 0 | AI23: 0 | AJ23: 0 | AK23: 0 | AL23: 0 | AM23: 0 | AN23: 0 | AO23: 0 | AP23: 0
B24: 43907 | C24: -1.1064507e-06 | D24: 0 | E24: 0 | F24: 0 | G24: 0 | H24: 0 | I24: -2.50753e-05 | J24: 0 | K24: 0 | L24: 0 | M24: 0 | N24: 0 | O24: 0 | P24: 0 | Q24: 0 | R24: 0 | S24: 0 | T24: 0 | U24: 0 | V24: 0 | W24: 0 | X24: 0 | Y24: 0 | Z24: 0 | AA24: 0 | AB24: 0 | AC24: 0 | AD24: 0 | AE24: 0 | AF24: 0 | AG24: 0 | AH24: 0 | AI24: 0 | AJ24: 0 | AK24: 0 | AL24: 0 | AM24: 0 | AN24: 0 | AO24: 0 | AP24: 0
B25: 43938 | C25: -1.1050165e-06 | D25: 0 | E25: 0 | F25: 0 | G25: 0 | H25: 0 | I25: 0 | J25: -3.3530059e-05 | K25: 0 | L25: 0 | M25: 0 | N25: 0 | O25: 0 | P25: 0 | Q25: 0 | R25: 0 | S25: 0 | T25: 0 | U25: 0 | V25: 0 | W25: 0 | X25: 0 | Y25: 0 | Z25: 0 | AA25: 0 | AB25: 0 | AC25: 0 | AD25: 0 | AE25: 0 | AF25: 0 | AG25: 0 | AH25: 0 | AI25: 0 | AJ25: 0 | AK25: 0 | AL25: 0 | AM25: 0 | AN25: 0 | AO25: 0 | AP25: 0
B26: 43969 | C26: -1.1036113e-06 | D26: 0 | E26: 0 | F26: 0 | G26: 0 | H26: 0 | I26: 0 | J26: 0 | K26: -4.1942751e-05 | L26: 0 | M26: 0 | N26: 0 | O26: 0 | P26: 0 | Q26: 0 | R26: 0 | S26: 0 | T26: 0 | U26: 0 | V26: 0 | W26: 0 | X26: 0 | Y26: 0 | Z26: 0 | AA26: 0 | AB26: 0 | AC26: 0 | AD26: 0 | AE26: 0 | AF26: 0 | AG26: 0 | AH26: 0 | AI26: 0 | AJ26: 0 | AK26: 0 | AL26: 0 | AM26: 0 | AN26: 0 | AO26: 0 | AP26: 0
B27: 43999 | C27: -1.1022683e-06 | D27: 0 | E27: 0 | F27: 0 | G27: 0 | H27: 0 | I27: 0 | J27: 0 | K27: 0 | L27: -5.0044394e-05 | M27: 0 | N27: 0 | O27: 0 | P27: 0 | Q27: 0 | R27: 0 | S27: 0 | T27: 0 | U27: 0 | V27: 0 | W27: 0 | X27: 0 | Y27: 0 | Z27: 0 | AA27: 0 | AB27: 0 | AC27: 0 | AD27: 0 | AE27: 0 | AF27: 0 | AG27: 0 | AH27: 0 | AI27: 0 | AJ27: 0 | AK27: 0 | AL27: 0 | AM27: 0 | AN27: 0 | AO27: 0 | AP27: 0
... B145: 54774 | C145: -6.6910172e-07 | D145: 5.6263216e-11 | E145: -2.2415314e-10 | F145: 5.8956529e-10 | G145: -7.5881301e-10 | H145: 1.7172438e-09 | I145: -1.4341182e-08 | J145: 2.0986853e-08 | K145: -8.0803323e-08 | L145: 4.0502177e-07 | M145: -2.8272556e-07 | N145: 2.5246472e-13 | O145: 2.5246472e-13 | P145: 2.5246472e-13 | Q145: 2.5246472e-13 | R145: 2.5246472e-13 | S145: -9.9259637e-07 | T145: -2.5560528e-06 | U145: -2.677517e-06 | V145: -4.4297228e-06 | W145: -6.5936639e-06 | X145: -2.2588039e-05 | Y145: -3.0019169e-05 | Z145: -2.3730925e-05 | AA145: -8.1054769e-05 | AB145: -0.00011844587 | AC145: -0.00018501325 | AD145: 0.0023190658 | AE145: 9.7437469e-07 | AF145: 2.5131976e-06 | AG145: 2.6341534e-06 | AH145: 4.3580579e-06 | AI145: 6.4811767e-06 | AJ145: 2.2219376e-05 | AK145: 2.9522628e-05 | AL145: 2.3313756e-05 | AM145: 7.9706503e-05 | AN145: 0.0001164641 | AO145: 0.0001819822 | AP145: -0.0022798143

Sheet JACOBIAN - SWAP USD3ML
C2: CurveResults | F2: Select Curve Index | I2: Select Risk Type
B3: CurveCollection | C3: USDYC | F3: USDOIS | I3: Discount_Factors
B4: CurveIndex | C4: =F4 -> USD3ML | F4: USD3ML | I4: Forward_Rates
B5: RiskType | C5: =I4 -> Forward_Rates | F5: USD6ML
B7: {=_xll.meUtilityResize(_xll.meCurveResultsJacobianDisplay(C3,C4,C5),8000,50)} -> RiskType | C7: FORWARD_RATES
B8: ShiftType | C8: PERTURBED
B9: GradientShiftSize | C9: 0.0001
B11: OutrightInstrument | C11: TRUE | D11: TRUE | E11: TRUE | F11: TRUE | G11: TRUE | H11: TRUE | I11: TRUE | J11: TRUE | K11: TRUE | L11: TRUE | M11: TRUE | N11: TRUE | O11: TRUE | P11: TRUE | Q11: TRUE | R11: TRUE | S11: TRUE | T11: TRUE | U11: TRUE | V11: TRUE | W11: TRUE | X11: TRUE | Y11: TRUE | Z11: TRUE
B12: MarketDataShiftSize | C12: 0.0001 | D12: 0.0001 | E12: 0.0001 | F12: 0.0001 | G12: 0.0001 | H12: 0.0001 | I12: 0.0001 | J12: 0.0001 | K12: 0.0001 | L12: 0.0001 | M12: 0.0001 | N12: 0.0001 | O12: 0.0001 | P12: 0.0001 | Q12: 0.0001 | R12: 0.0001 | S12: 0.0001 | T12: 0.0001 | U12: 0.0001 | V12: 0.0001 | W12: 0.0001 | X12: 0.0001 | Y12: 0.0001 | Z12: 0.0001
C14: Instrument
B15: FixingDate | C15: LIBORFIXING_1M | D15: LIBORFIXING_3M | E15: LIBORFIXING_6M | F15: LIBORFIXING_12M | G15: ED1 Comdty | H15: ED2 Comdty | I15: ED3 Comdty | J15: ED4 Comdty | K15: ED5 Comdty | L15: ED6 Comdty | M15: ED7 Comdty | N15: ED8 Comdty | O15: SWAP_3Y | P15: SWAP_4Y | Q15: SWAP_5Y | R15: SWAP_7Y | S15: SWAP_8Y | T15: SWAP_9Y | U15: SWAP_10Y | V15: SWAP_12Y | W15: SWAP_15Y | X15: SWAP_20Y | Y15: SWAP_25Y | Z15: SWAP_30Y
B16: 43812 | C16: 4.416036e-06 | D16: 9.9998269e-05 | E16: 0 | F16: 0 | G16: -4.4154092e-06 | H16: 0 | I16: 0 | J16: 0 | K16: 0 | L16: 0 | M16: 0 | N16: 0 | O16: 0 | P16: 0 | Q16: 0 | R16: 0 | S16: 0 | T16: 0 | U16: 0 | V16: 0 | W16: 0 | X16: 0 | Y16: 0 | Z16: 0
B17: 43815 | C17: 1.1041031e-06 | D17: 9.9999567e-05 | E17: 0 | F17: 0 | G17: -1.1040418e-06 | H17: 0 | I17: 0 | J17: 0 | K17: 0 | L17: 0 | M17: 0 | N17: 0 | O17: 0 | P17: 0 | Q17: 0 | R17: 0 | S17: 0 | T17: 0 | U17: 0 | V17: 0 | W17: 0 | X17: 0 | Y17: 0 | Z17: 0
B18: 43816 | C18: 0 | D18: 0.0001 | E18: 0 | F18: 0 | G18: 0 | H18: 0 | I18: 0 | J18: 0 | K18: 0 | L18: 0 | M18: 0 | N18: 0 | O18: 0 | P18: 0 | Q18: 0 | R18: 0 | S18: 0 | T18: 0 | U18: 0 | V18: 0 | W18: 0 | X18: 0 | Y18: 0 | Z18: 0
B19: 43817 | C19: 0 | D19: 0 | E19: 0 | F19: 0 | G19: 0.0001 | H19: 0 | I19: 0 | J19: 0 | K19: 0 | L19: 0 | M19: 0 | N19: 0 | O19: 0 | P19: 0 | Q19: 0 | R19: 0 | S19: 0 | T19: 0 | U19: 0 | V19: 0 | W19: 0 | X19: 0 | Y19: 0 | Z19: 0
B20: 43907 | C20: -8.7083118e-16 | D20: -1.6899091e-10 | E20: 0 | F20: 0 | G20: 1.0863215e-06 | H20: 9.8918238e-05 | I20: 0 | J20: 0 | K20: 0 | L20: 0 | M20: 0 | N20: 0 | O20: 0 | P20: 0 | Q20: 0 | R20: 0 | S20: 0 | T20: 0 | U20: 0 | V20: 0 | W20: 0 | X20: 0 | Y20: 0 | Z20: 0
B21: 43908 | C21: 8.6736174e-16 | D21: 8.6736174e-16 | E21: 0 | F21: 0 | G21: 8.6736174e-16 | H21: 9.8917452e-05 | I21: 1.0828838e-06 | J21: 0 | K21: 0 | L21: 0 | M21: 0 | N21: 0 | O21: 0 | P21: 0 | Q21: 0 | R21: 0 | S21: 0 | T21: 0 | U21: 0 | V21: 0 | W21: 0 | X21: 0 | Y21: 0 | Z21: 0
B22: 43999 | C22: 0 | D22: 0 | E22: 0 | F22: 0 | G22: -8.7083118e-16 | H22: 0 | I22: 9.8917245e-05 | J22: 1.087205e-06 | K22: 0 | L22: 0 | M22: 0 | N22: 0 | O22: 0 | P22: 0 | Q22: 0 | R22: 0 | S22: 0 | T22: 0 | U22: 0 | V22: 0 | W22: 0 | X22: 0 | Y22: 0 | Z22: 0
B23: 44090 | C23: 0 | D23: 0 | E23: 0 | F23: 0 | G23: 0 | H23: 0 | I23: 0 | J23: 0.0001 | K23: 0 | L23: 0 | M23: 0 | N23: 0 | O23: 0 | P23: 0 | Q23: 0 | R23: 0 | S23: 0 | T23: 0 | U23: 0 | V23: 0 | W23: 0 | X23: 0 | Y23: 0 | Z23: 0
B24: 44091 | C24: 0 | D24: 0 | E24: 0 | F24: 0 | G24: 0 | H24: 0 | I24: 8.795048e-16 | J24: 9.8901058e-05 | K24: 1.098915e-06 | L24: 0 | M24: 0 | N24: 0 | O24: 0 | P24: 0 | Q24: 0 | R24: 0 | S24: 0 | T24: 0 | U24: 0 | V24: 0 | W24: 0 | X24: 0 | Y24: 0 | Z24: 0
B25: 44181 | C25: 0 | D25: 0 | E25: 0 | F25: 0 | G25: 0 | H25: 0 | I25: 0 | J25: 0 | K25: 9.9991564e-05 | L25: 0 | M25: 0 | N25: 0 | O25: 0 | P25: 0 | Q25: 0 | R25: 0 | S25: 0 | T25: 0 | U25: 0 | V25: 0 | W25: 0 | X25: 0 | Y25: 0 | Z25: 0
B26: 44182 | C26: 0 | D26: 0 | E26: 0 | F26: 0 | G26: 0 | H26: 0 | I26: 0 | J26: 0 | K26: 9.9995766e-05 | L26: 0 | M26: 0 | N26: 0 | O26: 0 | P26: 0 | Q26: 0 | R26: 0 | S26: 0 | T26: 0 | U26: 0 | V26: 0 | W26: 0 | X26: 0 | Y26: 0 | Z26: 0
B27: 44272 | C27: 0 | D27: 0 | E27: 0 | F27: 0 | G27: 0 | H27: 0 | I27: 0 | J27: 0 | K27: 0 | L27: 9.8916989e-05 | M27: 1.0870066e-06 | N27: 0 | O27: 0 | P27: 0 | Q27: 0 | R27: 0 | S27: 0 | T27: 0 | U27: 0 | V27: 0 | W27: 0 | X27: 0 | Y27: 0 | Z27: 0
... B145: 54774 | C145: -4.3343107e-13 | D145: 4.3343107e-11 | E145: -6.3939964e-12 | F145: -4.3165471e-13 | G145: 3.8191672e-14 | H145: 4.2395421e-11 | I145: 3.6421532e-11 | J145: 3.6362913e-11 | K145: 3.6296299e-11 | L145: 3.6163073e-11 | M145: 3.5847769e-11 | N145: 7.9841911e-11 | O145: -1.9360256e-09 | P145: 9.3655892e-09 | Q145: -2.3340476e-08 | R145: 2.0591269e-07 | S145: -1.07273e-06 | T145: 4.6657562e-06 | U145: -1.0407226e-05 | V145: 2.3046742e-05 | W145: -5.530219e-05 | X145: 0.00022034889 | Y145: -0.001038606 | Z145: 0.00095705483

Sheet JACOBIAN - BASIS USD6ML
C2: CurveResults | F2: Select Curve Index | I2: Select Risk Type
B3: CurveCollection | C3: USDYC | F3: USDOIS | I3: Discount_Factors
B4: CurveIndex | C4: =F5 -> USD6ML | F4: USD3ML | I4: Forward_Rates
B5: RiskType | C5: =I4 -> Forward_Rates | F5: USD6ML
B7: {=_xll.meUtilityResize(_xll.meCurveResultsJacobianDisplay(C3,C4,C5),8000,50)} -> RiskType | C7: FORWARD_RATES
B8: ShiftType | C8: PERTURBED
B9: GradientShiftSize | C9: 0.0001
B11: OutrightInstrument | C11: FALSE | D11: FALSE | E11: FALSE | F11: FALSE | G11: FALSE | H11: FALSE | I11: FALSE | J11: FALSE | K11: FALSE | L11: FALSE | M11: FALSE | N11: FALSE | O11: FALSE | P11: FALSE | Q11: FALSE
B12: MarketDataShiftSize | C12: 0.0001 | D12: 0.0001 | E12: 0.0001 | F12: 0.0001 | G12: 0.0001 | H12: 0.0001 | I12: 0.0001 | J12: 0.0001 | K12: 0.0001 | L12: 0.0001 | M12: 0.0001 | N12: 0.0001 | O12: 0.0001 | P12: 0.0001 | Q12: 0.0001
C14: Instrument
B15: FixingDate | C15: BASIS_1Y | D15: BASIS_2Y | E15: BASIS_3Y | F15: BASIS_4Y | G15: BASIS_5Y | H15: BASIS_6Y | I15: BASIS_7Y | J15: BASIS_8Y | K15: BASIS_9Y | L15: BASIS_10Y | M15: BASIS_12Y | N15: BASIS_15Y | O15: BASIS_20Y | P15: BASIS_25Y | Q15: BASIS_30Y
B16: 43812 | C16: -3.6702795e-06 | D16: 2.8416085e-07 | E16: -1.1443964e-07 | F16: 4.1386738e-08 | G16: -1.3918968e-08 | H16: 4.5017222e-09 | I16: -1.4142464e-09 | J16: 4.3410507e-10 | K16: -1.2850175e-10 | L16: 3.119062e-11 | M16: -3.6463818e-12 | N16: -4.5671557e-12 | O16: -1.1752752e-13 | P16: 4.0616815e-14 | Q16: -7.7785001e-15
B17: 43816 | C17: 4.3715032e-16 | D17: 0 | E17: -4.3715032e-16 | F17: 0 | G17: 0 | H17: 0 | I17: 0 | J17: 0 | K17: 0 | L17: 0 | M17: 0 | N17: -5.1355621e-12 | O17: 0 | P17: 0 | Q17: 0
B18: 43999 | C18: 0.00020110596 | D18: 0 | E18: 0 | F18: 0 | G18: 0 | H18: 0 | I18: 0 | J18: 0 | K18: 0 | L18: 0 | M18: 0 | N18: -3.3677922e-13 | O18: 0 | P18: 0 | Q18: 0
B19: 44182 | C19: -4.2041555e-05 | D19: 0.00022564516 | E19: -7.0643349e-05 | F19: 2.5545083e-05 | G19: -8.5915037e-06 | H19: 2.7787368e-06 | I19: -8.7295475e-07 | J19: 2.6795268e-07 | K19: -7.9320356e-08 | L19: 1.9250615e-08 | M19: -2.2524615e-09 | N19: 4.0057891e-10 | O19: -7.3385693e-11 | P19: 2.3507349e-11 | Q19: -7.3519212e-12
B20: 44364 | C20: -0.00016158893 | D20: 0.00017827793 | E20: 7.0704227e-05 | F20: -2.5567118e-05 | G20: 8.5988844e-06 | H20: -2.7811202e-06 | I20: 8.7370163e-07 | J20: -2.6820381e-07 | K20: 7.9375119e-08 | L20: -1.9284649e-08 | M20: 2.2413053e-09 | N20: -4.0522383e-10 | O20: 6.5603042e-11 | P20: -3.726156e-11 | Q20: -1.3227452e-11
B21: 44547 | C21: -3.6872773e-05 | D21: -0.00015762469 | E21: 0.00036411921 | F21: -0.00010458994 | G21: 3.5177304e-05 | H21: -1.1377234e-05 | I21: 3.5742259e-06 | J21: -1.097147e-06 | K21: 3.2474132e-07 | L21: -7.8855532e-08 | M21: 9.1969373e-09 | N21: -1.6481502e-09 | O21: 2.8445378e-10 | P21: -1.2258546e-10 | Q21: -1.2572363e-11
B22: 44729 | C22: 3.6517356e-05 | D22: -0.0002489017 | E22: 0.00024382471 | F22: 0.00010358182 | G22: -3.4838226e-05 | H22: 1.1267558e-05 | I22: -3.5397572e-06 | J22: 1.08658e-06 | K22: -3.2161993e-07 | L22: 7.8091949e-08 | M22: -9.1010123e-09 | N22: 1.6320765e-09 | O22: -2.8305531e-10 | P22: 1.3276342e-10 | Q22: 3.6697138e-12
B23: 44914 | C23: 9.7496633e-06 | D23: -5.2682796e-05 | E23: -0.0002497186 | F23: 0.00049458215 | G23: -0.00013184159 | H23: 4.2642287e-05 | I23: -1.3396135e-05 | J23: 4.1121336e-06 | K23: -1.2171356e-06 | L23: 2.9553347e-07 | M23: -3.4447876e-08 | N23: 6.1815766e-09 | O23: -1.0572607e-09 | P23: 4.8109824e-10 | Q23: 4.5444967e-11
B24: 45096 | C24: -9.8167228e-06 | D24: 5.3045287e-05 | E24: -0.0003713523 | F24: 0.00032588799 | G24: 0.00013274833 | H24: -4.2935424e-05 | I24: 1.3488468e-05 | J24: -4.1403579e-06 | K24: 1.2256624e-06 | L24: -2.9759836e-07 | M24: 3.4789229e-08 | N24: -6.1719167e-09 | O24: 1.1814099e-09 | P24: -4.4807131e-10 | Q24: 1.4366999e-10
B25: 45278 | C25: -2.6236094e-06 | D25: 1.4175699e-05 | E25: -7.866526e-05 | F25: -0.00033273529 | G25: 0.0006199382 | H25: -0.00015853043 | I25: 4.9804872e-05 | J25: -1.5287979e-05 | K25: 4.525351e-06 | L25: -1.0987698e-06 | M25: 1.2819748e-07 | N25: -2.2912098e-08 | O25: 4.0397928e-09 | P25: -1.799472e-09 | Q25: 1.6280704e-10
B26: 45279 | C26: -2.5699785e-06 | D26: 1.3885898e-05 | E26: -7.7057173e-05 | F26: -0.00033565928 | G26: 0.0006213169 | H26: -0.0001582848 | I26: 4.9727684e-05 | J26: -1.5264289e-05 | K26: 4.5183375e-06 | L26: -1.0970666e-06 | M26: 1.2799717e-07 | N26: -2.2877279e-08 | O26: 4.0311544e-09 | P26: -1.7983167e-09 | Q26: 1.6151889e-10
B27: 45460 | C27: 2.6276838e-06 | D27: -1.4199708e-05 | E27: 7.8796231e-05 | F27: -0.00049773363 | G27: 0.00041063028 | H27: 0.00015879541 | I27: -4.9888668e-05 | J27: 1.5312997e-05 | K27: -4.5330487e-06 | L27: 1.1008098e-06 | M27: -1.2905339e-07 | N27: 2.2690612e-08 | O27: -4.9983956e-09 | P27: 1.1088171e-09 | Q27: -4.6161501e-10
... B87: 54774 | C87: 8.1246218e-11 | D87: -1.4610335e-10 | E87: 7.421593e-10 | F87: -2.9538398e-09 | G87: 1.3248723e-08 | H87: -6.0095119e-08 | I87: 2.6339626e-07 | J87: -1.1226934e-06 | K87: 4.7810825e-06 | L87: -1.0641485e-05 | M87: 2.355226e-05 | N87: -5.6521984e-05 | O87: 0.000225311 | P87: -0.0010667234 | Q87: 0.00098471341

Sheet PRICING
B2: Trade Dates | F2: SWAPS: USD3ML | N2: Trade Booking & Pricing | R2: Curve Calibration Check
D3: Unadjusted Date ! | H3: Swap Template
B4: EffectiveDate | C4: Calendar | D4: MaturityDate | F4: EffectiveDate | G4: Maturity | H4: Generator | I4: PayRec | J4: Notional | K4: FixedRate | L4: Spread | N4: CreateSwap | O4: CurveCollection | P4: ParRate % | R4: Term | S4: Rate % | T4: +/- Bps
B5: =_xll.meDateFromTenor('SWAP - USD3ML'!$D$7,F5,"MOD_FOLLOWING",C5,"") -> 43816 | C5: NYB:LNB | D5: =_xll.meDateFromTenor(B5,G5) -> 44912 | F5: 2D | G5: ='SWAP - USD3ML'!O5 -> 3Y | H5: USD_3ML | I5: PAY | J5: 1000000 | K5: 0.01 | L5: 0 | N5: =_xll.meLWOSwapCreateFromGenerator(H5&"_"&G5,H5,I5,J5,B5,D5,K5,L5) -> USD_3ML_3Y@11:1 | O5: USDYC | P5: =_xll.meLWOSwapParRate(N5,O5) -> 0.015848 | R5: ='SWAP - USD3ML'!O5 -> 3Y | S5: ='SWAP - USD3ML'!P5 -> 0.015848 | T5: =(P5-S5)*10000 -> 2.7686187e-11
B6: =_xll.meDateFromTenor('SWAP - USD3ML'!$D$7,F6,"MOD_FOLLOWING",C6,"") -> 43816 | C6: NYB:LNB | D6: =_xll.meDateFromTenor(B6,G6) -> 45277 | F6: 2D | G6: ='SWAP - USD3ML'!O6 -> 4Y | H6: USD_3ML | I6: PAY | J6: 1000000 | K6: 0.01 | L6: 0 | N6: =_xll.meLWOSwapCreateFromGenerator(H6&"_"&G6,H6,I6,J6,B6,D6,K6,L6) -> USD_3ML_4Y@12:1 | O6: USDYC | P6: =_xll.meLWOSwapParRate(N6,O6) -> 0.01584 | R6: ='SWAP - USD3ML'!O6 -> 4Y | S6: ='SWAP - USD3ML'!P6 -> 0.01584 | T6: =(P6-S6)*10000 -> -4.6091603e-10
B7: =_xll.meDateFromTenor('SWAP - USD3ML'!$D$7,F7,"MOD_FOLLOWING",C7,"") -> 43816 | C7: NYB:LNB | D7: =_xll.meDateFromTenor(B7,G7) -> 45643 | F7: 2D | G7: ='SWAP - USD3ML'!O7 -> 5Y | H7: USD_3ML | I7: PAY | J7: 1000000 | K7: 0.01 | L7: 0 | N7: =_xll.meLWOSwapCreateFromGenerator(H7&"_"&G7,H7,I7,J7,B7,D7,K7,L7) -> USD_3ML_5Y@13:1 | O7: USDYC | P7: =_xll.meLWOSwapParRate(N7,O7) -> 0.015964 | R7: ='SWAP - USD3ML'!O7 -> 5Y | S7: ='SWAP - USD3ML'!P7 -> 0.015964 | T7: =(P7-S7)*10000 -> 1.0935697e-10
B8: =_xll.meDateFromTenor('SWAP - USD3ML'!$D$7,F8,"MOD_FOLLOWING",C8,"") -> 43816 | C8: NYB:LNB | D8: =_xll.meDateFromTenor(B8,G8) -> 46373 | F8: 2D | G8: ='SWAP - USD3ML'!O8 -> 7Y | H8: USD_3ML | I8: PAY | J8: 1000000 | K8: 0.01 | L8: 0 | N8: =_xll.meLWOSwapCreateFromGenerator(H8&"_"&G8,H8,I8,J8,B8,D8,K8,L8) -> USD_3ML_7Y@14:1 | O8: USDYC | P8: =_xll.meLWOSwapParRate(N8,O8) -> 0.016361 | R8: ='SWAP - USD3ML'!O8 -> 7Y | S8: ='SWAP - USD3ML'!P8 -> 0.016361 | T8: =(P8-S8)*10000 -> -4.7024884e-10
B9: =_xll.meDateFromTenor('SWAP - USD3ML'!$D$7,F9,"MOD_FOLLOWING",C9,"") -> 43816 | C9: NYB:LNB | D9: =_xll.meDateFromTenor(B9,G9) -> 46738 | F9: 2D | G9: ='SWAP - USD3ML'!O9 -> 8Y | H9: USD_3ML | I9: PAY | J9: 1000000 | K9: 0.01 | L9: 0 | N9: =_xll.meLWOSwapCreateFromGenerator(H9&"_"&G9,H9,I9,J9,B9,D9,K9,L9) -> USD_3ML_8Y@15:1 | O9: USDYC | P9: =_xll.meLWOSwapParRate(N9,O9) -> 0.016623 | R9: ='SWAP - USD3ML'!O9 -> 8Y | S9: ='SWAP - USD3ML'!P9 -> 0.016623 | T9: =(P9-S9)*10000 -> 2.3757038e-09
B10: =_xll.meDateFromTenor('SWAP - USD3ML'!$D$7,F10,"MOD_FOLLOWING",C10,"") -> 43816 | C10: NYB:LNB | D10: =_xll.meDateFromTenor(B10,G10) -> 47104 | F10: 2D | G10: ='SWAP - USD3ML'!O10 -> 9Y | H10: USD_3ML | I10: PAY | J10: 1000000 | K10: 0.01 | L10: 0 | N10: =_xll.meLWOSwapCreateFromGenerator(H10&"_"&G10,H10,I10,J10,B10,D10,K10,L10) -> USD_3ML_9Y@16:1 | O10: USDYC | P10: =_xll.meLWOSwapParRate(N10,O10) -> 0.016902 | R10: ='SWAP - USD3ML'!O10 -> 9Y | S10: ='SWAP - USD3ML'!P10 -> 0.016902 | T10: =(P10-S10)*10000 -> 3.2174263e-09
B11: =_xll.meDateFromTenor('SWAP - USD3ML'!$D$7,F11,"MOD_FOLLOWING",C11,"") -> 43816 | C11: NYB:LNB | D11: =_xll.meDateFromTenor(B11,G11) -> 47469 | F11: 2D | G11: ='SWAP - USD3ML'!O11 -> 10Y | H11: USD_3ML | I11: PAY | J11: 1000000 | K11: 0.01 | L11: 0 | N11: =_xll.meLWOSwapCreateFromGenerator(H11&"_"&G11,H11,I11,J11,B11,D11,K11,L11) -> USD_3ML_10Y@17:1 | O11: USDYC | P11: =_xll.meLWOSwapParRate(N11,O11) -> 0.017186 | R11: ='SWAP - USD3ML'!O11 -> 10Y | S11: ='SWAP - USD3ML'!P11 -> 0.017186 | T11: =(P11-S11)*10000 -> 3.0593236e-09
B12: =_xll.meDateFromTenor('SWAP - USD3ML'!$D$7,F12,"MOD_FOLLOWING",C12,"") -> 43816 | C12: NYB:LNB | D12: =_xll.meDateFromTenor(B12,G12) -> 48199 | F12: 2D | G12: ='SWAP - USD3ML'!O12 -> 12Y | H12: USD_3ML | I12: PAY | J12: 1000000 | K12: 0.01 | L12: 0 | N12: =_xll.meLWOSwapCreateFromGenerator(H12&"_"&G12,H12,I12,J12,B12,D12,K12,L12) -> USD_3ML_12Y@18:1 | O12: USDYC | P12: =_xll.meLWOSwapParRate(N12,O12) -> 0.017693 | R12: ='SWAP - USD3ML'!O12 -> 12Y | S12: ='SWAP - USD3ML'!P12 -> 0.017693 | T12: =(P12-S12)*10000 -> 1.2448376e-09
B13: =_xll.meDateFromTenor('SWAP - USD3ML'!$D$7,F13,"MOD_FOLLOWING",C13,"") -> 43816 | C13: NYB:LNB | D13: =_xll.meDateFromTenor(B13,G13) -> 49295 | F13: 2D | G13: ='SWAP - USD3ML'!O13 -> 15Y | H13: USD_3ML | I13: PAY | J13: 1000000 | K13: 0.01 | L13: 0 | N13: =_xll.meLWOSwapCreateFromGenerator(H13&"_"&G13,H13,I13,J13,B13,D13,K13,L13) -> USD_3ML_15Y@19:1 | O13: USDYC | P13: =_xll.meLWOSwapParRate(N13,O13) -> 0.018256 | R13: ='SWAP - USD3ML'!O13 -> 15Y | S13: ='SWAP - USD3ML'!P13 -> 0.018256 | T13: =(P13-S13)*10000 -> 1.866042e-09
B14: =_xll.meDateFromTenor('SWAP - USD3ML'!$D$7,F14,"MOD_FOLLOWING",C14,"") -> 43816 | C14: NYB:LNB | D14: =_xll.meDateFromTenor(B14,G14) -> 51121 | F14: 2D | G14: ='SWAP - USD3ML'!O14 -> 20Y | H14: USD_3ML | I14: PAY | J14: 1000000 | K14: 0.01 | L14: 0 | N14: =_xll.meLWOSwapCreateFromGenerator(H14&"_"&G14,H14,I14,J14,B14,D14,K14,L14) -> USD_3ML_20Y@20:1 | O14: USDYC | P14: =_xll.meLWOSwapParRate(N14,O14) -> 0.018835 | R14: ='SWAP - USD3ML'!O14 -> 20Y | S14: ='SWAP - USD3ML'!P14 -> 0.018835 | T14: =(P14-S14)*10000 -> 2.1785698e-09
B17: Trade Dates | F17: BASIS: USD6ML | N17: Trade Booking & Pricing | R17: Curve Calibration Check
D18: Unadjusted Date ! | H18: Swap Template
B19: EffectiveDate | C19: Calendar | D19: MaturityDate | F19: EffectiveDate | G19: Maturity | H19: Generator | I19: PayRec | J19: Notional | K19: Leg 1 Spread | L19: Leg 2 Spread | N19: CreateSwap | O19: CurveCollection | P19: Spread bps | R19: Term | S19: Spread bps | T19: +/- Bps
B20: =_xll.meDateFromTenor('BASIS - USD6ML'!$C$6,F20,"MOD_FOLLOWING",C20,"") -> 43816 | C20: NYB:LNB | D20: =_xll.meDateFromTenor(B20,G20) -> 44182 | F20: 2D | G20: ='BASIS - USD6ML'!E4 -> 1Y | H20: USD_BASIS_3X6 | I20: PAY | J20: 1000000 | K20: 0 | L20: 0 | N20: =_xll.meLWOSwapCreateFromGenerator(H20&"_"&G20,H20,I20,J20,B20,D20,K20,L20) -> USD_BASIS_3X6_1Y@10:1 | O20: USDYC | P20: =_xll.meLWOSwapParSpread(N20,O20) -> 6.625 | R20: ='BASIS - USD6ML'!E4 -> 1Y | S20: ='BASIS - USD6ML'!F4*10000 -> 6.625 | T20: =P20-S20 -> 2.7399929e-08
B21: =_xll.meDateFromTenor('BASIS - USD6ML'!$C$6,F21,"MOD_FOLLOWING",C21,"") -> 43816 | C21: NYB:LNB | D21: =_xll.meDateFromTenor(B21,G21) -> 44547 | F21: 2D | G21: ='BASIS - USD6ML'!E5 -> 2Y | H21: USD_BASIS_3X6 | I21: PAY | J21: 1000000 | K21: 0 | L21: 0 | N21: =_xll.meLWOSwapCreateFromGenerator(H21&"_"&G21,H21,I21,J21,B21,D21,K21,L21) -> USD_BASIS_3X6_2Y@21:1 | O21: USDYC | P21: =_xll.meLWOSwapParSpread(N21,O21) -> 6.125 | R21: ='BASIS - USD6ML'!E5 -> 2Y | S21: ='BASIS - USD6ML'!F5*10000 -> 6.125 | T21: =P21-S21 -> 2.4443427e-08
B22: =_xll.meDateFromTenor('BASIS - USD6ML'!$C$6,F22,"MOD_FOLLOWING",C22,"") -> 43816 | C22: NYB:LNB | D22: =_xll.meDateFromTenor(B22,G22) -> 44912 | F22: 2D | G22: ='BASIS - USD6ML'!E6 -> 3Y | H22: USD_BASIS_3X6 | I22: PAY | J22: 1000000 | K22: 0 | L22: 0 | N22: =_xll.meLWOSwapCreateFromGenerator(H22&"_"&G22,H22,I22,J22,B22,D22,K22,L22) -> USD_BASIS_3X6_3Y@22:1 | O22: USDYC | P22: =_xll.meLWOSwapParSpread(N22,O22) -> 5.875 | R22: ='BASIS - USD6ML'!E6 -> 3Y | S22: ='BASIS - USD6ML'!F6*10000 -> 5.875 | T22: =P22-S22 -> 1.6689734e-08
B23: =_xll.meDateFromTenor('BASIS - USD6ML'!$C$6,F23,"MOD_FOLLOWING",C23,"") -> 43816 | C23: NYB:LNB | D23: =_xll.meDateFromTenor(B23,G23) -> 45277 | F23: 2D | G23: ='BASIS - USD6ML'!E7 -> 4Y | H23: USD_BASIS_3X6 | I23: PAY | J23: 1000000 | K23: 0 | L23: 0 | N23: =_xll.meLWOSwapCreateFromGenerator(H23&"_"&G23,H23,I23,J23,B23,D23,K23,L23) -> USD_BASIS_3X6_4Y@23:1 | O23: USDYC | P23: =_xll.meLWOSwapParSpread(N23,O23) -> 6.2499999 | R23: ='BASIS - USD6ML'!E7 -> 4Y | S23: ='BASIS - USD6ML'!F7*10000 -> 6.25 | T23: =P23-S23 -> -5.0713627e-08
B24: =_xll.meDateFromTenor('BASIS - USD6ML'!$C$6,F24,"MOD_FOLLOWING",C24,"") -> 43816 | C24: NYB:LNB | D24: =_xll.meDateFromTenor(B24,G24) -> 45643 | F24: 2D | G24: ='BASIS - USD6ML'!E8 -> 5Y | H24: USD_BASIS_3X6 | I24: PAY | J24: 1000000 | K24: 0 | L24: 0 | N24: =_xll.meLWOSwapCreateFromGenerator(H24&"_"&G24,H24,I24,J24,B24,D24,K24,L24) -> USD_BASIS_3X6_5Y@24:1 | O24: USDYC | P24: =_xll.meLWOSwapParSpread(N24,O24) -> 6.5000002 | R24: ='BASIS - USD6ML'!E8 -> 5Y | S24: ='BASIS - USD6ML'!F8*10000 -> 6.5 | T24: =P24-S24 -> 2.1099966e-07
B25: =_xll.meDateFromTenor('BASIS - USD6ML'!$C$6,F25,"MOD_FOLLOWING",C25,"") -> 43816 | C25: NYB:LNB | D25: =_xll.meDateFromTenor(B25,G25) -> 46008 | F25: 2D | G25: ='BASIS - USD6ML'!E9 -> 6Y | H25: USD_BASIS_3X6 | I25: PAY | J25: 1000000 | K25: 0 | L25: 0 | N25: =_xll.meLWOSwapCreateFromGenerator(H25&"_"&G25,H25,I25,J25,B25,D25,K25,L25) -> USD_BASIS_3X6_6Y@25:1 | O25: USDYC | P25: =_xll.meLWOSwapParSpread(N25,O25) -> 6.7500001 | R25: ='BASIS - USD6ML'!E9 -> 6Y | S25: ='BASIS - USD6ML'!F9*10000 -> 6.75 | T25: =P25-S25 -> 1.3375299e-07
B26: =_xll.meDateFromTenor('BASIS - USD6ML'!$C$6,F26,"MOD_FOLLOWING",C26,"") -> 43816 | C26: NYB:LNB | D26: =_xll.meDateFromTenor(B26,G26) -> 46373 | F26: 2D | G26: ='BASIS - USD6ML'!E10 -> 7Y | H26: USD_BASIS_3X6 | I26: PAY | J26: 1000000 | K26: 0 | L26: 0 | N26: =_xll.meLWOSwapCreateFromGenerator(H26&"_"&G26,H26,I26,J26,B26,D26,K26,L26) -> USD_BASIS_3X6_7Y@26:1 | O26: USDYC | P26: =_xll.meLWOSwapParSpread(N26,O26) -> 7.0000002 | R26: ='BASIS - USD6ML'!E10 -> 7Y | S26: ='BASIS - USD6ML'!F10*10000 -> 7 | T26: =P26-S26 -> 1.9191615e-07
B27: =_xll.meDateFromTenor('BASIS - USD6ML'!$C$6,F27,"MOD_FOLLOWING",C27,"") -> 43816 | C27: NYB:LNB | D27: =_xll.meDateFromTenor(B27,G27) -> 46738 | F27: 2D | G27: ='BASIS - USD6ML'!E11 -> 8Y | H27: USD_BASIS_3X6 | I27: PAY | J27: 1000000 | K27: 0 | L27: 0 | N27: =_xll.meLWOSwapCreateFromGenerator(H27&"_"&G27,H27,I27,J27,B27,D27,K27,L27) -> USD_BASIS_3X6_8Y@27:1 | O27: USDYC | P27: =_xll.meLWOSwapParSpread(N27,O27) -> 7.2500002 | R27: ='BASIS - USD6ML'!E11 -> 8Y | S27: ='BASIS - USD6ML'!F11*10000 -> 7.25 | T27: =P27-S27 -> 1.6002734e-07
B28: =_xll.meDateFromTenor('BASIS - USD6ML'!$C$6,F28,"MOD_FOLLOWING",C28,"") -> 43816 | C28: NYB:LNB | D28: =_xll.meDateFromTenor(B28,G28) -> 47104 | F28: 2D | G28: ='BASIS - USD6ML'!E12 -> 9Y | H28: USD_BASIS_3X6 | I28: PAY | J28: 1000000 | K28: 0 | L28: 0 | N28: =_xll.meLWOSwapCreateFromGenerator(H28&"_"&G28,H28,I28,J28,B28,D28,K28,L28) -> USD_BASIS_3X6_9Y@28:1 | O28: USDYC | P28: =_xll.meLWOSwapParSpread(N28,O28) -> 7.3750004 | R28: ='BASIS - USD6ML'!E12 -> 9Y | S28: ='BASIS - USD6ML'!F12*10000 -> 7.375 | T28: =P28-S28 -> 3.7336453e-07
B29: =_xll.meDateFromTenor('BASIS - USD6ML'!$C$6,F29,"MOD_FOLLOWING",C29,"") -> 43816 | C29: NYB:LNB | D29: =_xll.meDateFromTenor(B29,G29) -> 47469 | F29: 2D | G29: ='BASIS - USD6ML'!E13 -> 10Y | H29: USD_BASIS_3X6 | I29: PAY | J29: 1000000 | K29: 0 | L29: 0 | N29: =_xll.meLWOSwapCreateFromGenerator(H29&"_"&G29,H29,I29,J29,B29,D29,K29,L29) -> USD_BASIS_3X6_10Y@29:1 | O29: USDYC | P29: =_xll.meLWOSwapParSpread(N29,O29) -> 7.6250002 | R29: ='BASIS - USD6ML'!E13 -> 10Y | S29: ='BASIS - USD6ML'!F13*10000 -> 7.625 | T29: =P29-S29 -> 1.8212381e-07
B30: =_xll.meDateFromTenor('BASIS - USD6ML'!$C$6,F30,"MOD_FOLLOWING",C30,"") -> 43816 | C30: NYB:LNB | D30: =_xll.meDateFromTenor(B30,G30) -> 48199 | F30: 2D | G30: ='BASIS - USD6ML'!E14 -> 12Y | H30: USD_BASIS_3X6 | I30: PAY | J30: 1000000 | K30: 0 | L30: 0 | N30: =_xll.meLWOSwapCreateFromGenerator(H30&"_"&G30,H30,I30,J30,B30,D30,K30,L30) -> USD_BASIS_3X6_12Y@30:1 | O30: USDYC | P30: =_xll.meLWOSwapParSpread(N30,O30) -> 8.0000002 | R30: ='BASIS - USD6ML'!E14 -> 12Y | S30: ='BASIS - USD6ML'!F14*10000 -> 8 | T30: =P30-S30 -> 1.8401619e-07
B31: =_xll.meDateFromTenor('BASIS - USD6ML'!$C$6,F31,"MOD_FOLLOWING",C31,"") -> 43816 | C31: NYB:LNB | D31: =_xll.meDateFromTenor(B31,G31) -> 49295 | F31: 2D | G31: ='BASIS - USD6ML'!E15 -> 15Y | H31: USD_BASIS_3X6 | I31: PAY | J31: 1000000 | K31: 0 | L31: 0 | N31: =_xll.meLWOSwapCreateFromGenerator(H31&"_"&G31,H31,I31,J31,B31,D31,K31,L31) -> USD_BASIS_3X6_15Y@31:1 | O31: USDYC | P31: =_xll.meLWOSwapParSpread(N31,O31) -> 8.3750001 | R31: ='BASIS - USD6ML'!E15 -> 15Y | S31: ='BASIS - USD6ML'!F15*10000 -> 8.375 | T31: =P31-S31 -> 6.9950159e-08
... B34: =_xll.meDateFromTenor('BASIS - USD6ML'!$C$6,F34,"MOD_FOLLOWING",C34,"") -> 43816 | C34: NYB:LNB | D34: =_xll.meDateFromTenor(B34,G34) -> 54774 | F34: 2D | G34: ='BASIS - USD6ML'!E18 -> 30Y | H34: USD_BASIS_3X6 | I34: PAY | J34: 1000000 | K34: 0 | L34: 0 | N34: =_xll.meLWOSwapCreateFromGenerator(H34&"_"&G34,H34,I34,J34,B34,D34,K34,L34) -> USD_BASIS_3X6_30Y@34:1 | O34: USDYC | P34: =_xll.meLWOSwapParSpread(N34,O34) -> 9.0000001 | R34: ='BASIS - USD6ML'!E18 -> 30Y | S34: ='BASIS - USD6ML'!F18*10000 -> 9 | T34: =P34-S34 -> 6.6681054e-08

Sheet RISK - SWAP USD3ML
W1: … Cashflows | AH1: .. DF Risk Totals | AO1: .. Forward Risk Totals | CG1: … DF Jacobian All Instruments | DZ1: … DF Jacobian Outrights Only | FC1: … Forward Rate Jacobian Outrights Only | FH1: Enable
CK2: Discount Risk | DZ2: Discount Factor Risk Buckets | ED2: Forward Rate Risk | FC2: Forward Rate Risk Buckets | FH2: TRUE
X3: Total DiscFact Risk | Y3: =SUMPRODUCT(Y7:Y136,AB7:AB136) -> -6.7664009 | AH3: Total Libor Risk | AI3: =SUMPRODUCT(AI7:AI136,AP7:AP136) -> 481.64251 | AR3: Discount Risk: Includes Risk to Non-Outrights | CK3: Total Risk | CL3: =SUM(CL4:DY4) -> -6.7664009 | ED3: Total Risk | EE3: =SUM(EE4:FR4) -> 481.64251
AR4: Bucketed Risk | AS4: {=MMULT(TRANSPOSE($Y$7:$Y$136),AS7:CF136)} -> -0.031913443 | AT4: -6.5722291e-05 | AU4: 0.0002628138 | AV4: -0.00069229569 | AW4: 0.00089110526 | AX4: -0.0020152631 | AY4: -0.11351084 | AZ4: -0.024630204 | BA4: 0.09482396 | BB4: -0.10450109 | BC4: -0.0065064534 | BD4: 1.7487222e-09 | BE4: 1.7487222e-09 | BF4: 1.7487222e-09 | BG4: 1.7487222e-09 | BH4: 1.7487222e-09 | BI4: 0.45074544 | BJ4: 0.95997654 | BK4: 1.5504902 | BL4: 2.6747167 | BM4: 1.1157576 | BN4: -0.073304232 | BO4: 0.014632148 | BP4: -0.0051258172 | BQ4: 0.00072807748 | BR4: -0.00010865311 | BS4: 2.7860562e-05 | BT4: -4.7351929e-06 | BU4: -0.44245873 | BV4: -0.94384686 | BW4: -1.5251596 | BX4: -2.6317589 | BY4: -1.097486 | BZ4: 0.072154335 | CA4: -0.01440296 | CB4: 0.0050480074 | CC4: -0.00071711095 | CD4: 0.00010705657 | CE4: -2.746692e-05 | CF4: 4.674435e-06 | CK4: Bucketed Risk | CL4: {=MMULT(TRANSPOSE($Y$7:$Y$136),CL7:DY136)} -> -0.031913443 | CM4: -6.5722291e-05 | CN4: 0.0002628138 | CO4: -0.00069229569 | CP4: 0.00089110526 | CQ4: -0.0020152631 | CR4: -0.11351084 | CS4: -0.024630204 | CT4: 0.09482396 | CU4: -0.10450109 | CV4: -0.0065064534 | CW4: 1.7487222e-09 | CX4: 1.7487222e-09 | CY4: 1.7487222e-09 | CZ4: 1.7487222e-09 | DA4: 1.7487222e-09 | DB4: 0 | DC4: 0 | DD4: 0 | DE4: 0 | DF4: 0 | DG4: 0 | DH4: 0 | DI4: 0 | DJ4: 0 | DK4: 0 | DL4: 0 | DM4: 0 | DN4: -0.44245873 | DO4: -0.94384686 | DP4: -1.5251596 | DQ4: -2.6317589 | DR4: -1.097486 | DS4: 0.072154335 | DT4: -0.01440296 | DU4: 0.0050480074 | DV4: -0.00071711095 | DW4: 0.00010705657 | DX4: -2.746692e-05 | DY4: 4.674435e-06 | EA4: Analytical Risk | ED4: Bucketed Risk | EE4: {=MMULT(TRANSPOSE(AI7:AI136),EE7:FB136)} -> 1.4946485e-06 | EF4: -25.174459 | EG4: 2.8845701e-05 | EH4: 1.4923469e-06 | EI4: 24.89905 | EJ4: -0.00021360723 | EK4: 0.27457112 | EL4: 6.5228962e-06 | EM4: 6.3238446e-06 | EN4: 6.3788171e-06 | EO4: 4.4750215e-06 | EP4: 1.1979127e-05 | EQ4: -3.8531254e-05 | ER4: -1.5316435e-05 | ES4: 481.6435 | ET4: -5.9088752e-06 | EU4: 1.8769179e-05 | EV4: 1.0697891e-05 | EW4: 2.0927676e-05 | EX4: 8.3948983e-07 | EY4: 9.2639151e-07 | EZ4: 6.4801422e-07 | FA4: -9.2939276e-07 | FB4: 1.7864985e-06 | FD4: Analytical Risk | FH4: Numerical Risk
B5: Trade Details | F5: Cashflows | V5: AnnuityLet | X5: Coupon Mapping | AA5: RiskTotals - Discount Factor | AH5: Annuity Mapping | AO5: RiskTotals - Forward Rates | AR5: Jacobian USDOIS Discount Factors | EA5: Bucketed Discount Risk | FD5: Bucketed Forward Risk | FH5: {=IF($FH$2=TRUE,_xll.meLWOSwapDeltaLadder(C6,C7),"#DISABLED")} -> USD : Pillars | FI5: USD : Total | FJ5: USD : Pillars | FK5: USD : Total | FL5: #N/A
B6: Trade | C6: =PRICING!N7 -> USD_3ML_5Y@13:1 | F6: {=_xll.meUtilityResize(_xll.meLWOSwapDisplayCashflows(C6,C7),50,50)} -> Leg1:Fixed Leg Schedule & Cashflows | X6: =AR6 -> PaymentDate | AA6: PaymentDate | AB6: RiskTotal | AD6: PaymentDate | AE6: RiskTotal | AF6: Check | AH6: FixingDate | AK6: FixingDate | AL6: RiskTotal | AM6: Check | AO6: FixingDate | AP6: RiskTotal | AR6: ='JACOBIAN - OIS USDOIS'!B15 -> PaymentDate | AS6: ='JACOBIAN - OIS USDOIS'!C15 -> OIS_ON | AT6: ='JACOBIAN - OIS USDOIS'!D15 -> OIS_1W | AU6: ='JACOBIAN - OIS USDOIS'!E15 -> OIS_2W | AV6: ='JACOBIAN - OIS USDOIS'!F15 -> OIS_3W | AW6: ='JACOBIAN - OIS USDOIS'!G15 -> OIS_1M | AX6: ='JACOBIAN - OIS USDOIS'!H15 -> OIS_2M | AY6: ='JACOBIAN - OIS USDOIS'!I15 -> OIS_3M | ... CF6: ='JACOBIAN - OIS USDOIS'!AP15 -> SWAP_30Y | CK6: =AR6 -> PaymentDate | CL6: =AS6 -> OIS_ON | CM6: =AT6 -> OIS_1W | CN6: =AU6 -> OIS_2W | CO6: =AV6 -> OIS_3W | CP6: =AW6 -> OIS_1M | CQ6: =AX6 -> OIS_2M | CR6: =AY6 -> OIS_3M | ... DY6: =CF6 -> SWAP_30Y | EA6: {=TRANSPOSE(CL6:DY6)} -> OIS_ON | EB6: {=TRANSPOSE(AS4:CF4)} -> -0.031913443 | ED6: ='JACOBIAN - SWAP USD3ML'!B15 -> FixingDate | EE6: ='JACOBIAN - SWAP USD3ML'!C15 -> LIBORFIXING_1M | EF6: ='JACOBIAN - SWAP USD3ML'!D15 -> LIBORFIXING_3M | EG6: ='JACOBIAN - SWAP USD3ML'!E15 -> LIBORFIXING_6M | EH6: ='JACOBIAN - SWAP USD3ML'!F15 -> LIBORFIXING_12M | EI6: ='JACOBIAN - SWAP USD3ML'!G15 -> ED1 Comdty | EJ6: ='JACOBIAN - SWAP USD3ML'!H15 -> ED2 Comdty | EK6: ='JACOBIAN - SWAP USD3ML'!I15 -> ED3 Comdty | ... FB6: ='JACOBIAN - SWAP USD3ML'!Z15 -> SWAP_30Y | FD6: {=TRANSPOSE(EE6:FB6)} -> LIBORFIXING_1M | FE6: {=TRANSPOSE(EE4:FB4)} -> 1.4946485e-06 | FF6: Numerical Risk | FH6: USDYC.OIS.OUTRIGHTOISSWAP.ON | FI6: -0.024322464 | FJ6: USDYC.STD.O_N | FK6: 0.00759088 | FL6: #N/A
B7: CurveCollection | C7: =PRICING!O7 -> USDYC | F7: AccrualStart | G7: AccrualEnd | H7: AccrualDays | I7: AccrualYearFractions | J7: PaymentDate | K7: Notional | L7: NotionalExchange | M7: Leverage | N7: FixedRate | O7: Coupon | P7: DiscountFactor | Q7: CouponPV | X7: =AR7 -> 43812 | Y7: 0 | AA7: =CK7 -> 43812 | AB7: =SUM(CL7:DY7) -> 0 | AD7: {=_xll.meCurveResultsJacobianRiskTotals("USDYC","USDOIS","DISCOUNT_FACTORS")} -> 43812 | AE7: 0 | AF7: =ABS(AE7-AB7)<0.0000000000000001 -> TRUE | AH7: =AO7 -> 43812 | AI7: 0 | AK7: {=_xll.meCurveResultsJacobianRiskTotals("USDYC","USD3ML","FORWARD_RATES")} -> 43812 | AL7: 9.9998896e-05 | AM7: =ABS(AP7-AL7)<0.0000000000000001 -> TRUE | AO7: =ED7 -> 43812 | AP7: =SUM(EE7:FB7) -> 9.9998896e-05 | AR7: ='JACOBIAN - OIS USDOIS'!B16 -> 43812 | AS7: ='JACOBIAN - OIS USDOIS'!C16 -> 0 | AT7: ='JACOBIAN - OIS USDOIS'!D16 -> 0 | AU7: ='JACOBIAN - OIS USDOIS'!E16 -> 0 | AV7: ='JACOBIAN - OIS USDOIS'!F16 -> 0 | AW7: ='JACOBIAN - OIS USDOIS'!G16 -> 0 | AX7: ='JACOBIAN - OIS USDOIS'!H16 -> 0 | AY7: ='JACOBIAN - OIS USDOIS'!I16 -> 0 | ... CF7: ='JACOBIAN - OIS USDOIS'!AP16 -> 0 | CK7: =AR7 -> 43812 | CL7: =AS7 -> 0 | CM7: =AT7 -> 0 | CN7: =AU7 -> 0 | CO7: =AV7 -> 0 | CP7: =AW7 -> 0 | CQ7: =AX7 -> 0 | CR7: =AY7 -> 0 | ... DA7: =BH7 -> 0 | DB7: 0 | DC7: 0 | DD7: 0 | DE7: 0 | DF7: 0 | DG7: 0 | DH7: 0 | DI7: 0 | DJ7: 0 | DK7: 0 | DL7: 0 | DM7: 0 | DN7: =BU7 -> 0 | DO7: =BV7 -> 0 | DP7: =BW7 -> 0 | DQ7: =BX7 -> 0 | DR7: =BY7 -> 0 | DS7: =BZ7 -> 0 | DT7: =CA7 -> 0 | DU7: =CB7 -> 0 | ... DY7: =CF7 -> 0 | EA7: OIS_1W | EB7: -6.5722291e-05 | ED7: ='JACOBIAN - SWAP USD3ML'!B16 -> 43812 | EE7: ='JACOBIAN - SWAP USD3ML'!C16 -> 4.416036e-06 | EF7: ='JACOBIAN - SWAP USD3ML'!D16 -> 9.9998269e-05 | EG7: ='JACOBIAN - SWAP USD3ML'!E16 -> 0 | EH7: ='JACOBIAN - SWAP USD3ML'!F16 -> 0 | EI7: ='JACOBIAN - SWAP USD3ML'!G16 -> -4.4154092e-06 | EJ7: ='JACOBIAN - SWAP USD3ML'!H16 -> 0 | EK7: ='JACOBIAN - SWAP USD3ML'!I16 -> 0 | ... FB7: ='JACOBIAN - SWAP USD3ML'!Z16 -> 0 | FD7: LIBORFIXING_3M | FE7: -25.174459 | FF7: 0 | FH7: USDYC.OIS.OUTRIGHTOISSWAP.1W | FI7: 0.0075395685 | FJ7: USDYC.STD.T_N | FK7: 0.0075909251 | FL7: #N/A
F8: 43816 | G8: 43999 | H8: 183 | I8: 0.5 | J8: 43999 | K8: -1000000 | L8: 0 | M8: 1 | N8: 0.01 | O8: -5000 | P8: 0.99214919 | Q8: -4960.7459 | V8: =K8*I8*P8 -> -496074.59 | X8: =AR8 -> 43815 | Y8: 0 | AA8: =CK8 -> 43815 | AB8: =SUM(CL8:DY8) -> -8.331174e-07 | AD8: 43815 | AE8: -8.331174e-07 | AF8: =ABS(AE8-AB8)<0.0000000000000001 -> TRUE | AH8: =AO8 -> 43815 | AI8: 0 | AK8: 43815 | AL8: 9.9999628e-05 | AM8: =ABS(AP8-AL8)<0.0000000000000001 -> TRUE | AO8: =ED8 -> 43815 | AP8: =SUM(EE8:FB8) -> 9.9999628e-05 | AR8: ='JACOBIAN - OIS USDOIS'!B17 -> 43815 | AS8: ='JACOBIAN - OIS USDOIS'!C17 -> -8.331174e-07 | AT8: ='JACOBIAN - OIS USDOIS'!D17 -> 0 | AU8: ='JACOBIAN - OIS USDOIS'!E17 -> 0 | AV8: ='JACOBIAN - OIS USDOIS'!F17 -> 0 | AW8: ='JACOBIAN - OIS USDOIS'!G17 -> 0 | AX8: ='JACOBIAN - OIS USDOIS'!H17 -> 0 | AY8: ='JACOBIAN - OIS USDOIS'!I17 -> 0 | ... CF8: ='JACOBIAN - OIS USDOIS'!AP17 -> 0 | CK8: =AR8 -> 43815 | CL8: =AS8 -> -8.331174e-07 | CM8: =AT8 -> 0 | CN8: =AU8 -> 0 | CO8: =AV8 -> 0 | CP8: =AW8 -> 0 | CQ8: =AX8 -> 0 | CR8: =AY8 -> 0 | ... DA8: =BH8 -> 0 | DB8: 0 | DC8: 0 | DD8: 0 | DE8: 0 | DF8: 0 | DG8: 0 | DH8: 0 | DI8: 0 | DJ8: 0 | DK8: 0 | DL8: 0 | DM8: 0 | DN8: =BU8 -> 0 | DO8: =BV8 -> 0 | DP8: =BW8 -> 0 | DQ8: =BX8 -> 0 | DR8: =BY8 -> 0 | DS8: =BZ8 -> 0 | DT8: =CA8 -> 0 | DU8: =CB8 -> 0 | ... DY8: =CF8 -> 0 | EA8: OIS_2W | EB8: 0.0002628138 | ED8: ='JACOBIAN - SWAP USD3ML'!B17 -> 43815 | EE8: ='JACOBIAN - SWAP USD3ML'!C17 -> 1.1041031e-06 | EF8: ='JACOBIAN - SWAP USD3ML'!D17 -> 9.9999567e-05 | EG8: ='JACOBIAN - SWAP USD3ML'!E17 -> 0 | EH8: ='JACOBIAN - SWAP USD3ML'!F17 -> 0 | EI8: ='JACOBIAN - SWAP USD3ML'!G17 -> -1.1040418e-06 | EJ8: ='JACOBIAN - SWAP USD3ML'!H17 -> 0 | EK8: ='JACOBIAN - SWAP USD3ML'!I17 -> 0 | ... FB8: ='JACOBIAN - SWAP USD3ML'!Z17 -> 0 | FD8: LIBORFIXING_6M | FE8: 2.8845701e-05 | FH8: USDYC.OIS.OUTRIGHTOISSWAP.2W | FI8: 0.0077943951 | FJ8: USDYC.STD.LIBOR.1M | FK8: 0.0075910095 | FL8: #N/A
B9: Swap Calculations | F9: 43999 | G9: 44182 | H9: 183 | I9: 0.5 | J9: 44182 | K9: -1000000 | L9: 0 | M9: 1 | N9: 0.01 | O9: -5000 | P9: 0.98532697 | Q9: -4926.6349 | V9: =K9*I9*P9 -> -492663.49 | X9: =AR9 -> 43816 | Y9: 0 | AA9: =CK9 -> 43816 | AB9: =SUM(CL9:DY9) -> -1.1107992e-06 | AD9: 43816 | AE9: -1.1107992e-06 | AF9: =ABS(AE9-AB9)<0.0000000000000001 -> TRUE | AH9: =AO9 -> 43816 | AI9: 0 | AK9: 43816 | AL9: 0.0001 | AM9: =ABS(AP9-AL9)<0.0000000000000001 -> TRUE | AO9: =ED9 -> 43816 | AP9: =SUM(EE9:FB9) -> 0.0001 | AR9: ='JACOBIAN - OIS USDOIS'!B18 -> 43816 | AS9: ='JACOBIAN - OIS USDOIS'!C18 -> -1.1107992e-06 | AT9: ='JACOBIAN - OIS USDOIS'!D18 -> 0 | AU9: ='JACOBIAN - OIS USDOIS'!E18 -> 0 | AV9: ='JACOBIAN - OIS USDOIS'!F18 -> 0 | AW9: ='JACOBIAN - OIS USDOIS'!G18 -> 0 | AX9: ='JACOBIAN - OIS USDOIS'!H18 -> 0 | AY9: ='JACOBIAN - OIS USDOIS'!I18 -> 0 | ... CF9: ='JACOBIAN - OIS USDOIS'!AP18 -> 0 | CK9: =AR9 -> 43816 | CL9: =AS9 -> -1.1107992e-06 | CM9: =AT9 -> 0 | CN9: =AU9 -> 0 | CO9: =AV9 -> 0 | CP9: =AW9 -> 0 | CQ9: =AX9 -> 0 | CR9: =AY9 -> 0 | ... DA9: =BH9 -> 0 | DB9: 0 | DC9: 0 | DD9: 0 | DE9: 0 | DF9: 0 | DG9: 0 | DH9: 0 | DI9: 0 | DJ9: 0 | DK9: 0 | DL9: 0 | DM9: 0 | DN9: =BU9 -> 0 | DO9: =BV9 -> 0 | DP9: =BW9 -> 0 | DQ9: =BX9 -> 0 | DR9: =BY9 -> 0 | DS9: =BZ9 -> 0 | DT9: =CA9 -> 0 | DU9: =CB9 -> 0 | ... DY9: =CF9 -> 0 | EA9: OIS_3W | EB9: -0.00069229569 | ED9: ='JACOBIAN - SWAP USD3ML'!B18 -> 43816 | EE9: ='JACOBIAN - SWAP USD3ML'!C18 -> 0 | EF9: ='JACOBIAN - SWAP USD3ML'!D18 -> 0.0001 | EG9: ='JACOBIAN - SWAP USD3ML'!E18 -> 0 | EH9: ='JACOBIAN - SWAP USD3ML'!F18 -> 0 | EI9: ='JACOBIAN - SWAP USD3ML'!G18 -> 0 | EJ9: ='JACOBIAN - SWAP USD3ML'!H18 -> 0 | EK9: ='JACOBIAN - SWAP USD3ML'!I18 -> 0 | ... FB9: ='JACOBIAN - SWAP USD3ML'!Z18 -> 0 | FD9: LIBORFIXING_12M | FE9: 1.4923469e-06 | FF9: Numerical Risk | FH9: USDYC.OIS.OUTRIGHTOISSWAP.3W | FI9: 0.0070533562 | FJ9: USDYC.STD.LIBOR.3M | FK9: 0.0075824195 | FL9: #N/A
B10: PV | C10: =_xll.meLWOSwapPV(C6,C7) -> 28725.216 | F10: 44182 | G10: 44364 | H10: 182 | I10: 0.5 | J10: 44364 | K10: -1000000 | L10: 0 | M10: 1 | N10: 0.01 | O10: -5000 | P10: 0.97912715 | Q10: -4895.6357 | V10: =K10*I10*P10 -> -489563.57 | X10: =AR10 -> 43823 | Y10: 0 | AA10: =CK10 -> 43823 | AB10: =SUM(CL10:DY10) -> -3.0534078e-06 | AD10: 43823 | AE10: -3.0534078e-06 | AF10: =ABS(AE10-AB10)<0.0000000000000001 -> TRUE | AH10: =AO10 -> 43817 | AI10: =V20 -> 251744.85 | AK10: 43817 | AL10: 0.0001 | AM10: =ABS(AP10-AL10)<0.0000000000000001 -> TRUE | AO10: =ED10 -> 43817 | AP10: =SUM(EE10:FB10) -> 0.0001 | AR10: ='JACOBIAN - OIS USDOIS'!B19 -> 43823 | AS10: ='JACOBIAN - OIS USDOIS'!C19 -> -1.1104665e-06 | AT10: ='JACOBIAN - OIS USDOIS'!D19 -> -1.9429413e-06 | AU10: ='JACOBIAN - OIS USDOIS'!E19 -> 0 | AV10: ='JACOBIAN - OIS USDOIS'!F19 -> 0 | AW10: ='JACOBIAN - OIS USDOIS'!G19 -> 0 | AX10: ='JACOBIAN - OIS USDOIS'!H19 -> 0 | AY10: ='JACOBIAN - OIS USDOIS'!I19 -> 0 | ... CF10: ='JACOBIAN - OIS USDOIS'!AP19 -> 0 | CK10: =AR10 -> 43823 | CL10: =AS10 -> -1.1104665e-06 | CM10: =AT10 -> -1.9429413e-06 | CN10: =AU10 -> 0 | CO10: =AV10 -> 0 | CP10: =AW10 -> 0 | CQ10: =AX10 -> 0 | CR10: =AY10 -> 0 | ... DA10: =BH10 -> 0 | DB10: 0 | DC10: 0 | DD10: 0 | DE10: 0 | DF10: 0 | DG10: 0 | DH10: 0 | DI10: 0 | DJ10: 0 | DK10: 0 | DL10: 0 | DM10: 0 | DN10: =BU10 -> 0 | DO10: =BV10 -> 0 | DP10: =BW10 -> 0 | DQ10: =BX10 -> 0 | DR10: =BY10 -> 0 | DS10: =BZ10 -> 0 | DT10: =CA10 -> 0 | DU10: =CB10 -> 0 | ... DY10: =CF10 -> 0 | EA10: OIS_1M | EB10: 0.00089110526 | ED10: ='JACOBIAN - SWAP USD3ML'!B19 -> 43817 | EE10: ='JACOBIAN - SWAP USD3ML'!C19 -> 0 | EF10: ='JACOBIAN - SWAP USD3ML'!D19 -> 0 | EG10: ='JACOBIAN - SWAP USD3ML'!E19 -> 0 | EH10: ='JACOBIAN - SWAP USD3ML'!F19 -> 0 | EI10: ='JACOBIAN - SWAP USD3ML'!G19 -> 0.0001 | EJ10: ='JACOBIAN - SWAP USD3ML'!H19 -> 0 | EK10: ='JACOBIAN - SWAP USD3ML'!I19 -> 0 | ... FB10: ='JACOBIAN - SWAP USD3ML'!Z19 -> 0 | FD10: ED1 Comdty | FE10: 24.89905 | FF10: 0 | FH10: USDYC.OIS.OUTRIGHTOISSWAP.1M | FI10: 0.0082824692 | FJ10: USDYC.STD.LIBOR.6M | FK10: 0.0075996097 | FL10: #N/A
B11: Annuity | C11: =_xll.meLWOSwapAnnuity(C6,C7,"Leg1:Fixed") -> 4816434.7 | F11: 44364 | G11: 44547 | H11: 183 | I11: 0.5 | J11: 44547 | K11: -1000000 | L11: 0 | M11: 1 | N11: 0.01 | O11: -5000 | P11: 0.9729382 | Q11: -4864.691 | V11: =K11*I11*P11 -> -486469.1 | X11: =AR11 -> 43830 | Y11: 0 | AA11: =CK11 -> 43830 | AB11: =SUM(CL11:DY11) -> -4.9936371e-06 | AD11: 43830 | AE11: -4.9936371e-06 | AF11: =ABS(AE11-AB11)<0.0000000000000001 -> TRUE | AH11: =AO11 -> 43907 | AI11: 0 | AK11: 43907 | AL11: 0.00010000439 | AM11: =ABS(AP11-AL11)<0.0000000000000001 -> TRUE | AO11: =ED11 -> 43907 | AP11: =SUM(EE11:FB11) -> 0.00010000439 | AR11: ='JACOBIAN - OIS USDOIS'!B20 -> 43830 | AS11: ='JACOBIAN - OIS USDOIS'!C20 -> -1.1101283e-06 | AT11: ='JACOBIAN - OIS USDOIS'!D20 -> 0 | AU11: ='JACOBIAN - OIS USDOIS'!E20 -> -3.8835088e-06 | AV11: ='JACOBIAN - OIS USDOIS'!F20 -> 1.110223e-15 | AW11: ='JACOBIAN - OIS USDOIS'!G20 -> 1.110223e-15 | AX11: ='JACOBIAN - OIS USDOIS'!H20 -> 1.110223e-15 | AY11: ='JACOBIAN - OIS USDOIS'!I20 -> 1.110223e-15 | ... CF11: ='JACOBIAN - OIS USDOIS'!AP20 -> 1.110223e-15 | CK11: =AR11 -> 43830 | CL11: =AS11 -> -1.1101283e-06 | CM11: =AT11 -> 0 | CN11: =AU11 -> -3.8835088e-06 | CO11: =AV11 -> 1.110223e-15 | CP11: =AW11 -> 1.110223e-15 | CQ11: =AX11 -> 1.110223e-15 | CR11: =AY11 -> 1.110223e-15 | ... DA11: =BH11 -> 1.110223e-15 | DB11: 0 | DC11: 0 | DD11: 0 | DE11: 0 | DF11: 0 | DG11: 0 | DH11: 0 | DI11: 0 | DJ11: 0 | DK11: 0 | DL11: 0 | DM11: 0 | DN11: =BU11 -> 1.110223e-15 | DO11: =BV11 -> 1.110223e-15 | DP11: =BW11 -> 1.110223e-15 | DQ11: =BX11 -> 1.110223e-15 | DR11: =BY11 -> 1.110223e-15 | DS11: =BZ11 -> 1.110223e-15 | DT11: =CA11 -> 1.110223e-15 | DU11: =CB11 -> 1.110223e-15 | ... DY11: =CF11 -> 1.110223e-15 | EA11: OIS_2M | EB11: -0.0020152631 | ED11: ='JACOBIAN - SWAP USD3ML'!B20 -> 43907 | EE11: ='JACOBIAN - SWAP USD3ML'!C20 -> -8.7083118e-16 | EF11: ='JACOBIAN - SWAP USD3ML'!D20 -> -1.6899091e-10 | EG11: ='JACOBIAN - SWAP USD3ML'!E20 -> 0 | EH11: ='JACOBIAN - SWAP USD3ML'!F20 -> 0 | EI11: ='JACOBIAN - SWAP USD3ML'!G20 -> 1.0863215e-06 | EJ11: ='JACOBIAN - SWAP USD3ML'!H20 -> 9.8918238e-05 | EK11: ='JACOBIAN - SWAP USD3ML'!I20 -> 0 | ... FB11: ='JACOBIAN - SWAP USD3ML'!Z20 -> 0 | FD11: ED2 Comdty | FE11: -0.00021360723 | FH11: USDYC.OIS.OUTRIGHTOISSWAP.2M | FI11: 0.0060264349 | FJ11: USDYC.STD.LIBOR.12M | FK11: 0.0075909469 | FL11: #N/A
B12: PV01 | C12: =_xll.meLWOSwapPV01(C6,C7) -> 481.64347 | F12: 44547 | G12: 44729 | H12: 182 | I12: 0.5 | J12: 44729 | K12: -1000000 | L12: 0 | M12: 1 | N12: 0.01 | O12: -5000 | P12: 0.96672676 | Q12: -4833.6338 | V12: =K12*I12*P12 -> -483363.38 | X12: =AR12 -> 43837 | Y12: 0 | AA12: =CK12 -> 43837 | AB12: =SUM(CL12:DY12) -> -6.9314318e-06 | AD12: 43837 | AE12: -6.9314318e-06 | AF12: =ABS(AE12-AB12)<0.0000000000000001 -> TRUE | AH12: =AO12 -> 43908 | AI12: =V21 -> 253549.24 | AK12: 43908 | AL12: 0.00010000034 | AM12: =ABS(AP12-AL12)<0.0000000000000001 -> TRUE | AO12: =ED12 -> 43908 | AP12: =SUM(EE12:FB12) -> 0.00010000034 | AR12: ='JACOBIAN - OIS USDOIS'!B21 -> 43837 | AS12: ='JACOBIAN - OIS USDOIS'!C21 -> -1.1097848e-06 | AT12: ='JACOBIAN - OIS USDOIS'!D21 -> 0 | AU12: ='JACOBIAN - OIS USDOIS'!E21 -> 0 | AV12: ='JACOBIAN - OIS USDOIS'!F21 -> -5.821647e-06 | AW12: ='JACOBIAN - OIS USDOIS'!G21 -> 0 | AX12: ='JACOBIAN - OIS USDOIS'!H21 -> 0 | AY12: ='JACOBIAN - OIS USDOIS'!I21 -> 0 | ... CF12: ='JACOBIAN - OIS USDOIS'!AP21 -> 0 | CK12: =AR12 -> 43837 | CL12: =AS12 -> -1.1097848e-06 | CM12: =AT12 -> 0 | CN12: =AU12 -> 0 | CO12: =AV12 -> -5.821647e-06 | CP12: =AW12 -> 0 | CQ12: =AX12 -> 0 | CR12: =AY12 -> 0 | ... DA12: =BH12 -> 0 | DB12: 0 | DC12: 0 | DD12: 0 | DE12: 0 | DF12: 0 | DG12: 0 | DH12: 0 | DI12: 0 | DJ12: 0 | DK12: 0 | DL12: 0 | DM12: 0 | DN12: =BU12 -> 0 | DO12: =BV12 -> 0 | DP12: =BW12 -> 0 | DQ12: =BX12 -> 0 | DR12: =BY12 -> 0 | DS12: =BZ12 -> 0 | DT12: =CA12 -> 0 | DU12: =CB12 -> 0 | ... DY12: =CF12 -> 0 | EA12: OIS_3M | EB12: -0.11351084 | ED12: ='JACOBIAN - SWAP USD3ML'!B21 -> 43908 | EE12: ='JACOBIAN - SWAP USD3ML'!C21 -> 8.6736174e-16 | EF12: ='JACOBIAN - SWAP USD3ML'!D21 -> 8.6736174e-16 | EG12: ='JACOBIAN - SWAP USD3ML'!E21 -> 0 | EH12: ='JACOBIAN - SWAP USD3ML'!F21 -> 0 | EI12: ='JACOBIAN - SWAP USD3ML'!G21 -> 8.6736174e-16 | EJ12: ='JACOBIAN - SWAP USD3ML'!H21 -> 9.8917452e-05 | EK12: ='JACOBIAN - SWAP USD3ML'!I21 -> 1.0828838e-06 | ... FB12: ='JACOBIAN - SWAP USD3ML'!Z21 -> 0 | FD12: ED3 Comdty | FE12: 0.27457112 | FH12: USDYC.OIS.OUTRIGHTOISSWAP.3M | FI12: 0.012500594 | FJ12: USDYC.STD.FUTURE.ED1 COMDTY.20191218.20200318 | FK12: 0.0075908232 | FL12: #N/A
B13: DV01 | C13: =_xll.meLWOSwapDV01(C6,C7) -> 473.86215 | F13: 44729 | G13: 44914 | H13: 185 | I13: 0.50555556 | J13: 44914 | K13: -1000000 | L13: 0 | M13: 1 | N13: 0.01 | O13: -5055.5556 | P13: 0.96030615 | Q13: -4854.8811 | V13: =K13*I13*P13 -> -485488.11 | X13: =AR13 -> 43847 | Y13: 0 | AA13: =CK13 -> 43847 | AB13: =SUM(CL13:DY13) -> -9.6957317e-06 | AD13: 43847 | AE13: -9.6957317e-06 | AF13: =ABS(AE13-AB13)<0.0000000000000001 -> TRUE | AH13: =AO13 -> 43999 | AI13: =V22 -> 252638.16 | AK13: 43999 | AL13: 0.00010000445 | AM13: =ABS(AP13-AL13)<0.0000000000000001 -> TRUE | AO13: =ED13 -> 43999 | AP13: =SUM(EE13:FB13) -> 0.00010000445 | AR13: ='JACOBIAN - OIS USDOIS'!B22 -> 43847 | AS13: ='JACOBIAN - OIS USDOIS'!C22 -> -1.1093062e-06 | AT13: ='JACOBIAN - OIS USDOIS'!D22 -> 0 | AU13: ='JACOBIAN - OIS USDOIS'!E22 -> 0 | AV13: ='JACOBIAN - OIS USDOIS'!F22 -> 0 | AW13: ='JACOBIAN - OIS USDOIS'!G22 -> -8.5864255e-06 | AX13: ='JACOBIAN - OIS USDOIS'!H22 -> 0 | AY13: ='JACOBIAN - OIS USDOIS'!I22 -> 0 | ... CF13: ='JACOBIAN - OIS USDOIS'!AP22 -> 0 | CK13: =AR13 -> 43847 | CL13: =AS13 -> -1.1093062e-06 | CM13: =AT13 -> 0 | CN13: =AU13 -> 0 | CO13: =AV13 -> 0 | CP13: =AW13 -> -8.5864255e-06 | CQ13: =AX13 -> 0 | CR13: =AY13 -> 0 | ... DA13: =BH13 -> 0 | DB13: 0 | DC13: 0 | DD13: 0 | DE13: 0 | DF13: 0 | DG13: 0 | DH13: 0 | DI13: 0 | DJ13: 0 | DK13: 0 | DL13: 0 | DM13: 0 | DN13: =BU13 -> 0 | DO13: =BV13 -> 0 | DP13: =BW13 -> 0 | DQ13: =BX13 -> 0 | DR13: =BY13 -> 0 | DS13: =BZ13 -> 0 | DT13: =CA13 -> 0 | DU13: =CB13 -> 0 | ... DY13: =CF13 -> 0 | EA13: OIS_4M | EB13: -0.024630204 | ED13: ='JACOBIAN - SWAP USD3ML'!B22 -> 43999 | EE13: ='JACOBIAN - SWAP USD3ML'!C22 -> 0 | EF13: ='JACOBIAN - SWAP USD3ML'!D22 -> 0 | EG13: ='JACOBIAN - SWAP USD3ML'!E22 -> 0 | EH13: ='JACOBIAN - SWAP USD3ML'!F22 -> 0 | EI13: ='JACOBIAN - SWAP USD3ML'!G22 -> -8.7083118e-16 | EJ13: ='JACOBIAN - SWAP USD3ML'!H22 -> 0 | EK13: ='JACOBIAN - SWAP USD3ML'!I22 -> 9.8917245e-05 | ... FB13: ='JACOBIAN - SWAP USD3ML'!Z22 -> 0 | FD13: ED4 Comdty | FE13: 6.5228962e-06 | FH13: USDYC.OIS.OUTRIGHTOISSWAP.4M | FI13: -0.011530978 | FJ13: USDYC.STD.FUTURE.ED2 COMDTY.20200318.20200617 | FK13: 0.0075836855 | FL13: #N/A
F14: 44914 | G14: 45096 | H14: 182 | I14: 0.5 | J14: 45096 | K14: -1000000 | L14: 0 | M14: 1 | N14: 0.01 | O14: -5000 | P14: 0.95388339 | Q14: -4769.417 | V14: =K14*I14*P14 -> -476941.7 | X14: =AR14 -> 43879 | Y14: 0 | AA14: =CK14 -> 43879 | AB14: =SUM(CL14:DY14) -> -1.8509502e-05 | AD14: 43879 | AE14: -1.8509502e-05 | AF14: =ABS(AE14-AB14)<0.0000000000000001 -> TRUE | AH14: =AO14 -> 44090 | AI14: 0 | AK14: 44090 | AL14: 0.0001 | AM14: =ABS(AP14-AL14)<0.0000000000000001 -> TRUE | AO14: =ED14 -> 44090 | AP14: =SUM(EE14:FB14) -> 0.0001 | AR14: ='JACOBIAN - OIS USDOIS'!B23 -> 43879 | AS14: ='JACOBIAN - OIS USDOIS'!C23 -> -1.1077808e-06 | AT14: ='JACOBIAN - OIS USDOIS'!D23 -> 0 | AU14: ='JACOBIAN - OIS USDOIS'!E23 -> 0 | AV14: ='JACOBIAN - OIS USDOIS'!F23 -> 0 | AW14: ='JACOBIAN - OIS USDOIS'!G23 -> 0 | AX14: ='JACOBIAN - OIS USDOIS'!H23 -> -1.7401721e-05 | AY14: ='JACOBIAN - OIS USDOIS'!I23 -> 0 | ... CF14: ='JACOBIAN - OIS USDOIS'!AP23 -> 0 | CK14: =AR14 -> 43879 | CL14: =AS14 -> -1.1077808e-06 | CM14: =AT14 -> 0 | CN14: =AU14 -> 0 | CO14: =AV14 -> 0 | CP14: =AW14 -> 0 | CQ14: =AX14 -> -1.7401721e-05 | CR14: =AY14 -> 0 | ... DA14: =BH14 -> 0 | DB14: 0 | DC14: 0 | DD14: 0 | DE14: 0 | DF14: 0 | DG14: 0 | DH14: 0 | DI14: 0 | DJ14: 0 | DK14: 0 | DL14: 0 | DM14: 0 | DN14: =BU14 -> 0 | DO14: =BV14 -> 0 | DP14: =BW14 -> 0 | DQ14: =BX14 -> 0 | DR14: =BY14 -> 0 | DS14: =BZ14 -> 0 | DT14: =CA14 -> 0 | DU14: =CB14 -> 0 | ... DY14: =CF14 -> 0 | EA14: OIS_5M | EB14: 0.09482396 | ED14: ='JACOBIAN - SWAP USD3ML'!B23 -> 44090 | EE14: ='JACOBIAN - SWAP USD3ML'!C23 -> 0 | EF14: ='JACOBIAN - SWAP USD3ML'!D23 -> 0 | EG14: ='JACOBIAN - SWAP USD3ML'!E23 -> 0 | EH14: ='JACOBIAN - SWAP USD3ML'!F23 -> 0 | EI14: ='JACOBIAN - SWAP USD3ML'!G23 -> 0 | EJ14: ='JACOBIAN - SWAP USD3ML'!H23 -> 0 | EK14: ='JACOBIAN - SWAP USD3ML'!I23 -> 0 | ... FB14: ='JACOBIAN - SWAP USD3ML'!Z23 -> 0 | FD14: ED5 Comdty | FE14: 6.3238446e-06 | FH14: USDYC.OIS.OUTRIGHTOISSWAP.5M | FI14: 0.081199706 | FJ14: USDYC.STD.FUTURE.ED3 COMDTY.20200617.20200916 | FK14: 0.0075919335 | FL14: #N/A
B15: Numerical Risk | F15: 45096 | G15: 45278 | H15: 182 | I15: 0.49722222 | J15: 45278 | K15: -1000000 | L15: 0 | M15: 1 | N15: 0.01 | O15: -4972.2222 | P15: 0.94736775 | Q15: -4710.523 | V15: =K15*I15*P15 -> -471052.3 | X15: =AR15 -> 43907 | Y15: =Q20 -> 4786.6758 | AA15: =CK15 -> 43907 | AB15: =SUM(CL15:DY15) -> -2.6181751e-05 | AD15: 43907 | AE15: -2.6181751e-05 | AF15: =ABS(AE15-AB15)<0.0000000000000001 -> TRUE | AH15: =AO15 -> 44091 | AI15: =V23 -> 249068.76 | AK15: 44091 | AL15: 9.9999973e-05 | AM15: =ABS(AP15-AL15)<0.0000000000000001 -> TRUE | AO15: =ED15 -> 44091 | AP15: =SUM(EE15:FB15) -> 9.9999973e-05 | AR15: ='JACOBIAN - OIS USDOIS'!B24 -> 43907 | AS15: ='JACOBIAN - OIS USDOIS'!C24 -> -1.1064507e-06 | AT15: ='JACOBIAN - OIS USDOIS'!D24 -> 0 | AU15: ='JACOBIAN - OIS USDOIS'!E24 -> 0 | AV15: ='JACOBIAN - OIS USDOIS'!F24 -> 0 | AW15: ='JACOBIAN - OIS USDOIS'!G24 -> 0 | AX15: ='JACOBIAN - OIS USDOIS'!H24 -> 0 | AY15: ='JACOBIAN - OIS USDOIS'!I24 -> -2.50753e-05 | ... CF15: ='JACOBIAN - OIS USDOIS'!AP24 -> 0 | CK15: =AR15 -> 43907 | CL15: =AS15 -> -1.1064507e-06 | CM15: =AT15 -> 0 | CN15: =AU15 -> 0 | CO15: =AV15 -> 0 | CP15: =AW15 -> 0 | CQ15: =AX15 -> 0 | CR15: =AY15 -> -2.50753e-05 | ... DA15: =BH15 -> 0 | DB15: 0 | DC15: 0 | DD15: 0 | DE15: 0 | DF15: 0 | DG15: 0 | DH15: 0 | DI15: 0 | DJ15: 0 | DK15: 0 | DL15: 0 | DM15: 0 | DN15: =BU15 -> 0 | DO15: =BV15 -> 0 | DP15: =BW15 -> 0 | DQ15: =BX15 -> 0 | DR15: =BY15 -> 0 | DS15: =BZ15 -> 0 | DT15: =CA15 -> 0 | DU15: =CB15 -> 0 | ... DY15: =CF15 -> 0 | EA15: OIS_6M | EB15: -0.10450109 | ED15: ='JACOBIAN - SWAP USD3ML'!B24 -> 44091 | EE15: ='JACOBIAN - SWAP USD3ML'!C24 -> 0 | EF15: ='JACOBIAN - SWAP USD3ML'!D24 -> 0 | EG15: ='JACOBIAN - SWAP USD3ML'!E24 -> 0 | EH15: ='JACOBIAN - SWAP USD3ML'!F24 -> 0 | EI15: ='JACOBIAN - SWAP USD3ML'!G24 -> 0 | EJ15: ='JACOBIAN - SWAP USD3ML'!H24 -> 0 | EK15: ='JACOBIAN - SWAP USD3ML'!I24 -> 8.795048e-16 | ... FB15: ='JACOBIAN - SWAP USD3ML'!Z24 -> 0 | FD15: ED6 Comdty | FE15: 6.3788171e-06 | FH15: USDYC.OIS.OUTRIGHTOISSWAP.6M | FI15: -0.24344456 | FJ15: USDYC.STD.FUTURE.ED4 COMDTY.20200916.20201216 | FK15: 0.0075919132 | FL15: #N/A
B16: ForecastRisk | C16: =C12 -> 481.64347 | F16: 45278 | G16: 45460 | H16: 182 | I16: 0.49722222 | J16: 45460 | K16: -1000000 | L16: 0 | M16: 1 | N16: 0.01 | O16: -4972.2222 | P16: 0.94078344 | Q16: -4677.7843 | V16: =K16*I16*P16 -> -467778.43 | X16: =AR16 -> 43938 | Y16: 0 | AA16: =CK16 -> 43938 | AB16: =SUM(CL16:DY16) -> -3.4635076e-05 | AD16: 43938 | AE16: -3.4635076e-05 | AF16: =ABS(AE16-AB16)<0.0000000000000001 -> TRUE | AH16: =AO16 -> 44181 | AI16: 0 | AK16: 44181 | AL16: 9.9991564e-05 | AM16: =ABS(AP16-AL16)<0.0000000000000001 -> TRUE | AO16: =ED16 -> 44181 | AP16: =SUM(EE16:FB16) -> 9.9991564e-05 | AR16: ='JACOBIAN - OIS USDOIS'!B25 -> 43938 | AS16: ='JACOBIAN - OIS USDOIS'!C25 -> -1.1050165e-06 | AT16: ='JACOBIAN - OIS USDOIS'!D25 -> 0 | AU16: ='JACOBIAN - OIS USDOIS'!E25 -> 0 | AV16: ='JACOBIAN - OIS USDOIS'!F25 -> 0 | AW16: ='JACOBIAN - OIS USDOIS'!G25 -> 0 | AX16: ='JACOBIAN - OIS USDOIS'!H25 -> 0 | AY16: ='JACOBIAN - OIS USDOIS'!I25 -> 0 | ... CF16: ='JACOBIAN - OIS USDOIS'!AP25 -> 0 | CK16: =AR16 -> 43938 | CL16: =AS16 -> -1.1050165e-06 | CM16: =AT16 -> 0 | CN16: =AU16 -> 0 | CO16: =AV16 -> 0 | CP16: =AW16 -> 0 | CQ16: =AX16 -> 0 | CR16: =AY16 -> 0 | ... DA16: =BH16 -> 0 | DB16: 0 | DC16: 0 | DD16: 0 | DE16: 0 | DF16: 0 | DG16: 0 | DH16: 0 | DI16: 0 | DJ16: 0 | DK16: 0 | DL16: 0 | DM16: 0 | DN16: =BU16 -> 0 | DO16: =BV16 -> 0 | DP16: =BW16 -> 0 | DQ16: =BX16 -> 0 | DR16: =BY16 -> 0 | DS16: =BZ16 -> 0 | DT16: =CA16 -> 0 | DU16: =CB16 -> 0 | ... DY16: =CF16 -> 0 | EA16: OIS_9M | EB16: -0.0065064534 | ED16: ='JACOBIAN - SWAP USD3ML'!B25 -> 44181 | EE16: ='JACOBIAN - SWAP USD3ML'!C25 -> 0 | EF16: ='JACOBIAN - SWAP USD3ML'!D25 -> 0 | EG16: ='JACOBIAN - SWAP USD3ML'!E25 -> 0 | EH16: ='JACOBIAN - SWAP USD3ML'!F25 -> 0 | EI16: ='JACOBIAN - SWAP USD3ML'!G25 -> 0 | EJ16: ='JACOBIAN - SWAP USD3ML'!H25 -> 0 | EK16: ='JACOBIAN - SWAP USD3ML'!I25 -> 0 | ... FB16: ='JACOBIAN - SWAP USD3ML'!Z25 -> 0 | FD16: ED7 Comdty | FE16: 4.4750215e-06 | FH16: USDYC.OIS.OUTRIGHTOISSWAP.9M | FI16: 0.24057323 | FJ16: USDYC.STD.FUTURE.ED5 COMDTY.20201216.20210317 | FK16: 0.0075918142 | FL16: #N/A
B17: DiscountRisk | C17: =C13-C12 -> -7.7813201 | F17: 45460 | G17: 45643 | H17: 183 | I17: 0.5 | J17: 45643 | K17: -1000000 | L17: 0 | M17: 1 | N17: 0.01 | O17: -5000 | P17: 0.93408002 | Q17: -4670.4001 | V17: =K17*I17*P17 -> -467040.01 | X17: =AR17 -> 43969 | Y17: 0 | AA17: =CK17 -> 43969 | AB17: =SUM(CL17:DY17) -> -4.3046363e-05 | AD17: 43969 | AE17: -4.3046363e-05 | AF17: =ABS(AE17-AB17)<0.0000000000000001 -> TRUE | AH17: =AO17 -> 44182 | AI17: =V24 -> 245559.84 | AK17: 44182 | AL17: 9.9995766e-05 | AM17: =ABS(AP17-AL17)<0.0000000000000001 -> TRUE | AO17: =ED17 -> 44182 | AP17: =SUM(EE17:FB17) -> 9.9995766e-05 | AR17: ='JACOBIAN - OIS USDOIS'!B26 -> 43969 | AS17: ='JACOBIAN - OIS USDOIS'!C26 -> -1.1036113e-06 | AT17: ='JACOBIAN - OIS USDOIS'!D26 -> 0 | AU17: ='JACOBIAN - OIS USDOIS'!E26 -> 0 | AV17: ='JACOBIAN - OIS USDOIS'!F26 -> 0 | AW17: ='JACOBIAN - OIS USDOIS'!G26 -> 0 | AX17: ='JACOBIAN - OIS USDOIS'!H26 -> 0 | AY17: ='JACOBIAN - OIS USDOIS'!I26 -> 0 | ... CF17: ='JACOBIAN - OIS USDOIS'!AP26 -> 0 | CK17: =AR17 -> 43969 | CL17: =AS17 -> -1.1036113e-06 | CM17: =AT17 -> 0 | CN17: =AU17 -> 0 | CO17: =AV17 -> 0 | CP17: =AW17 -> 0 | CQ17: =AX17 -> 0 | CR17: =AY17 -> 0 | ... DA17: =BH17 -> 0 | DB17: 0 | DC17: 0 | DD17: 0 | DE17: 0 | DF17: 0 | DG17: 0 | DH17: 0 | DI17: 0 | DJ17: 0 | DK17: 0 | DL17: 0 | DM17: 0 | DN17: =BU17 -> 0 | DO17: =BV17 -> 0 | DP17: =BW17 -> 0 | DQ17: =BX17 -> 0 | DR17: =BY17 -> 0 | DS17: =BZ17 -> 0 | DT17: =CA17 -> 0 | DU17: =CB17 -> 0 | ... DY17: =CF17 -> 0 | EA17: OIS_1Y | EB17: 1.7487222e-09 | ED17: ='JACOBIAN - SWAP USD3ML'!B26 -> 44182 | EE17: ='JACOBIAN - SWAP USD3ML'!C26 -> 0 | EF17: ='JACOBIAN - SWAP USD3ML'!D26 -> 0 | EG17: ='JACOBIAN - SWAP USD3ML'!E26 -> 0 | EH17: ='JACOBIAN - SWAP USD3ML'!F26 -> 0 | EI17: ='JACOBIAN - SWAP USD3ML'!G26 -> 0 | EJ17: ='JACOBIAN - SWAP USD3ML'!H26 -> 0 | EK17: ='JACOBIAN - SWAP USD3ML'!I26 -> 0 | ... FB17: ='JACOBIAN - SWAP USD3ML'!Z26 -> 0 | FD17: ED8 Comdty | FE17: 1.1979127e-05 | FH17: USDYC.OIS.BASISRATE.1Y | FI17: 0.64731555 | FJ17: USDYC.STD.FUTURE.ED6 COMDTY.20210317.20210616 | FK17: 0.0075917778 | FL17: #N/A
B18: PV01 | C18: =C16 -> 481.64347 | F18: Leg2:Float Leg Schedule & Cashflows | X18: =AR18 -> 43999 | Y18: =O8+Q21 -> -628.29254 | AA18: =CK18 -> 43999 | AB18: =SUM(CL18:DY18) -> -5.1146662e-05 | AD18: 43999 | AE18: -5.1146662e-05 | AF18: =ABS(AE18-AB18)<0.0000000000000001 -> TRUE | AH18: =AO18 -> 44272 | AI18: =V25 -> 250221.38 | AK18: 44272 | AL18: 0.000100004 | AM18: =ABS(AP18-AL18)<0.0000000000000001 -> TRUE | AO18: =ED18 -> 44272 | AP18: =SUM(EE18:FB18) -> 0.000100004 | AR18: ='JACOBIAN - OIS USDOIS'!B27 -> 43999 | AS18: ='JACOBIAN - OIS USDOIS'!C27 -> -1.1022683e-06 | AT18: ='JACOBIAN - OIS USDOIS'!D27 -> 0 | AU18: ='JACOBIAN - OIS USDOIS'!E27 -> 0 | AV18: ='JACOBIAN - OIS USDOIS'!F27 -> 0 | AW18: ='JACOBIAN - OIS USDOIS'!G27 -> 0 | AX18: ='JACOBIAN - OIS USDOIS'!H27 -> 0 | AY18: ='JACOBIAN - OIS USDOIS'!I27 -> 0 | ... CF18: ='JACOBIAN - OIS USDOIS'!AP27 -> 0 | CK18: =AR18 -> 43999 | CL18: =AS18 -> -1.1022683e-06 | CM18: =AT18 -> 0 | CN18: =AU18 -> 0 | CO18: =AV18 -> 0 | CP18: =AW18 -> 0 | CQ18: =AX18 -> 0 | CR18: =AY18 -> 0 | ... DA18: =BH18 -> 0 | DB18: 0 | DC18: 0 | DD18: 0 | DE18: 0 | DF18: 0 | DG18: 0 | DH18: 0 | DI18: 0 | DJ18: 0 | DK18: 0 | DL18: 0 | DM18: 0 | DN18: =BU18 -> 0 | DO18: =BV18 -> 0 | DP18: =BW18 -> 0 | DQ18: =BX18 -> 0 | DR18: =BY18 -> 0 | DS18: =BZ18 -> 0 | DT18: =CA18 -> 0 | DU18: =CB18 -> 0 | ... DY18: =CF18 -> 0 | EA18: OIS_2Y | EB18: 1.7487222e-09 | ED18: ='JACOBIAN - SWAP USD3ML'!B27 -> 44272 | EE18: ='JACOBIAN - SWAP USD3ML'!C27 -> 0 | EF18: ='JACOBIAN - SWAP USD3ML'!D27 -> 0 | EG18: ='JACOBIAN - SWAP USD3ML'!E27 -> 0 | EH18: ='JACOBIAN - SWAP USD3ML'!F27 -> 0 | EI18: ='JACOBIAN - SWAP USD3ML'!G27 -> 0 | EJ18: ='JACOBIAN - SWAP USD3ML'!H27 -> 0 | EK18: ='JACOBIAN - SWAP USD3ML'!I27 -> 0 | ... FB18: ='JACOBIAN - SWAP USD3ML'!Z27 -> 0 | FD18: SWAP_3Y | FE18: -3.8531254e-05 | FH18: USDYC.OIS.3MLIBORSWAP.1Y | FI18: -0.62053743 | FJ18: USDYC.STD.FUTURE.ED7 COMDTY.20210616.20210915 | FK18: 0.0075917444 | FL18: #N/A
B19: DV01 | C19: =SUM(C16:C17) -> 473.86215 | D19: Numerical DV01 | F19: FixingDate | G19: AccrualStart | H19: AccrualEnd | I19: AccrualDays | J19: AccrualYearFractions | K19: PaymentDate | L19: Notional | M19: NotionalExchange | N19: Leverage | O19: FloatSpread | P19: FloatRate | Q19: Coupon | R19: DiscountFactor | S19: CouponPV | V19: AnnuityLet | X19: =AR19 -> 44091 | Y19: =Q22 -> 4114.851 | AA19: =CK19 -> 44091 | AB19: =SUM(CL19:DY19) -> -7.5760274e-05 | AD19: 44091 | AE19: -7.5760274e-05 | AF19: =ABS(AE19-AB19)<0.0000000000000001 -> TRUE | AH19: =AO19 -> 44363 | AI19: 0 | AK19: 44363 | AL19: 0.00010000885 | AM19: =ABS(AP19-AL19)<0.0000000000000001 -> TRUE | AO19: =ED19 -> 44363 | AP19: =SUM(EE19:FB19) -> 0.00010000885 | AR19: ='JACOBIAN - OIS USDOIS'!B28 -> 44091 | AS19: ='JACOBIAN - OIS USDOIS'!C28 -> -1.0983076e-06 | AT19: ='JACOBIAN - OIS USDOIS'!D28 -> 0 | AU19: ='JACOBIAN - OIS USDOIS'!E28 -> 0 | AV19: ='JACOBIAN - OIS USDOIS'!F28 -> 0 | AW19: ='JACOBIAN - OIS USDOIS'!G28 -> 0 | AX19: ='JACOBIAN - OIS USDOIS'!H28 -> 0 | AY19: ='JACOBIAN - OIS USDOIS'!I28 -> 0 | ... CF19: ='JACOBIAN - OIS USDOIS'!AP28 -> 0 | CK19: =AR19 -> 44091 | CL19: =AS19 -> -1.0983076e-06 | CM19: =AT19 -> 0 | CN19: =AU19 -> 0 | CO19: =AV19 -> 0 | CP19: =AW19 -> 0 | CQ19: =AX19 -> 0 | CR19: =AY19 -> 0 | ... DA19: =BH19 -> 0 | DB19: 0 | DC19: 0 | DD19: 0 | DE19: 0 | DF19: 0 | DG19: 0 | DH19: 0 | DI19: 0 | DJ19: 0 | DK19: 0 | DL19: 0 | DM19: 0 | DN19: =BU19 -> 0 | DO19: =BV19 -> 0 | DP19: =BW19 -> 0 | DQ19: =BX19 -> 0 | DR19: =BY19 -> 0 | DS19: =BZ19 -> 0 | DT19: =CA19 -> 0 | DU19: =CB19 -> 0 | ... DY19: =CF19 -> 0 | EA19: OIS_3Y | EB19: 1.7487222e-09 | ED19: ='JACOBIAN - SWAP USD3ML'!B28 -> 44363 | EE19: ='JACOBIAN - SWAP USD3ML'!C28 -> 0 | EF19: ='JACOBIAN - SWAP USD3ML'!D28 -> 2.6341458e-08 | EG19: ='JACOBIAN - SWAP USD3ML'!E28 -> 8.6909646e-16 | EH19: ='JACOBIAN - SWAP USD3ML'!F28 -> 0 | EI19: ='JACOBIAN - SWAP USD3ML'!G28 -> 2.8820337e-10 | EJ19: ='JACOBIAN - SWAP USD3ML'!H28 -> 2.6243312e-08 | EK19: ='JACOBIAN - SWAP USD3ML'!I28 -> 2.6148756e-08 | ... FB19: ='JACOBIAN - SWAP USD3ML'!Z28 -> 6.951037e-14 | FD19: SWAP_4Y | FE19: -1.5316435e-05 | FF19: Numerical Risk | FH19: USDYC.OIS.BASISRATE.2Y | FI19: 1.1533657 | FJ19: USDYC.STD.FUTURE.ED8 COMDTY.20210915.20211215 | FK19: 0.0075904507 | FL19: #N/A
F20: 43816 | G20: 43816 | H20: 43907 | I20: 91 | J20: 0.25277778 | K20: 43907 | L20: 1000000 | M20: 0 | N20: 1 | O20: 0 | P20: 0.0189363 | Q20: 4786.6758 | R20: 0.99591367 | S20: 4767.1159 | V20: =L20*J20*R20 -> 251744.85 | X20: =AR20 -> 44182 | Y20: =O9+Q23 -> -1127.4088 | AA20: =CK20 -> 44182 | AB20: =SUM(CL20:DY20) -> -9.8848538e-05 | AD20: 44182 | AE20: -9.8848538e-05 | AF20: =ABS(AE20-AB20)<0.0000000000000001 -> TRUE | AH20: =AO20 -> 44364 | AI20: =V26 -> 249427.63 | AK20: 44364 | AL20: 0.00010001364 | AM20: =ABS(AP20-AL20)<0.0000000000000001 -> TRUE | AO20: =ED20 -> 44364 | AP20: =SUM(EE20:FB20) -> 0.00010001364 | AR20: ='JACOBIAN - OIS USDOIS'!B29 -> 44182 | AS20: ='JACOBIAN - OIS USDOIS'!C29 -> -1.0946889e-06 | AT20: ='JACOBIAN - OIS USDOIS'!D29 -> 0 | AU20: ='JACOBIAN - OIS USDOIS'!E29 -> 0 | AV20: ='JACOBIAN - OIS USDOIS'!F29 -> 0 | AW20: ='JACOBIAN - OIS USDOIS'!G29 -> 0 | AX20: ='JACOBIAN - OIS USDOIS'!H29 -> 0 | AY20: ='JACOBIAN - OIS USDOIS'!I29 -> -1.591732e-08 | ... CF20: ='JACOBIAN - OIS USDOIS'!AP29 -> 0 | CK20: =AR20 -> 44182 | CL20: =AS20 -> -1.0946889e-06 | CM20: =AT20 -> 0 | CN20: =AU20 -> 0 | CO20: =AV20 -> 0 | CP20: =AW20 -> 0 | CQ20: =AX20 -> 0 | CR20: =AY20 -> -1.591732e-08 | ... DA20: =BH20 -> 0 | DB20: 0 | DC20: 0 | DD20: 0 | DE20: 0 | DF20: 0 | DG20: 0 | DH20: 0 | DI20: 0 | DJ20: 0 | DK20: 0 | DL20: 0 | DM20: 0 | DN20: =BU20 -> -9.8085966e-05 | DO20: =BV20 -> 0 | DP20: =BW20 -> 0 | DQ20: =BX20 -> 0 | DR20: =BY20 -> 0 | DS20: =BZ20 -> 0 | DT20: =CA20 -> 0 | DU20: =CB20 -> 0 | ... DY20: =CF20 -> 0 | EA20: OIS_4Y | EB20: 1.7487222e-09 | ED20: ='JACOBIAN - SWAP USD3ML'!B29 -> 44364 | EE20: ='JACOBIAN - SWAP USD3ML'!C29 -> 0 | EF20: ='JACOBIAN - SWAP USD3ML'!D29 -> 5.2670606e-08 | EG20: ='JACOBIAN - SWAP USD3ML'!E29 -> 2.6055547e-15 | EH20: ='JACOBIAN - SWAP USD3ML'!F29 -> 0 | EI20: ='JACOBIAN - SWAP USD3ML'!G29 -> 5.7627207e-10 | EJ20: ='JACOBIAN - SWAP USD3ML'!H29 -> 5.2474361e-08 | EK20: ='JACOBIAN - SWAP USD3ML'!I29 -> 5.2285293e-08 | ... FB20: ='JACOBIAN - SWAP USD3ML'!Z29 -> 1.39019e-13 | FD20: SWAP_5Y | FE20: 481.6435 | FF20: =FK22 -> #DISABLED | FH20: USDYC.OIS.3MLIBORSWAP.2Y | FI20: -1.1190447 | FJ20: USDYC.STD.3MLIBORSWAP.3Y | FK20: 0.0079097241 | FL20: #N/A
B21: Analytical Risk | F21: 43907 | G21: 43907 | H21: 43999 | I21: 92 | J21: 0.25555556 | K21: 43999 | L21: 1000000 | M21: 0 | N21: 1 | O21: 0 | P21: 0.017106681 | Q21: 4371.7075 | R21: 0.99214919 | S21: 4337.386 | V21: =L21*J21*R21 -> 253549.24 | X21: =AR21 -> 44272 | Y21: =Q24 -> 3805.0775 | AA21: =CK21 -> 44272 | AB21: =SUM(CL21:DY21) -> -0.00012157691 | AD21: 44272 | AE21: -0.00012157691 | AF21: =ABS(AE21-AB21)<0.0000000000000001 -> TRUE | AH21: =AO21 -> 44454 | AI21: 0 | AK21: 44454 | AL21: 0.0001 | AM21: =ABS(AP21-AL21)<0.0000000000000001 -> TRUE | AO21: =ED21 -> 44454 | AP21: =SUM(EE21:FB21) -> 0.0001 | AR21: ='JACOBIAN - OIS USDOIS'!B30 -> 44272 | AS21: ='JACOBIAN - OIS USDOIS'!C30 -> -1.0912586e-06 | AT21: ='JACOBIAN - OIS USDOIS'!D30 -> -2.1672941e-08 | AU21: ='JACOBIAN - OIS USDOIS'!E30 -> 8.6665301e-08 | AV21: ='JACOBIAN - OIS USDOIS'!F30 -> -2.2829208e-07 | AW21: ='JACOBIAN - OIS USDOIS'!G30 -> 2.9385026e-07 | AX21: ='JACOBIAN - OIS USDOIS'!H30 -> -6.645513e-07 | AY21: ='JACOBIAN - OIS USDOIS'!I30 -> 2.2343064e-06 | ... CF21: ='JACOBIAN - OIS USDOIS'!AP30 -> -2.1381785e-12 | CK21: =AR21 -> 44272 | CL21: =AS21 -> -1.0912586e-06 | CM21: =AT21 -> -2.1672941e-08 | CN21: =AU21 -> 8.6665301e-08 | CO21: =AV21 -> -2.2829208e-07 | CP21: =AW21 -> 2.9385026e-07 | CQ21: =AX21 -> -6.645513e-07 | CR21: =AY21 -> 2.2343064e-06 | ... DA21: =BH21 -> 1.7874591e-14 | DB21: 0 | DC21: 0 | DD21: 0 | DE21: 0 | DF21: 0 | DG21: 0 | DH21: 0 | DI21: 0 | DJ21: 0 | DK21: 0 | DL21: 0 | DM21: 0 | DN21: =BU21 -> -0.00017891466 | DO21: =BV21 -> -2.3426459e-05 | DP21: =BW21 -> 5.7852616e-06 | DQ21: =BX21 -> -1.5332657e-06 | DR21: =BY21 -> 3.3070885e-07 | DS21: =BZ21 -> -3.2993515e-08 | DT21: =CA21 -> 6.5860258e-09 | DU21: =CB21 -> -2.3082752e-09 | ... DY21: =CF21 -> -2.1381785e-12 | EA21: OIS_5Y | EB21: 1.7487222e-09 | EC21: Numerical Risk | ED21: ='JACOBIAN - SWAP USD3ML'!B30 -> 44454 | EE21: ='JACOBIAN - SWAP USD3ML'!C30 -> 0 | EF21: ='JACOBIAN - SWAP USD3ML'!D30 -> 0 | EG21: ='JACOBIAN - SWAP USD3ML'!E30 -> 0 | EH21: ='JACOBIAN - SWAP USD3ML'!F30 -> 0 | EI21: ='JACOBIAN - SWAP USD3ML'!G30 -> 0 | EJ21: ='JACOBIAN - SWAP USD3ML'!H30 -> 0 | EK21: ='JACOBIAN - SWAP USD3ML'!I30 -> 0 | ... FB21: ='JACOBIAN - SWAP USD3ML'!Z30 -> 0 | FD21: SWAP_7Y | FE21: -5.9088752e-06 | FH21: USDYC.OIS.BASISRATE.3Y | FI21: 1.6897695 | FJ21: USDYC.STD.3MLIBORSWAP.4Y | FK21: 0.0080796628 | FL21: #N/A
B22: ForecastRisk | C22: {=SUM(MMULT(TRANSPOSE(AI7:AI136),EE7:FB136))} -> 481.64251 | F22: 43999 | G22: 43999 | H22: 44091 | I22: 92 | J22: 0.25555556 | K22: 44091 | L22: 1000000 | M22: 0 | N22: 1 | O22: 0 | P22: 0.016101591 | Q22: 4114.851 | R22: 0.9885841 | S22: 4067.8763 | V22: =L22*J22*R22 -> 252638.16 | X22: =AR22 -> 44364 | Y22: =O10+Q25 -> -1305.2501 | AA22: =CK22 -> 44364 | AB22: =SUM(CL22:DY22) -> -0.00014543593 | AD22: 44364 | AE22: -0.00014543593 | AF22: =ABS(AE22-AB22)<0.0000000000000001 -> TRUE | AH22: =AO22 -> 44456 | AI22: =V27 -> 245937.16 | AK22: 44456 | AL22: 9.9961045e-05 | AM22: =ABS(AP22-AL22)<0.0000000000000001 -> TRUE | AO22: =ED22 -> 44456 | AP22: =SUM(EE22:FB22) -> 9.9961045e-05 | AR22: ='JACOBIAN - OIS USDOIS'!B31 -> 44364 | AS22: ='JACOBIAN - OIS USDOIS'!C31 -> -1.087801e-06 | AT22: ='JACOBIAN - OIS USDOIS'!D31 -> -2.7039548e-08 | AU22: ='JACOBIAN - OIS USDOIS'!E31 -> 1.0812521e-07 | AV22: ='JACOBIAN - OIS USDOIS'!F31 -> -2.8482123e-07 | AW22: ='JACOBIAN - OIS USDOIS'!G31 -> 3.6661289e-07 | AX22: ='JACOBIAN - OIS USDOIS'!H31 -> -8.2910605e-07 | AY22: ='JACOBIAN - OIS USDOIS'!I31 -> 2.7918338e-06 | ... CF22: ='JACOBIAN - OIS USDOIS'!AP31 -> -5.779599e-12 | CK22: =AR22 -> 44364 | CL22: =AS22 -> -1.087801e-06 | CM22: =AT22 -> -2.7039548e-08 | CN22: =AU22 -> 1.0812521e-07 | CO22: =AV22 -> -2.8482123e-07 | CP22: =AW22 -> 3.6661289e-07 | CQ22: =AX22 -> -8.2910605e-07 | CR22: =AY22 -> 2.7918338e-06 | ... DA22: =BH22 -> 6.0063066e-14 | DB22: 0 | DC22: 0 | DD22: 0 | DE22: 0 | DF22: 0 | DG22: 0 | DH22: 0 | DI22: 0 | DJ22: 0 | DK22: 0 | DL22: 0 | DM22: 0 | DN22: =BU22 -> -0.00017642764 | DO22: =BV22 -> -7.6586535e-05 | DP22: =BW22 -> 1.5640083e-05 | DQ22: =BX22 -> -4.145059e-06 | DR22: =BY22 -> 8.9404591e-07 | DS22: =BZ22 -> -8.9195396e-08 | DT22: =CA22 -> 1.7804818e-08 | DU22: =CB22 -> -6.240234e-09 | ... DY22: =CF22 -> -5.779599e-12 | EA22: LIBOROIS_1Y | EB22: 0.45074544 | EC22: =FI17 -> #DISABLED | ED22: ='JACOBIAN - SWAP USD3ML'!B31 -> 44456 | EE22: ='JACOBIAN - SWAP USD3ML'!C31 -> -8.795048e-16 | EF22: ='JACOBIAN - SWAP USD3ML'!D31 -> -2.1474243e-07 | EG22: ='JACOBIAN - SWAP USD3ML'!E31 -> -8.7846397e-15 | EH22: ='JACOBIAN - SWAP USD3ML'!F31 -> -8.795048e-16 | EI22: ='JACOBIAN - SWAP USD3ML'!G31 -> -2.3495105e-09 | EJ22: ='JACOBIAN - SWAP USD3ML'!H31 -> -2.1394232e-07 | EK22: ='JACOBIAN - SWAP USD3ML'!I31 -> -2.1317148e-07 | ... FB22: ='JACOBIAN - SWAP USD3ML'!Z31 -> -7.2293907e-13 | FD22: SWAP_8Y | FE22: 1.8769179e-05 | FH22: USDYC.OIS.3MLIBORSWAP.3Y | FI22: -1.6471848 | FJ22: USDYC.STD.3MLIBORSWAP.5Y | FK22: 481.65129 | FL22: #N/A
B23: DiscountRisk | C23: {=SUM(MMULT(TRANSPOSE(Y7:Y136),CL7:DY136))} -> -6.7664009 | F23: 44091 | G23: 44091 | H23: 44182 | I23: 91 | J23: 0.25277778 | K23: 44182 | L23: 1000000 | M23: 0 | N23: 1 | O23: 0 | P23: 0.015320141 | Q23: 3872.5912 | R23: 0.98532697 | S23: 3815.7686 | V23: =L23*J23*R23 -> 249068.76 | X23: =AR23 -> 44456 | Y23: =Q26 -> 3675.2745 | AA23: =CK23 -> 44456 | AB23: =SUM(CL23:DY23) -> -0.00016986773 | AD23: 44456 | AE23: -0.00016986773 | AF23: =ABS(AE23-AB23)<0.0000000000000001 -> TRUE | AH23: =AO23 -> 44545 | AI23: 0 | AK23: 44545 | AL23: 9.7049489e-05 | AM23: =ABS(AP23-AL23)<0.0000000000000001 -> TRUE | AO23: =ED23 -> 44545 | AP23: =SUM(EE23:FB23) -> 9.7049489e-05 | AR23: ='JACOBIAN - OIS USDOIS'!B32 -> 44456 | AS23: ='JACOBIAN - OIS USDOIS'!C32 -> -1.0843503e-06 | AT23: ='JACOBIAN - OIS USDOIS'!D32 -> -1.6642742e-08 | AU23: ='JACOBIAN - OIS USDOIS'!E32 -> 6.6550747e-08 | AV23: ='JACOBIAN - OIS USDOIS'!F32 -> -1.7530638e-07 | AW23: ='JACOBIAN - OIS USDOIS'!G32 -> 2.25649e-07 | AX23: ='JACOBIAN - OIS USDOIS'!H32 -> -5.1031201e-07 | AY23: ='JACOBIAN - OIS USDOIS'!I32 -> 1.7127377e-06 | ... CF23: ='JACOBIAN - OIS USDOIS'!AP32 -> -7.0604633e-12 | CK23: =AR23 -> 44456 | CL23: =AS23 -> -1.0843503e-06 | CM23: =AT23 -> -1.6642742e-08 | CN23: =AU23 -> 6.6550747e-08 | CO23: =AV23 -> -1.7530638e-07 | CP23: =AW23 -> 2.25649e-07 | CQ23: =AX23 -> -5.1031201e-07 | CR23: =AY23 -> 1.7127377e-06 | ... DA23: =BH23 -> 1.1723955e-13 | DB23: 0 | DC23: 0 | DD23: 0 | DE23: 0 | DF23: 0 | DG23: 0 | DH23: 0 | DI23: 0 | DJ23: 0 | DK23: 0 | DL23: 0 | DM23: 0 | DN23: =BU23 -> -9.9518586e-05 | DO23: =BV23 -> -0.00014372698 | DP23: =BW23 -> 1.911147e-05 | DQ23: =BX23 -> -5.065062e-06 | DR23: =BY23 -> 1.0924816e-06 | DS23: =BZ23 -> -1.0899251e-07 | DT23: =CA23 -> 2.1756672e-08 | DU23: =CB23 -> -7.6252367e-09 | ... DY23: =CF23 -> -7.0604633e-12 | EA23: LIBOROIS_2Y | EB23: 0.95997654 | EC23: =FI19 -> #DISABLED | ED23: ='JACOBIAN - SWAP USD3ML'!B32 -> 44545 | EE23: ='JACOBIAN - SWAP USD3ML'!C32 -> -2.5757174e-14 | EF23: ='JACOBIAN - SWAP USD3ML'!D32 -> -1.6254378e-05 | EG23: ='JACOBIAN - SWAP USD3ML'!E32 -> -7.0166095e-13 | EH23: ='JACOBIAN - SWAP USD3ML'!F32 -> -2.5757174e-14 | EI23: ='JACOBIAN - SWAP USD3ML'!G32 -> -1.7784054e-07 | EJ23: ='JACOBIAN - SWAP USD3ML'!H32 -> -1.6193816e-05 | EK23: ='JACOBIAN - SWAP USD3ML'!I32 -> -1.6135469e-05 | ... FB23: ='JACOBIAN - SWAP USD3ML'!Z32 -> -5.3193894e-11 | FD23: SWAP_9Y | FE23: 1.0697891e-05 | FH23: USDYC.OIS.BASISRATE.4Y | FI23: 2.500566 | FJ23: USDYC.STD.3MLIBORSWAP.7Y | FK23: 0.0063458981 | FL23: #N/A
B24: PV01 | C24: =C22 -> 481.64251 | F24: 44182 | G24: 44182 | H24: 44272 | I24: 90 | J24: 0.25 | K24: 44272 | L24: 1000000 | M24: 0 | N24: 1 | O24: 0 | P24: 0.01522031 | Q24: 3805.0775 | R24: 0.98223937 | S24: 3737.4969 | V24: =L24*J24*R24 -> 245559.84 | X24: =AR24 -> 44547 | Y24: =O11+Q27 -> -1383.9834 | AA24: =CK24 -> 44547 | AB24: =SUM(CL24:DY24) -> -0.00019416421 | AD24: 44547 | AE24: -0.00019416421 | AF24: =ABS(AE24-AB24)<0.0000000000000001 -> TRUE | AH24: =AO24 -> 44547 | AI24: =V28 -> 242469.23 | AK24: 44547 | AL24: 9.6981625e-05 | AM24: =ABS(AP24-AL24)<0.0000000000000001 -> TRUE | AO24: =ED24 -> 44547 | AP24: =SUM(EE24:FB24) -> 9.6981625e-05 | AR24: ='JACOBIAN - OIS USDOIS'!B33 -> 44547 | AS24: ='JACOBIAN - OIS USDOIS'!C33 -> -1.0809251e-06 | AT24: ='JACOBIAN - OIS USDOIS'!D33 -> 1.7691026e-10 | AU24: ='JACOBIAN - OIS USDOIS'!E33 -> -7.0724271e-10 | AV24: ='JACOBIAN - OIS USDOIS'!F33 -> 1.863539e-09 | AW24: ='JACOBIAN - OIS USDOIS'!G33 -> -2.3982776e-09 | AX24: ='JACOBIAN - OIS USDOIS'!H33 -> 5.4239575e-09 | AY24: ='JACOBIAN - OIS USDOIS'!I33 -> -3.3291282e-08 | ... CF24: ='JACOBIAN - OIS USDOIS'!AP33 -> 4.5075055e-14 | CK24: =AR24 -> 44547 | CL24: =AS24 -> -1.0809251e-06 | CM24: =AT24 -> 1.7691026e-10 | CN24: =AU24 -> -7.0724271e-10 | CO24: =AV24 -> 1.863539e-09 | CP24: =AW24 -> -2.3982776e-09 | CQ24: =AX24 -> 5.4239575e-09 | CR24: =AY24 -> -3.3291282e-08 | ... DA24: =BH24 -> 1.7030821e-13 | DB24: 0 | DC24: 0 | DD24: 0 | DE24: 0 | DF24: 0 | DG24: 0 | DH24: 0 | DI24: 0 | DJ24: 0 | DK24: 0 | DL24: 0 | DM24: 0 | DN24: =BU24 -> 1.863489e-06 | DO24: =BV24 -> -0.00019454434 | DP24: =BW24 -> -1.0056072e-07 | DQ24: =BX24 -> 2.6651396e-08 | DR24: =BY24 -> -5.7484043e-09 | DS24: =BZ24 -> 5.7354432e-10 | DT24: =CA24 -> -1.1434709e-10 | DU24: =CB24 -> 4.0246362e-11 | ... DY24: =CF24 -> 4.5075055e-14 | EA24: LIBOROIS_3Y | EB24: 1.5504902 | EC24: =FI21 -> #DISABLED | ED24: ='JACOBIAN - SWAP USD3ML'!B33 -> 44547 | EE24: ='JACOBIAN - SWAP USD3ML'!C33 -> -2.6645353e-14 | EF24: ='JACOBIAN - SWAP USD3ML'!D33 -> -1.6624973e-05 | EG24: ='JACOBIAN - SWAP USD3ML'!E33 -> -7.2386541e-13 | EH24: ='JACOBIAN - SWAP USD3ML'!F33 -> -2.5757174e-14 | EI24: ='JACOBIAN - SWAP USD3ML'!G33 -> -1.8189526e-07 | EJ24: ='JACOBIAN - SWAP USD3ML'!H33 -> -1.6563031e-05 | EK24: ='JACOBIAN - SWAP USD3ML'!I33 -> -1.6503353e-05 | ... FB24: ='JACOBIAN - SWAP USD3ML'!Z33 -> -5.4159344e-11 | FD24: SWAP_10Y | FE24: 2.0927676e-05 | FH24: USDYC.OIS.3MLIBORSWAP.4Y | FI24: -2.444197 | FJ24: USDYC.STD.3MLIBORSWAP.8Y | FK24: 0.01048441 | FL24: #N/A
B25: DV01 | C25: =C22+C23 -> 474.87611 | D25: Analytical DV01 | F25: 44272 | G25: 44272 | H25: 44364 | I25: 92 | J25: 0.25555556 | K25: 44364 | L25: 1000000 | M25: 0 | N25: 1 | O25: 0 | P25: 0.014457717 | Q25: 3694.7499 | R25: 0.97912715 | S25: 3617.63 | V25: =L25*J25*R25 -> 250221.38 | X25: =AR25 -> 44637 | Y25: =Q28 -> 3700.2854 | AA25: =CK25 -> 44637 | AB25: =SUM(CL25:DY25) -> -0.00021775514 | AD25: 44637 | AE25: -0.00021775514 | AF25: =ABS(AE25-AB25)<0.0000000000000001 -> TRUE | AH25: =AO25 -> 44637 | AI25: =V29 -> 247052.4 | AK25: 44637 | AL25: 9.4695659e-05 | AM25: =ABS(AP25-AL25)<0.0000000000000001 -> TRUE | AO25: =ED25 -> 44637 | AP25: =SUM(EE25:FB25) -> 9.4695659e-05 | AR25: ='JACOBIAN - OIS USDOIS'!B34 -> 44637 | AS25: ='JACOBIAN - OIS USDOIS'!C34 -> -1.0775241e-06 | AT25: ='JACOBIAN - OIS USDOIS'!D34 -> 1.0581366e-08 | AU25: ='JACOBIAN - OIS USDOIS'!E34 -> -4.2312279e-08 | AV25: ='JACOBIAN - OIS USDOIS'!F34 -> 1.1145884e-07 | AW25: ='JACOBIAN - OIS USDOIS'!G34 -> -1.4346572e-07 | AX25: ='JACOBIAN - OIS USDOIS'!H34 -> 3.2445245e-07 | AY25: ='JACOBIAN - OIS USDOIS'!I34 -> -1.1132941e-06 | ... CF25: ='JACOBIAN - OIS USDOIS'!AP34 -> 1.9806712e-11 | CK25: =AR25 -> 44637 | CL25: =AS25 -> -1.0775241e-06 | CM25: =AT25 -> 1.0581366e-08 | CN25: =AU25 -> -4.2312279e-08 | CO25: =AV25 -> 1.1145884e-07 | CP25: =AW25 -> -1.4346572e-07 | CQ25: =AX25 -> 3.2445245e-07 | CR25: =AY25 -> -1.1132941e-06 | ... DA25: =BH25 -> 1.976197e-13 | DB25: 0 | DC25: 0 | DD25: 0 | DE25: 0 | DF25: 0 | DG25: 0 | DH25: 0 | DI25: 0 | DJ25: 0 | DK25: 0 | DL25: 0 | DM25: 0 | DN25: =BU25 -> 6.29362e-05 | DO25: =BV25 -> -0.00019694722 | DP25: =BW25 -> -5.6785148e-05 | DQ25: =BX25 -> 1.4191166e-05 | DR25: =BY25 -> -3.0608512e-06 | DS25: =BZ25 -> 3.0536972e-07 | DT25: =CA25 -> -6.0956297e-08 | DU25: =CB25 -> 2.1364372e-08 | ... DY25: =CF25 -> 1.9806712e-11 | EA25: LIBOROIS_4Y | EB25: 2.6747167 | EC25: =FI23 -> #DISABLED | ED25: ='JACOBIAN - SWAP USD3ML'!B34 -> 44637 | EE25: ='JACOBIAN - SWAP USD3ML'!C34 -> -7.3854117e-14 | EF25: ='JACOBIAN - SWAP USD3ML'!D34 -> -2.8756032e-05 | EG25: ='JACOBIAN - SWAP USD3ML'!E34 -> -2.0609608e-12 | EH25: ='JACOBIAN - SWAP USD3ML'!F34 -> -7.3854117e-14 | EI25: ='JACOBIAN - SWAP USD3ML'!G34 -> -3.1462273e-07 | EJ25: ='JACOBIAN - SWAP USD3ML'!H34 -> -2.864889e-05 | EK25: ='JACOBIAN - SWAP USD3ML'!I34 -> -2.8545668e-05 | ... FB25: ='JACOBIAN - SWAP USD3ML'!Z34 -> -6.369253e-11 | FD25: SWAP_12Y | FE25: 8.3948983e-07 | FH25: USDYC.OIS.BASISRATE.5Y | FI25: 2.0146174 | FJ25: USDYC.STD.3MLIBORSWAP.9Y | FK25: 0.0058561738 | FL25: #N/A
F26: 44364 | G26: 44364 | H26: 44456 | I26: 92 | J26: 0.25555556 | K26: 44456 | L26: 1000000 | M26: 0 | N26: 1 | O26: 0 | P26: 0.014381509 | Q26: 3675.2745 | R26: 0.97602116 | S26: 3587.1457 | V26: =L26*J26*R26 -> 249427.63 | X26: =AR26 -> 44729 | Y26: =O12+Q29 -> -1103.4927 | AA26: =CK26 -> 44729 | AB26: =SUM(CL26:DY26) -> -0.0002413121 | AD26: 44729 | AE26: -0.0002413121 | AF26: =ABS(AE26-AB26)<0.0000000000000001 -> TRUE | AH26: =AO26 -> 44729 | AI26: =V30 -> 251575.11 | AK26: 44729 | AL26: 9.3947841e-05 | AM26: =ABS(AP26-AL26)<0.0000000000000001 -> TRUE | AO26: =ED26 -> 44729 | AP26: =SUM(EE26:FB26) -> 9.3947841e-05 | AR26: ='JACOBIAN - OIS USDOIS'!B35 -> 44729 | AS26: ='JACOBIAN - OIS USDOIS'!C35 -> -1.0740243e-06 | AT26: ='JACOBIAN - OIS USDOIS'!D35 -> 1.2247269e-08 | AU26: ='JACOBIAN - OIS USDOIS'!E35 -> -4.8973787e-08 | AV26: ='JACOBIAN - OIS USDOIS'!F35 -> 1.290064e-07 | AW26: ='JACOBIAN - OIS USDOIS'!G35 -> -1.660524e-07 | AX26: ='JACOBIAN - OIS USDOIS'!H35 -> 3.7553286e-07 | AY26: ='JACOBIAN - OIS USDOIS'!I35 -> -1.2860665e-06 | ... CF26: ='JACOBIAN - OIS USDOIS'!AP35 -> 4.2171155e-11 | CK26: =AR26 -> 44729 | CL26: =AS26 -> -1.0740243e-06 | CM26: =AT26 -> 1.2247269e-08 | CN26: =AU26 -> -4.8973787e-08 | CO26: =AV26 -> 1.290064e-07 | CP26: =AW26 -> -1.660524e-07 | CQ26: =AX26 -> 3.7553286e-07 | CR26: =AY26 -> -1.2860665e-06 | ... DA26: =BH26 -> 1.9684254e-13 | DB26: 0 | DC26: 0 | DD26: 0 | DE26: 0 | DF26: 0 | DG26: 0 | DH26: 0 | DI26: 0 | DJ26: 0 | DK26: 0 | DL26: 0 | DM26: 0 | DN26: =BU26 -> 7.2708726e-05 | DO26: =BV26 -> -0.00015029088 | DP26: =BW26 -> -0.00014372416 | DQ26: =BX26 -> 3.0218974e-05 | DR26: =BY26 -> -6.5177764e-06 | DS26: =BZ26 -> 6.5025547e-07 | DT26: =CA26 -> -1.2980073e-07 | DU26: =CB26 -> 4.549322e-08 | ... DY26: =CF26 -> 4.2171155e-11 | EA26: LIBOROIS_5Y | EB26: 1.1157576 | EC26: =FI25 -> #DISABLED | ED26: ='JACOBIAN - SWAP USD3ML'!B35 -> 44729 | EE26: ='JACOBIAN - SWAP USD3ML'!C35 -> -1.3861308e-13 | EF26: ='JACOBIAN - SWAP USD3ML'!D35 -> -3.1610005e-05 | EG26: ='JACOBIAN - SWAP USD3ML'!E35 -> -4.0418745e-12 | EH26: ='JACOBIAN - SWAP USD3ML'!F35 -> -1.3946309e-13 | EI26: ='JACOBIAN - SWAP USD3ML'!G35 -> -3.4584855e-07 | EJ26: ='JACOBIAN - SWAP USD3ML'!H35 -> -3.149223e-05 | EK26: ='JACOBIAN - SWAP USD3ML'!I35 -> -3.1378765e-05 | ... FB26: ='JACOBIAN - SWAP USD3ML'!Z35 -> -4.1260623e-12 | FD26: SWAP_15Y | FE26: 9.2639151e-07 | FH26: USDYC.OIS.3MLIBORSWAP.5Y | FI26: 479.67696 | FJ26: USDYC.STD.3MLIBORSWAP.10Y | FK26: 0.0073213072 | FL26: #N/A
B27: Actual Risk by Bumping Curve Manually | F27: 44456 | G27: 44456 | H27: 44547 | I27: 91 | J27: 0.25277778 | K27: 44547 | L27: 1000000 | M27: 0 | N27: 1 | O27: 0 | P27: 0.014305121 | Q27: 3616.0166 | R27: 0.9729382 | S27: 3518.1607 | V27: =L27*J27*R27 -> 245937.16 | X27: =AR27 -> 44823 | Y27: =Q30 -> 4051.0759 | AA27: =CK27 -> 44823 | AB27: =SUM(CL27:DY27) -> -0.000264903 | AD27: 44823 | AE27: -0.000264903 | AF27: =ABS(AE27-AB27)<0.0000000000000001 -> TRUE | AH27: =AO27 -> 44823 | AI27: =V31 -> 242744.06 | AK27: 44823 | AL27: 9.4777772e-05 | AM27: =ABS(AP27-AL27)<0.0000000000000001 -> TRUE | AO27: =ED27 -> 44823 | AP27: =SUM(EE27:FB27) -> 9.4777772e-05 | AR27: ='JACOBIAN - OIS USDOIS'!B36 -> 44823 | AS27: ='JACOBIAN - OIS USDOIS'!C36 -> -1.0704162e-06 | AT27: ='JACOBIAN - OIS USDOIS'!D36 -> 7.1180133e-09 | AU27: ='JACOBIAN - OIS USDOIS'!E36 -> -2.8462977e-08 | AV27: ='JACOBIAN - OIS USDOIS'!F36 -> 7.4977051e-08 | AW27: ='JACOBIAN - OIS USDOIS'!G36 -> -9.6507681e-08 | AX27: ='JACOBIAN - OIS USDOIS'!H36 -> 2.1825506e-07 | AY27: ='JACOBIAN - OIS USDOIS'!I36 -> -7.5340057e-07 | ... CF27: ='JACOBIAN - OIS USDOIS'!AP36 -> 4.5047743e-11 | CK27: =AR27 -> 44823 | CL27: =AS27 -> -1.0704162e-06 | CM27: =AT27 -> 7.1180133e-09 | CN27: =AU27 -> -2.8462977e-08 | CO27: =AV27 -> 7.4977051e-08 | CP27: =AW27 -> -9.6507681e-08 | CQ27: =AX27 -> 2.1825506e-07 | CR27: =AY27 -> -7.5340057e-07 | ... DA27: =BH27 -> 1.7419399e-13 | DB27: 0 | DC27: 0 | DD27: 0 | DE27: 0 | DF27: 0 | DG27: 0 | DH27: 0 | DI27: 0 | DJ27: 0 | DK27: 0 | DL27: 0 | DM27: 0 | DN27: =BU27 -> 4.2590362e-05 | DO27: =BV27 -> -7.1708189e-05 | DP27: =BW27 -> -0.0002356409 | DQ27: =BX27 -> 3.2267963e-05 | DR27: =BY27 -> -6.9597031e-06 | DS27: =BZ27 -> 6.9434507e-07 | DT27: =CA27 -> -1.386017e-07 | DU27: =CB27 -> 4.8577819e-08 | ... DY27: =CF27 -> 4.5047743e-11 | EA27: LIBOROIS_7Y | EB27: -0.073304232 | ED27: ='JACOBIAN - SWAP USD3ML'!B36 -> 44823 | EE27: ='JACOBIAN - SWAP USD3ML'!C36 -> -2.2399617e-13 | EF27: ='JACOBIAN - SWAP USD3ML'!D36 -> -2.4911737e-05 | EG27: ='JACOBIAN - SWAP USD3ML'!E36 -> -6.6250304e-12 | EH27: ='JACOBIAN - SWAP USD3ML'!F36 -> -2.2399617e-13 | EI27: ='JACOBIAN - SWAP USD3ML'!G36 -> -2.7256189e-07 | EJ27: ='JACOBIAN - SWAP USD3ML'!H36 -> -2.4818919e-05 | EK27: ='JACOBIAN - SWAP USD3ML'!I36 -> -2.4729501e-05 | ... FB27: ='JACOBIAN - SWAP USD3ML'!Z36 -> 1.243032e-10 | FD27: SWAP_20Y | FE27: 6.4801422e-07 | FH27: USDYC.OIS.BASISRATE.7Y | FI27: -0.033001044 | FJ27: USDYC.STD.3MLIBORSWAP.12Y | FK27: 0.01270939 | FL27: #N/A
B28: ForecastRisk | C28: =C30-C29 -> 481.64369 | F28: 44547 | G28: 44547 | H28: 44637 | I28: 90 | J28: 0.25 | K28: 44637 | L28: 1000000 | M28: 0 | N28: 1 | O28: 0 | P28: 0.014801142 | Q28: 3700.2854 | R28: 0.96987691 | S28: 3588.8214 | V28: =L28*J28*R28 -> 242469.23 | X28: =AR28 -> 44914 | Y28: =O13+Q31 -> -1114.4595 | AA28: =CK28 -> 44914 | AB28: =SUM(CL28:DY28) -> -0.00028748365 | AD28: 44914 | AE28: -0.00028748365 | AF28: =ABS(AE28-AB28)<0.0000000000000001 -> TRUE | AH28: =AO28 -> 44914 | AI28: =V32 -> 233985.46 | AK28: 44914 | AL28: 9.6810973e-05 | AM28: =ABS(AP28-AL28)<0.0000000000000001 -> TRUE | AO28: =ED28 -> 44914 | AP28: =SUM(EE28:FB28) -> 9.6810973e-05 | AR28: ='JACOBIAN - OIS USDOIS'!B37 -> 44914 | AS28: ='JACOBIAN - OIS USDOIS'!C37 -> -1.066891e-06 | AT28: ='JACOBIAN - OIS USDOIS'!D37 -> 9.4403818e-11 | AU28: ='JACOBIAN - OIS USDOIS'!E37 -> -3.7708758e-10 | AV28: ='JACOBIAN - OIS USDOIS'!F37 -> 9.9355524e-10 | AW28: ='JACOBIAN - OIS USDOIS'!G37 -> -1.2786233e-09 | AX28: ='JACOBIAN - OIS USDOIS'!H37 -> 2.8914088e-09 | AY28: ='JACOBIAN - OIS USDOIS'!I37 -> -2.4090493e-08 | ... CF28: ='JACOBIAN - OIS USDOIS'!AP37 -> -1.5787371e-13 | CK28: =AR28 -> 44914 | CL28: =AS28 -> -1.066891e-06 | CM28: =AT28 -> 9.4403818e-11 | CN28: =AU28 -> -3.7708758e-10 | CO28: =AV28 -> 9.9355524e-10 | CP28: =AW28 -> -1.2786233e-09 | CQ28: =AX28 -> 2.8914088e-09 | CR28: =AY28 -> -2.4090493e-08 | ... DA28: =BH28 -> 1.4455104e-13 | DB28: 0 | DC28: 0 | DD28: 0 | DE28: 0 | DF28: 0 | DG28: 0 | DH28: 0 | DI28: 0 | DJ28: 0 | DK28: 0 | DL28: 0 | DM28: 0 | DN28: =BU28 -> 1.3542446e-06 | DO28: =BV28 -> 2.8096126e-06 | DP28: =BW28 -> -0.000290409 | DQ28: =BX28 -> -1.6593231e-07 | DR28: =BY28 -> 3.5788906e-08 | DS28: =BZ28 -> -3.5706027e-09 | DT28: =CA28 -> 7.1289008e-10 | DU28: =CB28 -> -2.4960967e-10 | ... DY28: =CF28 -> -1.5787371e-13 | EA28: LIBOROIS_10Y | EB28: 0.014632148 | ED28: ='JACOBIAN - SWAP USD3ML'!B37 -> 44914 | EE28: ='JACOBIAN - SWAP USD3ML'!C37 -> -2.8899973e-13 | EF28: ='JACOBIAN - SWAP USD3ML'!D37 -> -1.1361827e-05 | EG28: ='JACOBIAN - SWAP USD3ML'!E37 -> -8.820198e-12 | EH28: ='JACOBIAN - SWAP USD3ML'!F37 -> -2.8899973e-13 | EI28: ='JACOBIAN - SWAP USD3ML'!G37 -> -1.2431087e-07 | EJ28: ='JACOBIAN - SWAP USD3ML'!H37 -> -1.1319496e-05 | EK28: ='JACOBIAN - SWAP USD3ML'!I37 -> -1.1278719e-05 | ... FB28: ='JACOBIAN - SWAP USD3ML'!Z37 -> 2.6991332e-10 | FD28: SWAP_25Y | FE28: -9.2939276e-07 | FH28: USDYC.OIS.3MLIBORSWAP.7Y | FI28: 0.046365344 | FJ28: USDYC.STD.3MLIBORSWAP.15Y | FK28: -0.0016616381 | FL28: #N/A
B29: PV Before Bump | C29: 28725.216 | D29: <--- Bump Curve & Hard-Code | F29: 44637 | G29: 44637 | H29: 44729 | I29: 92 | J29: 0.25555556 | K29: 44729 | L29: 1000000 | M29: 0 | N29: 1 | O29: 0 | P29: 0.015247202 | Q29: 3896.5073 | R29: 0.96672676 | S29: 3766.8578 | V29: =L29*J29*R29 -> 247052.4 | X29: =AR29 -> 45002 | Y29: =Q32 -> 3795.5169 | AA29: =CK29 -> 45002 | AB29: =SUM(CL29:DY29) -> -0.00030930824 | AD29: 45002 | AE29: -0.00030930824 | AF29: =ABS(AE29-AB29)<0.0000000000000001 -> TRUE | AH29: =AO29 -> 45002 | AI29: =V33 -> 249069.55 | AK29: 45002 | AL29: 9.8441448e-05 | AM29: =ABS(AP29-AL29)<0.0000000000000001 -> TRUE | AO29: =ED29 -> 45002 | AP29: =SUM(EE29:FB29) -> 9.8441448e-05 | AR29: ='JACOBIAN - OIS USDOIS'!B38 -> 45002 | AS29: ='JACOBIAN - OIS USDOIS'!C38 -> -1.0634549e-06 | AT29: ='JACOBIAN - OIS USDOIS'!D38 -> -3.8443666e-09 | AU29: ='JACOBIAN - OIS USDOIS'!E38 -> 1.5373191e-08 | AV29: ='JACOBIAN - OIS USDOIS'!F38 -> -4.0495637e-08 | AW29: ='JACOBIAN - OIS USDOIS'!G38 -> 5.2124888e-08 | AX29: ='JACOBIAN - OIS USDOIS'!H38 -> -1.178823e-07 | AY29: ='JACOBIAN - OIS USDOIS'!I38 -> 3.8495974e-07 | ... CF29: ='JACOBIAN - OIS USDOIS'!AP38 -> -1.049939e-10 | CK29: =AR29 -> 45002 | CL29: =AS29 -> -1.0634549e-06 | CM29: =AT29 -> -3.8443666e-09 | CN29: =AU29 -> 1.5373191e-08 | CO29: =AV29 -> -4.0495637e-08 | CP29: =AW29 -> 5.2124888e-08 | CQ29: =AX29 -> -1.178823e-07 | CR29: =AY29 -> 3.8495974e-07 | ... DA29: =BH29 -> 1.2256862e-13 | DB29: 0 | DC29: 0 | DD29: 0 | DE29: 0 | DF29: 0 | DG29: 0 | DH29: 0 | DI29: 0 | DJ29: 0 | DK29: 0 | DL29: 0 | DM29: 0 | DN29: =BU29 -> -2.1770903e-05 | DO29: =BV29 -> 4.2302675e-05 | DP29: =BW29 -> -0.00027777558 | DQ29: =BX29 -> -7.9807453e-05 | DR29: =BY29 -> 1.6254487e-05 | DS29: =BZ29 -> -1.6216316e-06 | DT29: =CA29 -> 3.2370297e-07 | DU29: =CB29 -> -1.1345219e-07 | ... DY29: =CF29 -> -1.049939e-10 | EA29: LIBOROIS_12Y | EB29: -0.0051258172 | ED29: ='JACOBIAN - SWAP USD3ML'!B38 -> 45002 | EE29: ='JACOBIAN - SWAP USD3ML'!C38 -> -1.8623471e-13 | EF29: ='JACOBIAN - SWAP USD3ML'!D38 -> -6.1123739e-07 | EG29: ='JACOBIAN - SWAP USD3ML'!E38 -> -6.9374298e-12 | EH29: ='JACOBIAN - SWAP USD3ML'!F38 -> -1.8708472e-13 | EI29: ='JACOBIAN - SWAP USD3ML'!G38 -> -6.6877108e-09 | EJ29: ='JACOBIAN - SWAP USD3ML'!H38 -> -6.089609e-07 | EK29: ='JACOBIAN - SWAP USD3ML'!I38 -> -6.0677374e-07 | ... FB29: ='JACOBIAN - SWAP USD3ML'!Z38 -> 2.4160248e-10 | FD29: SWAP_30Y | FE29: 1.7864985e-06 | FH29: USDYC.OIS.BASISRATE.10Y | FI29: 0.015671449 | FJ29: USDYC.STD.3MLIBORSWAP.20Y | FK29: 0.010992432 | FL29: #N/A
B30: PV After Bump | C30: 29206.86 | D30: <--- Bump Curve & Hard-Code | F30: 44729 | G30: 44729 | H30: 44823 | I30: 94 | J30: 0.26111111 | K30: 44823 | L30: 1000000 | M30: 0 | N30: 1 | O30: 0 | P30: 0.015514759 | Q30: 4051.0759 | R30: 0.96347916 | S30: 3903.1272 | V30: =L30*J30*R30 -> 251575.11 | X30: =AR30 -> 45096 | Y30: =O14+Q33 -> -952.10288 | AA30: =CK30 -> 45096 | AB30: =SUM(CL30:DY30) -> -0.00033262024 | AD30: 45096 | AE30: -0.00033262024 | AF30: =ABS(AE30-AB30)<0.0000000000000001 -> TRUE | AH30: =AO30 -> 45096 | AI30: =V34 -> 240299.55 | AK30: 45096 | AL30: 9.9273397e-05 | AM30: =ABS(AP30-AL30)<0.0000000000000001 -> TRUE | AO30: =ED30 -> 45096 | AP30: =SUM(EE30:FB30) -> 9.9273397e-05 | AR30: ='JACOBIAN - OIS USDOIS'!B39 -> 45096 | AS30: ='JACOBIAN - OIS USDOIS'!C39 -> -1.0597554e-06 | AT30: ='JACOBIAN - OIS USDOIS'!D39 -> -4.3800156e-09 | AU30: ='JACOBIAN - OIS USDOIS'!E39 -> 1.7515114e-08 | AV30: ='JACOBIAN - OIS USDOIS'!F39 -> -4.6137898e-08 | AW30: ='JACOBIAN - OIS USDOIS'!G39 -> 5.9387438e-08 | AX30: ='JACOBIAN - OIS USDOIS'!H39 -> -1.3430668e-07 | AY30: ='JACOBIAN - OIS USDOIS'!I39 -> 4.4071208e-07 | ... CF30: ='JACOBIAN - OIS USDOIS'!AP39 -> -2.1912505e-10 | CK30: =AR30 -> 45096 | CL30: =AS30 -> -1.0597554e-06 | CM30: =AT30 -> -4.3800156e-09 | CN30: =AU30 -> 1.7515114e-08 | CO30: =AV30 -> -4.6137898e-08 | CP30: =AW30 -> 5.9387438e-08 | CQ30: =AX30 -> -1.3430668e-07 | CR30: =AY30 -> 4.4071208e-07 | ... DA30: =BH30 -> 1.060263e-13 | DB30: 0 | DC30: 0 | DD30: 0 | DE30: 0 | DF30: 0 | DG30: 0 | DH30: 0 | DI30: 0 | DJ30: 0 | DK30: 0 | DL30: 0 | DM30: 0 | DN30: =BU30 -> -2.4918107e-05 | DO30: =BV30 -> 4.7663688e-05 | DP30: =BW30 -> -0.00020161809 | DQ30: =BX30 -> -0.00019953295 | DR30: =BY30 -> 3.390883e-05 | DS30: =BZ30 -> -3.3828852e-06 | DT30: =CA30 -> 6.7527728e-07 | DU30: =CB30 -> -2.3667302e-07 | ... DY30: =CF30 -> -2.1912505e-10 | EA30: LIBOROIS_15Y | EB30: 0.00072807748 | ED30: ='JACOBIAN - SWAP USD3ML'!B39 -> 45096 | EE30: ='JACOBIAN - SWAP USD3ML'!C39 -> 1.3206797e-13 | EF30: ='JACOBIAN - SWAP USD3ML'!D39 -> 5.4369863e-06 | EG30: ='JACOBIAN - SWAP USD3ML'!E39 -> 2.0939674e-13 | EH30: ='JACOBIAN - SWAP USD3ML'!F39 -> 1.3119887e-13 | EI30: ='JACOBIAN - SWAP USD3ML'!G39 -> 5.9486561e-08 | EJ30: ='JACOBIAN - SWAP USD3ML'!H39 -> 5.4167286e-06 | EK30: ='JACOBIAN - SWAP USD3ML'!I39 -> 5.3972112e-06 | ... FB30: ='JACOBIAN - SWAP USD3ML'!Z39 -> -1.6545028e-11 | FH30: USDYC.OIS.3MLIBORSWAP.10Y | FI30: 0.00054024567 | FJ30: USDYC.STD.3MLIBORSWAP.25Y | FK30: 0.0076597673 | FL30: #N/A
F31: 44823 | G31: 44823 | H31: 44914 | I31: 91 | J31: 0.25277778 | K31: 44914 | L31: 1000000 | M31: 0 | N31: 1 | O31: 0 | P31: 0.015591149 | Q31: 3941.096 | R31: 0.96030615 | S31: 3784.6588 | V31: =L31*J31*R31 -> 242744.06 | X31: =AR31 -> 45187 | Y31: =Q34 -> 3933.1571 | AA31: =CK31 -> 45187 | AB31: =SUM(CL31:DY31) -> -0.00035510821 | AD31: 45187 | AE31: -0.00035510821 | AF31: =ABS(AE31-AB31)<0.0000000000000001 -> TRUE | AH31: =AO31 -> 45187 | AI31: =V35 -> 239473.52 | AK31: 45187 | AL31: 9.9271711e-05 | AM31: =ABS(AP31-AL31)<0.0000000000000001 -> TRUE | AO31: =ED31 -> 45187 | AP31: =SUM(EE31:FB31) -> 9.9271711e-05 | AR31: ='JACOBIAN - OIS USDOIS'!B40 -> 45187 | AS31: ='JACOBIAN - OIS USDOIS'!C40 -> -1.0561471e-06 | AT31: ='JACOBIAN - OIS USDOIS'!D40 -> -2.4873673e-09 | AU31: ='JACOBIAN - OIS USDOIS'!E40 -> 9.9467897e-09 | AV31: ='JACOBIAN - OIS USDOIS'!F40 -> -2.6201571e-08 | AW31: ='JACOBIAN - OIS USDOIS'!G40 -> 3.3726069e-08 | AX31: ='JACOBIAN - OIS USDOIS'!H40 -> -7.6272576e-08 | AY31: ='JACOBIAN - OIS USDOIS'!I40 -> 2.4434412e-07 | ... CF31: ='JACOBIAN - OIS USDOIS'!AP40 -> -2.257956e-10 | CK31: =AR31 -> 45187 | CL31: =AS31 -> -1.0561471e-06 | CM31: =AT31 -> -2.4873673e-09 | CN31: =AU31 -> 9.9467897e-09 | CO31: =AV31 -> -2.6201571e-08 | CP31: =AW31 -> 3.3726069e-08 | CQ31: =AX31 -> -7.6272576e-08 | CR31: =AY31 -> 2.4434412e-07 | ... DA31: =BH31 -> 8.9817043e-14 | DB31: 0 | DC31: 0 | DD31: 0 | DE31: 0 | DF31: 0 | DG31: 0 | DH31: 0 | DI31: 0 | DJ31: 0 | DK31: 0 | DL31: 0 | DM31: 0 | DN31: =BU31 -> -1.3809517e-05 | DO31: =BV31 -> 2.8672355e-05 | DP31: =BW31 -> -9.5506766e-05 | DQ31: =BX31 -> -0.00031446919 | DR31: =BY31 -> 3.493535e-05 | DS31: =BZ31 -> -3.4852926e-06 | DT31: =CA31 -> 6.9571942e-07 | DU31: =CB31 -> -2.4383772e-07 | ... DY31: =CF31 -> -2.257956e-10 | EA31: LIBOROIS_20Y | EB31: -0.00010865311 | ED31: ='JACOBIAN - SWAP USD3ML'!B40 -> 45187 | EE31: ='JACOBIAN - SWAP USD3ML'!C40 -> 6.5090988e-13 | EF31: ='JACOBIAN - SWAP USD3ML'!D40 -> 6.2814531e-06 | EG31: ='JACOBIAN - SWAP USD3ML'!E40 -> 1.2268866e-11 | EH31: ='JACOBIAN - SWAP USD3ML'!F40 -> 6.5090988e-13 | EI31: ='JACOBIAN - SWAP USD3ML'!G40 -> 6.8726425e-08 | EJ31: ='JACOBIAN - SWAP USD3ML'!H40 -> 6.2580505e-06 | EK31: ='JACOBIAN - SWAP USD3ML'!I40 -> 6.2355131e-06 | ... FB31: ='JACOBIAN - SWAP USD3ML'!Z40 -> -4.9273201e-10 | FH31: USDYC.OIS.BASISRATE.12Y | FI31: 0.0041347121 | FJ31: USDYC.STD.3MLIBORSWAP.30Y | FK31: 0.0075708522 | FL31: #N/A
B32: DiscountRisk | C32: =C34-C33 -> -6.7653676 | F32: 44914 | G32: 44914 | H32: 45002 | I32: 88 | J32: 0.24444444 | K32: 45002 | L32: 1000000 | M32: 0 | N32: 1 | O32: 0 | P32: 0.015527115 | Q32: 3795.5169 | R32: 0.95721326 | S32: 3633.1191 | V32: =L32*J32*R32 -> 233985.46 | X32: =AR32 -> 45278 | Y32: =O15+Q35 -> -1003.9471 | AA32: =CK32 -> 45278 | AB32: =SUM(CL32:DY32) -> -0.00037743758 | AD32: 45278 | AE32: -0.00037743758 | AF32: =ABS(AE32-AB32)<0.0000000000000001 -> TRUE | AH32: =AO32 -> 45278 | AI32: =V36 -> 238643.51 | AK32: 45278 | AL32: 9.8685023e-05 | AM32: =ABS(AP32-AL32)<0.0000000000000001 -> TRUE | AO32: =ED32 -> 45278 | AP32: =SUM(EE32:FB32) -> 9.8685023e-05 | AR32: ='JACOBIAN - OIS USDOIS'!B41 -> 45278 | AS32: ='JACOBIAN - OIS USDOIS'!C41 -> -1.0525166e-06 | AT32: ='JACOBIAN - OIS USDOIS'!D41 -> 5.4677707e-11 | AU32: ='JACOBIAN - OIS USDOIS'!E41 -> -2.1835289e-10 | AV32: ='JACOBIAN - OIS USDOIS'!F41 -> 5.752373e-10 | AW32: ='JACOBIAN - OIS USDOIS'!G41 -> -7.4017814e-10 | AX32: ='JACOBIAN - OIS USDOIS'!H41 -> 1.6739734e-09 | AY32: ='JACOBIAN - OIS USDOIS'!I41 -> -1.9462339e-08 | ... CF32: ='JACOBIAN - OIS USDOIS'!AP41 -> 6.6047168e-13 | CK32: =AR32 -> 45278 | CL32: =AS32 -> -1.0525166e-06 | CM32: =AT32 -> 5.4677707e-11 | CN32: =AU32 -> -2.1835289e-10 | CO32: =AV32 -> 5.752373e-10 | CP32: =AW32 -> -7.4017814e-10 | CQ32: =AX32 -> 1.6739734e-09 | CR32: =AY32 -> -1.9462339e-08 | ... DA32: =BH32 -> 6.4170891e-14 | DB32: 0 | DC32: 0 | DD32: 0 | DE32: 0 | DF32: 0 | DG32: 0 | DH32: 0 | DI32: 0 | DJ32: 0 | DK32: 0 | DL32: 0 | DM32: 0 | DN32: =BU32 -> 1.1120829e-06 | DO32: =BV32 -> 3.1706964e-06 | DP32: =BW32 -> 3.0374306e-06 | DQ32: =BX32 -> -0.00038370728 | DR32: =BY32 -> -1.0758988e-07 | DS32: =BZ32 -> 1.0734366e-08 | DT32: =CA32 -> -2.1427552e-09 | DU32: =CB32 -> 7.5097095e-10 | ... DY32: =CF32 -> 6.6047168e-13 | EA32: LIBOROIS_25Y | EB32: 2.7860562e-05 | ED32: ='JACOBIAN - SWAP USD3ML'!B41 -> 45278 | EE32: ='JACOBIAN - SWAP USD3ML'!C41 -> 1.2939129e-12 | EF32: ='JACOBIAN - SWAP USD3ML'!D41 -> 3.1599681e-06 | EG32: ='JACOBIAN - SWAP USD3ML'!E41 -> 2.7388203e-11 | EH32: ='JACOBIAN - SWAP USD3ML'!F41 -> 1.2930317e-12 | EI32: ='JACOBIAN - SWAP USD3ML'!G41 -> 3.4574735e-08 | EJ32: ='JACOBIAN - SWAP USD3ML'!H41 -> 3.1481978e-06 | EK32: ='JACOBIAN - SWAP USD3ML'!I41 -> 3.1368799e-06 | ... FB32: ='JACOBIAN - SWAP USD3ML'!Z41 -> -1.0200711e-09 | FH32: USDYC.OIS.3MLIBORSWAP.12Y | FI32: 0.016080065 | FL32: #N/A
B33: PV Before Bump | C33: 28725.216 | D33: <--- Bump Curve & Hard-Code | F33: 45002 | G33: 45002 | H33: 45096 | I33: 94 | J33: 0.26111111 | K33: 45096 | L33: 1000000 | M33: 0 | N33: 1 | O33: 0 | P33: 0.015502585 | Q33: 4047.8971 | R33: 0.95388339 | S33: 3861.2218 | V33: =L33*J33*R33 -> 249069.55 | X33: =AR33 -> 45369 | Y33: =Q36 -> 4020.0665 | AA33: =CK33 -> 45369 | AB33: =SUM(CL33:DY33) -> -0.00039954841 | AD33: 45369 | AE33: -0.00039954841 | AF33: =ABS(AE33-AB33)<0.0000000000000001 -> TRUE | AH33: =AO33 -> 45369 | AI33: =V37 -> 237809.15 | AK33: 45369 | AL33: 9.8202133e-05 | AM33: =ABS(AP33-AL33)<0.0000000000000001 -> TRUE | AO33: =ED33 -> 45369 | AP33: =SUM(EE33:FB33) -> 9.8202133e-05 | AR33: ='JACOBIAN - OIS USDOIS'!B42 -> 45369 | AS33: ='JACOBIAN - OIS USDOIS'!C42 -> -1.0488686e-06 | AT33: ='JACOBIAN - OIS USDOIS'!D42 -> 1.4990099e-09 | AU33: ='JACOBIAN - OIS USDOIS'!E42 -> -5.9940061e-09 | AV33: ='JACOBIAN - OIS USDOIS'!F42 -> 1.5789286e-08 | AW33: ='JACOBIAN - OIS USDOIS'!G42 -> -2.0323292e-08 | AX33: ='JACOBIAN - OIS USDOIS'!H42 -> 4.5961702e-08 | AY33: ='JACOBIAN - OIS USDOIS'!I42 -> -1.6932477e-07 | ... CF33: ='JACOBIAN - OIS USDOIS'!AP42 -> 5.2520011e-10 | CK33: =AR33 -> 45369 | CL33: =AS33 -> -1.0488686e-06 | CM33: =AT33 -> 1.4990099e-09 | CN33: =AU33 -> -5.9940061e-09 | CO33: =AV33 -> 1.5789286e-08 | CP33: =AW33 -> -2.0323292e-08 | CQ33: =AX33 -> 4.5961702e-08 | CR33: =AY33 -> -1.6932477e-07 | ... DA33: =BH33 -> 2.1094237e-14 | DB33: 0 | DC33: 0 | DD33: 0 | DE33: 0 | DF33: 0 | DG33: 0 | DH33: 0 | DI33: 0 | DJ33: 0 | DK33: 0 | DL33: 0 | DM33: 0 | DN33: =BU33 -> 9.5899486e-06 | DO33: =BV33 -> -1.1320169e-05 | DP33: =BW33 -> 5.5793833e-05 | DQ33: =BX33 -> -0.00036689847 | DR33: =BY33 -> -8.7620818e-05 | DS33: =BZ33 -> 8.107756e-06 | DT33: =CA33 -> -1.6184242e-06 | DU33: =CB33 -> 5.6723087e-07 | ... DY33: =CF33 -> 5.2520011e-10 | EA33: LIBOROIS_30Y | EB33: -4.7351929e-06 | EC33: Numerical Risk | ED33: ='JACOBIAN - SWAP USD3ML'!B42 -> 45369 | EE33: ='JACOBIAN - SWAP USD3ML'!C42 -> 1.7142815e-12 | EF33: ='JACOBIAN - SWAP USD3ML'!D42 -> 2.1860403e-07 | EG33: ='JACOBIAN - SWAP USD3ML'!E42 -> 3.71972e-11 | EH33: ='JACOBIAN - SWAP USD3ML'!F42 -> 1.7125433e-12 | EI33: ='JACOBIAN - SWAP USD3ML'!G42 -> 2.3935106e-09 | EJ33: ='JACOBIAN - SWAP USD3ML'!H42 -> 2.1779423e-07 | EK33: ='JACOBIAN - SWAP USD3ML'!I42 -> 2.1704412e-07 | ... FB33: ='JACOBIAN - SWAP USD3ML'!Z42 -> -8.9131919e-10 | FH33: USDYC.OIS.BASISRATE.15Y | FI33: 0.0022090506 | FL33: #N/A
B34: PV After Bump | C34: 28718.451 | D34: <--- Bump Curve & Hard-Code | F34: 45096 | G34: 45096 | H34: 45187 | I34: 91 | J34: 0.25277778 | K34: 45187 | L34: 1000000 | M34: 0 | N34: 1 | O34: 0 | P34: 0.015559742 | Q34: 3933.1571 | R34: 0.95063558 | S34: 3738.9991 | V34: =L34*J34*R34 -> 240299.55 | X34: =AR34 -> 45460 | Y34: =O16+Q37 -> -901.48333 | AA34: =CK34 -> 45460 | AB34: =SUM(CL34:DY34) -> -0.00042142766 | AD34: 45460 | AE34: -0.00042142766 | AF34: =ABS(AE34-AB34)<0.0000000000000001 -> TRUE | AH34: =AO34 -> 45460 | AI34: =V38 -> 239564.3 | AK34: 45460 | AL34: 9.7943067e-05 | AM34: =ABS(AP34-AL34)<0.0000000000000001 -> TRUE | AO34: =ED34 -> 45460 | AP34: =SUM(EE34:FB34) -> 9.7943067e-05 | AR34: ='JACOBIAN - OIS USDOIS'!B43 -> 45460 | AS34: ='JACOBIAN - OIS USDOIS'!C43 -> -1.0452015e-06 | AT34: ='JACOBIAN - OIS USDOIS'!D43 -> 1.6961835e-09 | AU34: ='JACOBIAN - OIS USDOIS'!E43 -> -6.7825607e-09 | AV34: ='JACOBIAN - OIS USDOIS'!F43 -> 1.7866371e-08 | AW34: ='JACOBIAN - OIS USDOIS'!G43 -> -2.2996994e-08 | AX34: ='JACOBIAN - OIS USDOIS'!H43 -> 5.2008138e-08 | AY34: ='JACOBIAN - OIS USDOIS'!I43 -> -1.8972688e-07 | ... CF34: ='JACOBIAN - OIS USDOIS'!AP43 -> 1.0390109e-09 | CK34: =AR34 -> 45460 | CL34: =AS34 -> -1.0452015e-06 | CM34: =AT34 -> 1.6961835e-09 | CN34: =AU34 -> -6.7825607e-09 | CO34: =AV34 -> 1.7866371e-08 | CP34: =AW34 -> -2.2996994e-08 | CQ34: =AX34 -> 5.2008138e-08 | CR34: =AY34 -> -1.8972688e-07 | ... DA34: =BH34 -> -3.375078e-14 | DB34: 0 | DC34: 0 | DD34: 0 | DE34: 0 | DF34: 0 | DG34: 0 | DH34: 0 | DI34: 0 | DJ34: 0 | DK34: 0 | DL34: 0 | DM34: 0 | DN34: =BU34 -> 1.0746628e-05 | DO34: =BV34 -> -1.3301555e-05 | DP34: =BW34 -> 6.2992571e-05 | DQ34: =BX34 -> -0.00027451429 | DR34: =BY34 -> -0.00021439501 | DS34: =BZ34 -> 1.6039205e-05 | DT34: =CA34 -> -3.2016386e-06 | DU34: =CB34 -> 1.1221227e-06 | ... DY34: =CF34 -> 1.0390109e-09 | EA34: SWAP_1Y | EB34: -0.44245873 | EC34: =FI18 -> #DISABLED | ED34: ='JACOBIAN - SWAP USD3ML'!B43 -> 45460 | EE34: ='JACOBIAN - SWAP USD3ML'!C43 -> 1.8220217e-12 | EF34: ='JACOBIAN - SWAP USD3ML'!D43 -> -1.4696671e-06 | EG34: ='JACOBIAN - SWAP USD3ML'!E43 -> 3.951274e-11 | EH34: ='JACOBIAN - SWAP USD3ML'!F43 -> 1.8202835e-12 | EI34: ='JACOBIAN - SWAP USD3ML'!G43 -> -1.6077873e-08 | EJ34: ='JACOBIAN - SWAP USD3ML'!H43 -> -1.4641862e-06 | EK34: ='JACOBIAN - SWAP USD3ML'!I43 -> -1.4588738e-06 | ... FB34: ='JACOBIAN - SWAP USD3ML'!Z43 -> 6.6162728e-11 | FH34: USDYC.OIS.3MLIBORSWAP.15Y | FI34: 0.0037368067 | FL34: #N/A
F35: 45187 | G35: 45187 | H35: 45278 | I35: 91 | J35: 0.25277778 | K35: 45278 | L35: 1000000 | M35: 0 | N35: 1 | O35: 0 | P35: 0.015698671 | Q35: 3968.2751 | R35: 0.94736775 | S35: 3759.4159 | V35: =L35*J35*R35 -> 239473.52 | X35: =AR35 -> 45552 | Y35: =Q38 -> 4160.3163 | AA35: =CK35 -> 45552 | AB35: =SUM(CL35:DY35) -> -0.00044330773 | AD35: 45552 | AE35: -0.00044330773 | AF35: =ABS(AE35-AB35)<0.0000000000000001 -> TRUE | AH35: =AO35 -> 45552 | AI35: =V39 -> 236114.67 | AK35: 45552 | AL35: 9.7894387e-05 | AM35: =ABS(AP35-AL35)<0.0000000000000001 -> TRUE | AO35: =ED35 -> 45552 | AP35: =SUM(EE35:FB35) -> 9.7894387e-05 | AR35: ='JACOBIAN - OIS USDOIS'!B44 -> 45552 | AS35: ='JACOBIAN - OIS USDOIS'!C44 -> -1.0414709e-06 | AT35: ='JACOBIAN - OIS USDOIS'!D44 -> 1.0330653e-09 | AU35: ='JACOBIAN - OIS USDOIS'!E44 -> -4.1310043e-09 | AV35: ='JACOBIAN - OIS USDOIS'!F44 -> 1.0881557e-08 | AW35: ='JACOBIAN - OIS USDOIS'!G44 -> -1.4006544e-08 | AX35: ='JACOBIAN - OIS USDOIS'!H44 -> 3.1675658e-08 | AY35: ='JACOBIAN - OIS USDOIS'!I44 -> -1.2082699e-07 | ... CF35: ='JACOBIAN - OIS USDOIS'!AP44 -> 1.0556356e-09 | CK35: =AR35 -> 45552 | CL35: =AS35 -> -1.0414709e-06 | CM35: =AT35 -> 1.0330653e-09 | CN35: =AU35 -> -4.1310043e-09 | CO35: =AV35 -> 1.0881557e-08 | CP35: =AW35 -> -1.4006544e-08 | CQ35: =AX35 -> 3.1675658e-08 | CR35: =AY35 -> -1.2082699e-07 | ... DA35: =BH35 -> -9.0483177e-14 | DB35: 0 | DC35: 0 | DD35: 0 | DE35: 0 | DF35: 0 | DG35: 0 | DH35: 0 | DI35: 0 | DJ35: 0 | DK35: 0 | DL35: 0 | DM35: 0 | DN35: =BU35 -> 6.8532355e-06 | DO35: =BV35 -> -6.6533445e-06 | DP35: =BW35 -> 3.8764589e-05 | DQ35: =BX35 -> -0.00013598919 | DR35: =BY35 -> -0.00035590712 | DS35: =BZ35 -> 1.6296386e-05 | DT35: =CA35 -> -3.2529747e-06 | DU35: =CB35 -> 1.1401152e-06 | ... DY35: =CF35 -> 1.0556356e-09 | EA35: SWAP_2Y | EB35: -0.94384686 | EC35: =FI20 -> #DISABLED | ED35: ='JACOBIAN - SWAP USD3ML'!B44 -> 45552 | EE35: ='JACOBIAN - SWAP USD3ML'!C44 -> 1.6180494e-12 | EF35: ='JACOBIAN - SWAP USD3ML'!D44 -> -1.9229716e-06 | EG35: ='JACOBIAN - SWAP USD3ML'!E44 -> 3.435845e-11 | EH35: ='JACOBIAN - SWAP USD3ML'!F44 -> 1.6154127e-12 | EI35: ='JACOBIAN - SWAP USD3ML'!G44 -> -2.1037722e-08 | EJ35: ='JACOBIAN - SWAP USD3ML'!H44 -> -1.9158025e-06 | EK35: ='JACOBIAN - SWAP USD3ML'!I44 -> -1.9088676e-06 | ... FB35: ='JACOBIAN - SWAP USD3ML'!Z44 -> 1.8628598e-09 | FH35: USDYC.OIS.BASISRATE.20Y | FI35: 0.010990583 | FL35: #N/A
B36: PV01 | C36: =C28 -> 481.64369 | F36: 45278 | G36: 45278 | H36: 45369 | I36: 91 | J36: 0.25277778 | K36: 45369 | L36: 1000000 | M36: 0 | N36: 1 | O36: 0 | P36: 0.01590356 | Q36: 4020.0665 | R36: 0.94408421 | S36: 3795.2813 | V36: =L36*J36*R36 -> 238643.51 | X36: =AR36 -> 45643 | Y36: =O17+Q39 -> -846.3833 | AA36: =CK36 -> 45643 | AB36: =SUM(CL36:DY36) -> -0.00046473815 | AD36: 45643 | AE36: -0.00046473815 | AF36: =ABS(AE36-AB36)<0.0000000000000001 -> TRUE | AH36: =AO36 -> 45643 | AI36: 0 | AK36: 45643 | AL36: 9.8046996e-05 | AM36: =ABS(AP36-AL36)<0.0000000000000001 -> TRUE | AO36: =ED36 -> 45643 | AP36: =SUM(EE36:FB36) -> 9.8046996e-05 | AR36: ='JACOBIAN - OIS USDOIS'!B45 -> 45643 | AS36: ='JACOBIAN - OIS USDOIS'!C45 -> -1.037754e-06 | AT36: ='JACOBIAN - OIS USDOIS'!D45 -> 5.0027205e-11 | AU36: ='JACOBIAN - OIS USDOIS'!E45 -> -2.0014979e-10 | AV36: ='JACOBIAN - OIS USDOIS'!F45 -> 5.2684967e-10 | AW36: ='JACOBIAN - OIS USDOIS'!G45 -> -6.7845618e-10 | AX36: ='JACOBIAN - OIS USDOIS'!H45 -> 1.5335019e-09 | AY36: ='JACOBIAN - OIS USDOIS'!I45 -> -1.8716537e-08 | ... CF36: ='JACOBIAN - OIS USDOIS'!AP45 -> -4.4647619e-12 | CK36: =AR36 -> 45643 | CL36: =AS36 -> -1.037754e-06 | CM36: =AT36 -> 5.0027205e-11 | CN36: =AU36 -> -2.0014979e-10 | CO36: =AV36 -> 5.2684967e-10 | CP36: =AW36 -> -6.7845618e-10 | CQ36: =AX36 -> 1.5335019e-09 | CR36: =AY36 -> -1.8716537e-08 | ... DA36: =BH36 -> -1.3400392e-13 | DB36: 0 | DC36: 0 | DD36: 0 | DE36: 0 | DF36: 0 | DG36: 0 | DH36: 0 | DI36: 0 | DJ36: 0 | DK36: 0 | DL36: 0 | DM36: 0 | DN36: =BU36 -> 1.0819279e-06 | DO36: =BV36 -> 3.2043936e-06 | DP36: =BW36 -> 2.850825e-06 | DQ36: =BX36 -> 5.8351058e-06 | DR36: =BY36 -> -0.00047673177 | DS36: =BZ36 -> -6.6040923e-08 | DT36: =CA36 -> 1.3182669e-08 | DU36: =CB36 -> -4.6203589e-09 | ... DY36: =CF36 -> -4.4647619e-12 | EA36: SWAP_3Y | EB36: -1.5251596 | EC36: =FI22 -> #DISABLED | ED36: ='JACOBIAN - SWAP USD3ML'!B45 -> 45643 | EE36: ='JACOBIAN - SWAP USD3ML'!C45 -> 1.1715073e-12 | EF36: ='JACOBIAN - SWAP USD3ML'!D45 -> -1.3659489e-06 | EG36: ='JACOBIAN - SWAP USD3ML'!E45 -> 2.3473667e-11 | EH36: ='JACOBIAN - SWAP USD3ML'!F45 -> 1.1715073e-12 | EI36: ='JACOBIAN - SWAP USD3ML'!G45 -> -1.4943751e-08 | EJ36: ='JACOBIAN - SWAP USD3ML'!H45 -> -1.3608566e-06 | EK36: ='JACOBIAN - SWAP USD3ML'!I45 -> -1.3559314e-06 | ... FB36: ='JACOBIAN - SWAP USD3ML'!Z45 -> 4.1217696e-09 | FH36: USDYC.OIS.3MLIBORSWAP.20Y | FI36: 0.0075987708 | FL36: #N/A
B37: DV01 | C37: =C36+C32 -> 474.87832 | D37: Actual DV01 | F37: 45369 | G37: 45369 | H37: 45460 | I37: 91 | J37: 0.25277778 | K37: 45460 | L37: 1000000 | M37: 0 | N37: 1 | O37: 0 | P37: 0.016104022 | Q37: 4070.7389 | R37: 0.94078344 | S37: 3829.6837 | V37: =L37*J37*R37 -> 237809.15 | X37: =AR37 -> 45733 | Y37: 0 | AA37: =CK37 -> 45733 | AB37: =SUM(CL37:DY37) -> -0.00048578615 | AD37: 45733 | AE37: -0.00048578615 | AF37: =ABS(AE37-AB37)<0.0000000000000001 -> TRUE | AH37: =AO37 -> 45733 | AI37: 0 | AK37: 45733 | AL37: 9.8251466e-05 | AM37: =ABS(AP37-AL37)<0.0000000000000001 -> TRUE | AO37: =ED37 -> 45733 | AP37: =SUM(EE37:FB37) -> 9.8251466e-05 | AR37: ='JACOBIAN - OIS USDOIS'!B46 -> 45733 | AS37: ='JACOBIAN - OIS USDOIS'!C46 -> -1.0340484e-06 | AT37: ='JACOBIAN - OIS USDOIS'!D46 -> -7.2965278e-10 | AU37: ='JACOBIAN - OIS USDOIS'!E46 -> 2.9175404e-09 | AV37: ='JACOBIAN - OIS USDOIS'!F46 -> -7.6857997e-09 | AW37: ='JACOBIAN - OIS USDOIS'!G46 -> 9.8925066e-09 | AX37: ='JACOBIAN - OIS USDOIS'!H46 -> -2.2373223e-08 | AY37: ='JACOBIAN - OIS USDOIS'!I46 -> 6.2289909e-08 | ... CF37: ='JACOBIAN - OIS USDOIS'!AP46 -> -2.548067e-09 | CK37: =AR37 -> 45733 | CL37: =AS37 -> -1.0340484e-06 | CM37: =AT37 -> -7.2965278e-10 | CN37: =AU37 -> 2.9175404e-09 | CO37: =AV37 -> -7.6857997e-09 | CP37: =AW37 -> 9.8925066e-09 | CQ37: =AX37 -> -2.2373223e-08 | CR37: =AY37 -> 6.2289909e-08 | ... DA37: =BH37 -> -1.5265567e-13 | DB37: 0 | DC37: 0 | DD37: 0 | DE37: 0 | DF37: 0 | DG37: 0 | DH37: 0 | DI37: 0 | DJ37: 0 | DK37: 0 | DL37: 0 | DM37: 0 | DN37: =BU37 -> -3.495615e-06 | DO37: =BV37 -> 1.1022499e-05 | DP37: =BW37 -> -2.5633999e-05 | DQ37: =BX37 -> 0.00011272394 | DR37: =BY37 -> -0.00054742265 | DS37: =BZ37 -> -4.0274947e-05 | DT37: =CA37 -> 7.8501951e-06 | DU37: =CB37 -> -2.7513449e-06 | ... DY37: =CF37 -> -2.548067e-09 | EA37: SWAP_4Y | EB37: -2.6317589 | EC37: =FI24 -> #DISABLED | ED37: ='JACOBIAN - SWAP USD3ML'!B46 -> 45733 | EE37: ='JACOBIAN - SWAP USD3ML'!C46 -> 7.4636131e-13 | EF37: ='JACOBIAN - SWAP USD3ML'!D46 -> -7.0953372e-07 | EG37: ='JACOBIAN - SWAP USD3ML'!E46 -> 1.3267647e-11 | EH37: ='JACOBIAN - SWAP USD3ML'!F46 -> 7.4462311e-13 | EI37: ='JACOBIAN - SWAP USD3ML'!G46 -> -7.7623012e-09 | EJ37: ='JACOBIAN - SWAP USD3ML'!H46 -> -7.0688841e-07 | EK37: ='JACOBIAN - SWAP USD3ML'!I46 -> -7.0432916e-07 | ... FB37: ='JACOBIAN - SWAP USD3ML'!Z46 -> 5.4785133e-09 | FH37: USDYC.OIS.BASISRATE.25Y | FI37: 0.0076564975 | FL37: #N/A
F38: 45460 | G38: 45460 | H38: 45552 | I38: 92 | J38: 0.25555556 | K38: 45552 | L38: 1000000 | M38: 0 | N38: 1 | O38: 0 | P38: 0.016279498 | Q38: 4160.3163 | R38: 0.93742553 | S38: 3899.9867 | V38: =L38*J38*R38 -> 239564.3 | X38: =AR38 -> 45825 | Y38: 0 | AA38: =CK38 -> 45825 | AB38: =SUM(CL38:DY38) -> -0.00050718014 | AD38: 45825 | AE38: -0.00050718014 | AF38: =ABS(AE38-AB38)<0.0000000000000001 -> TRUE | AH38: =AO38 -> 45825 | AI38: 0 | AK38: 45825 | AL38: 9.8414306e-05 | AM38: =ABS(AP38-AL38)<0.0000000000000001 -> TRUE | AO38: =ED38 -> 45825 | AP38: =SUM(EE38:FB38) -> 9.8414306e-05 | AR38: ='JACOBIAN - OIS USDOIS'!B47 -> 45825 | AS38: ='JACOBIAN - OIS USDOIS'!C47 -> -1.0302283e-06 | AT38: ='JACOBIAN - OIS USDOIS'!D47 -> -1.2248743e-09 | AU38: ='JACOBIAN - OIS USDOIS'!E47 -> 4.8977621e-09 | AV38: ='JACOBIAN - OIS USDOIS'!F47 -> -1.2902114e-08 | AW38: ='JACOBIAN - OIS USDOIS'!G47 -> 1.660675e-08 | AX38: ='JACOBIAN - OIS USDOIS'!H47 -> -3.7557741e-08 | AY38: ='JACOBIAN - OIS USDOIS'!I47 -> 1.1377413e-07 | ... CF38: ='JACOBIAN - OIS USDOIS'!AP47 -> -6.2689295e-09 | CK38: =AR38 -> 45825 | CL38: =AS38 -> -1.0302283e-06 | CM38: =AT38 -> -1.2248743e-09 | CN38: =AU38 -> 4.8977621e-09 | CO38: =AV38 -> -1.2902114e-08 | CP38: =AW38 -> 1.660675e-08 | CQ38: =AX38 -> -3.7557741e-08 | CR38: =AY38 -> 1.1377413e-07 | ... DA38: =BH38 -> -1.448841e-13 | DB38: 0 | DC38: 0 | DD38: 0 | DE38: 0 | DF38: 0 | DG38: 0 | DH38: 0 | DI38: 0 | DJ38: 0 | DK38: 0 | DL38: 0 | DM38: 0 | DN38: =BU38 -> -6.4032301e-06 | DO38: =BV38 -> 1.5987935e-05 | DP38: =BW38 -> -4.3728267e-05 | DQ38: =BX38 -> 0.00018063336 | DR38: =BY38 -> -0.0005657277 | DS38: =BZ38 -> -0.00010494952 | DT38: =CA38 -> 1.9314605e-05 | DU38: =CB38 -> -6.7693472e-06 | ... DY38: =CF38 -> -6.2689295e-09 | EA38: SWAP_5Y | EB38: -1.097486 | EC38: =FI25 -> #DISABLED | ED38: ='JACOBIAN - SWAP USD3ML'!B47 -> 45825 | EE38: ='JACOBIAN - SWAP USD3ML'!C47 -> 4.0402404e-13 | EF38: ='JACOBIAN - SWAP USD3ML'!D47 -> -1.8053229e-07 | EG38: ='JACOBIAN - SWAP USD3ML'!E47 -> 5.3600596e-12 | EH38: ='JACOBIAN - SWAP USD3ML'!F47 -> 4.0402404e-13 | EI38: ='JACOBIAN - SWAP USD3ML'!G47 -> -1.974809e-09 | EJ38: ='JACOBIAN - SWAP USD3ML'!H47 -> -1.7985898e-07 | EK38: ='JACOBIAN - SWAP USD3ML'!I47 -> -1.7920609e-07 | ... FB38: ='JACOBIAN - SWAP USD3ML'!Z47 -> 5.5647617e-09 | FH38: USDYC.OIS.3MLIBORSWAP.25Y | FI38: 0.0075923519 | FL38: #N/A
F39: 45552 | G39: 45552 | H39: 45643 | I39: 91 | J39: 0.25277778 | K39: 45643 | L39: 1000000 | M39: 0 | N39: 1 | O39: 0 | P39: 0.01643189 | Q39: 4153.6167 | R39: 0.93408002 | S39: 3879.8104 | V39: =L39*J39*R39 -> 236114.67 | X39: =AR39 -> 45917 | Y39: 0 | AA39: =CK39 -> 45917 | AB39: =SUM(CL39:DY39) -> -0.0005284512 | AD39: 45917 | AE39: -0.0005284512 | AF39: =ABS(AE39-AB39)<0.0000000000000001 -> TRUE | AH39: =AO39 -> 45917 | AI39: 0 | AK39: 45917 | AL39: 9.8520543e-05 | AM39: =ABS(AP39-AL39)<0.0000000000000001 -> TRUE | AO39: =ED39 -> 45917 | AP39: =SUM(EE39:FB39) -> 9.8520543e-05 | AR39: ='JACOBIAN - OIS USDOIS'!B48 -> 45917 | AS39: ='JACOBIAN - OIS USDOIS'!C48 -> -1.0263747e-06 | AT39: ='JACOBIAN - OIS USDOIS'!D48 -> -1.437764e-09 | AU39: ='JACOBIAN - OIS USDOIS'!E48 -> 5.74902e-09 | AV39: ='JACOBIAN - OIS USDOIS'!F48 -> -1.5144497e-08 | AW39: ='JACOBIAN - OIS USDOIS'!G48 -> 1.9493107e-08 | AX39: ='JACOBIAN - OIS USDOIS'!H48 -> -4.408527e-08 | AY39: ='JACOBIAN - OIS USDOIS'!I48 -> 1.3595209e-07 | ... CF39: ='JACOBIAN - OIS USDOIS'!AP48 -> -1.0351514e-08 | CK39: =AR39 -> 45917 | CL39: =AS39 -> -1.0263747e-06 | CM39: =AT39 -> -1.437764e-09 | CN39: =AU39 -> 5.74902e-09 | CO39: =AV39 -> -1.5144497e-08 | CP39: =AW39 -> 1.9493107e-08 | CQ39: =AX39 -> -4.408527e-08 | CR39: =AY39 -> 1.3595209e-07 | ... DA39: =BH39 -> -1.1246559e-13 | DB39: 0 | DC39: 0 | DD39: 0 | DE39: 0 | DF39: 0 | DG39: 0 | DH39: 0 | DI39: 0 | DJ39: 0 | DK39: 0 | DL39: 0 | DM39: 0 | DN39: =BU39 -> -7.6532554e-06 | DO39: =BV39 -> 1.8122721e-05 | DP39: =BW39 -> -5.1509936e-05 | DQ39: =BX39 -> 0.00020984817 | DR39: =BY39 -> -0.00053485289 | DS39: =BZ39 -> -0.00018889649 | DT39: =CA39 -> 3.1893725e-05 | DU39: =CB39 -> -1.1177951e-05 | ... DY39: =CF39 -> -1.0351514e-08 | EA39: SWAP_7Y | EB39: 0.072154335 | ED39: ='JACOBIAN - SWAP USD3ML'!B48 -> 45917 | EE39: ='JACOBIAN - SWAP USD3ML'!C48 -> 1.5460203e-13 | EF39: ='JACOBIAN - SWAP USD3ML'!D48 -> 2.110624e-07 | EG39: ='JACOBIAN - SWAP USD3ML'!E48 -> -9.3990787e-14 | EH39: ='JACOBIAN - SWAP USD3ML'!F48 -> 1.5548327e-13 | EI39: ='JACOBIAN - SWAP USD3ML'!G48 -> 2.3094019e-09 | EJ39: ='JACOBIAN - SWAP USD3ML'!H48 -> 2.1027597e-07 | EK39: ='JACOBIAN - SWAP USD3ML'!I48 -> 2.0951807e-07 | ... FB39: ='JACOBIAN - SWAP USD3ML'!Z48 -> 4.3674866e-09 | FH39: USDYC.OIS.BASISRATE.30Y | FI39: 0.0075718657 | FL39: #N/A
B40: PV Before | C40: 28725.216 | X40: =AR40 -> 46008 | Y40: 0 | AA40: =CK40 -> 46008 | AB40: =SUM(CL40:DY40) -> -0.00054935501 | AD40: 46008 | AE40: -0.00054935501 | AF40: =ABS(AE40-AB40)<0.0000000000000001 -> TRUE | AH40: =AO40 -> 46008 | AI40: 0 | AK40: 46008 | AL40: 9.8572321e-05 | AM40: =ABS(AP40-AL40)<0.0000000000000001 -> TRUE | AO40: =ED40 -> 46008 | AP40: =SUM(EE40:FB40) -> 9.8572321e-05 | AR40: ='JACOBIAN - OIS USDOIS'!B49 -> 46008 | AS40: ='JACOBIAN - OIS USDOIS'!C49 -> -1.0225297e-06 | AT40: ='JACOBIAN - OIS USDOIS'!D49 -> -1.404899e-09 | AU40: ='JACOBIAN - OIS USDOIS'!E49 -> 5.6175746e-09 | AV40: ='JACOBIAN - OIS USDOIS'!F49 -> -1.479823e-08 | AW40: ='JACOBIAN - OIS USDOIS'!G49 -> 1.9047492e-08 | AX40: ='JACOBIAN - OIS USDOIS'!H49 -> -4.3077346e-08 | AY40: ='JACOBIAN - OIS USDOIS'!I49 -> 1.3261753e-07 | ... CF40: ='JACOBIAN - OIS USDOIS'!AP49 -> -1.3844468e-08 | CK40: =AR40 -> 46008 | CL40: =AS40 -> -1.0225297e-06 | CM40: =AT40 -> -1.404899e-09 | CN40: =AU40 -> 5.6175746e-09 | CO40: =AV40 -> -1.479823e-08 | CP40: =AW40 -> 1.9047492e-08 | CQ40: =AX40 -> -4.3077346e-08 | CR40: =AY40 -> 1.3261753e-07 | ... DA40: =BH40 -> -5.928591e-14 | DB40: 0 | DC40: 0 | DD40: 0 | DE40: 0 | DF40: 0 | DG40: 0 | DH40: 0 | DI40: 0 | DJ40: 0 | DK40: 0 | DL40: 0 | DM40: 0 | DN40: =BU40 -> -7.4603289e-06 | DO40: =BV40 -> 1.7794075e-05 | DP40: =BW40 -> -5.0315068e-05 | DQ40: =BX40 -> 0.00020537965 | DR40: =BY40 -> -0.00046334703 | DS40: =BZ40 -> -0.00028524766 | DT40: =CA40 -> 4.2656267e-05 | DU40: =CB40 -> -1.4949833e-05 | ... DY40: =CF40 -> -1.3844468e-08 | EA40: SWAP_10Y | EB40: -0.01440296 | ED40: ='JACOBIAN - SWAP USD3ML'!B49 -> 46008 | EE40: ='JACOBIAN - SWAP USD3ML'!C49 -> -4.4408921e-15 | EF40: ='JACOBIAN - SWAP USD3ML'!D49 -> 4.6625564e-07 | EG40: ='JACOBIAN - SWAP USD3ML'!E49 -> -3.1228353e-12 | EH40: ='JACOBIAN - SWAP USD3ML'!F49 -> -4.4408921e-15 | EI40: ='JACOBIAN - SWAP USD3ML'!G49 -> 5.1013265e-09 | EJ40: ='JACOBIAN - SWAP USD3ML'!H49 -> 4.64518e-07 | EK40: ='JACOBIAN - SWAP USD3ML'!I49 -> 4.6284123e-07 | ... FB40: ='JACOBIAN - SWAP USD3ML'!Z49 -> 1.9237518e-09 | FH40: USDYC.OIS.3MLIBORSWAP.30Y | FI40: 0.0075899174 | FL40: #N/A
B41: PV After | C41: 29198.94 | X41: =AR41 -> 46098 | Y41: 0 | AA41: =CK41 -> 46098 | AB41: =SUM(CL41:DY41) -> -0.00056987317 | AD41: 46098 | AE41: -0.00056987317 | AF41: =ABS(AE41-AB41)<0.0000000000000001 -> TRUE | AH41: =AO41 -> 46098 | AI41: 0 | AK41: 46098 | AL41: 9.8594993e-05 | AM41: =ABS(AP41-AL41)<0.0000000000000001 -> TRUE | AO41: =ED41 -> 46098 | AP41: =SUM(EE41:FB41) -> 9.8594993e-05 | AR41: ='JACOBIAN - OIS USDOIS'!B50 -> 46098 | AS41: ='JACOBIAN - OIS USDOIS'!C50 -> -1.0186939e-06 | AT41: ='JACOBIAN - OIS USDOIS'!D50 -> -1.1788285e-09 | AU41: ='JACOBIAN - OIS USDOIS'!E50 -> 4.7135547e-09 | AV41: ='JACOBIAN - OIS USDOIS'!F50 -> -1.2416839e-08 | AW41: ='JACOBIAN - OIS USDOIS'!G50 -> 1.5982369e-08 | AX41: ='JACOBIAN - OIS USDOIS'!H50 -> -3.614526e-08 | AY41: ='JACOBIAN - OIS USDOIS'!I50 -> 1.092241e-07 | ... CF41: ='JACOBIAN - OIS USDOIS'!AP50 -> -1.5758133e-08 | CK41: =AR41 -> 46098 | CL41: =AS41 -> -1.0186939e-06 | CM41: =AT41 -> -1.1788285e-09 | CN41: =AU41 -> 4.7135547e-09 | CO41: =AV41 -> -1.2416839e-08 | CP41: =AW41 -> 1.5982369e-08 | CQ41: =AX41 -> -3.614526e-08 | CR41: =AY41 -> 1.092241e-07 | ... DA41: =BH41 -> 1.010303e-14 | DB41: 0 | DC41: 0 | DD41: 0 | DE41: 0 | DF41: 0 | DG41: 0 | DH41: 0 | DI41: 0 | DJ41: 0 | DK41: 0 | DL41: 0 | DM41: 0 | DN41: =BU41 -> -6.1329144e-06 | DO41: =BV41 -> 1.5529114e-05 | DP41: =BW41 -> -4.2062992e-05 | DQ41: =BX41 -> 0.00017443182 | DR41: =BY41 -> -0.00036176677 | DS41: =BZ41 -> -0.00038700319 | DT41: =CA41 -> 4.8552788e-05 | DU41: =CB41 -> -1.7016324e-05 | ... DY41: =CF41 -> -1.5758133e-08 | EA41: SWAP_12Y | EB41: 0.0050480074 | ED41: ='JACOBIAN - SWAP USD3ML'!B50 -> 46098 | EE41: ='JACOBIAN - SWAP USD3ML'!C50 -> -7.2986756e-14 | EF41: ='JACOBIAN - SWAP USD3ML'!D50 -> 5.9009551e-07 | EG41: ='JACOBIAN - SWAP USD3ML'!E50 -> -3.7874079e-12 | EH41: ='JACOBIAN - SWAP USD3ML'!F50 -> -7.3854117e-14 | EI41: ='JACOBIAN - SWAP USD3ML'!G50 -> 6.4561964e-09 | EJ41: ='JACOBIAN - SWAP USD3ML'!H50 -> 5.8789639e-07 | EK41: ='JACOBIAN - SWAP USD3ML'!I50 -> 5.8577449e-07 | ... FB41: ='JACOBIAN - SWAP USD3ML'!Z50 -> -1.8002391e-09 | FH41: #N/A | FI41: #N/A | FJ41: #N/A | FK41: #N/A | FL41: #N/A
B42: DV01 | C42: 473.72355 | D42: <--- DV01 if Bump OIS and STD | X42: =AR42 -> 46190 | Y42: 0 | AA42: =CK42 -> 46190 | AB42: =SUM(CL42:DY42) -> -0.00059066292 | AD42: 46190 | AE42: -0.00059066292 | AF42: =ABS(AE42-AB42)<0.0000000000000001 -> TRUE | AH42: =AO42 -> 46190 | AI42: 0 | AK42: 46190 | AL42: 9.858187e-05 | AM42: =ABS(AP42-AL42)<0.0000000000000001 -> TRUE | AO42: =ED42 -> 46190 | AP42: =SUM(EE42:FB42) -> 9.858187e-05 | AR42: ='JACOBIAN - OIS USDOIS'!B51 -> 46190 | AS42: ='JACOBIAN - OIS USDOIS'!C51 -> -1.0147392e-06 | AT42: ='JACOBIAN - OIS USDOIS'!D51 -> -8.0591078e-10 | AU42: ='JACOBIAN - OIS USDOIS'!E51 -> 3.2223304e-09 | AV42: ='JACOBIAN - OIS USDOIS'!F51 -> -8.4886294e-09 | AW42: ='JACOBIAN - OIS USDOIS'!G51 -> 1.0926261e-08 | AX42: ='JACOBIAN - OIS USDOIS'!H51 -> -2.4710448e-08 | AY42: ='JACOBIAN - OIS USDOIS'!I51 -> 7.0586021e-08 | ... CF42: ='JACOBIAN - OIS USDOIS'!AP51 -> -1.4961869e-08 | CK42: =AR42 -> 46190 | CL42: =AS42 -> -1.0147392e-06 | CM42: =AT42 -> -8.0591078e-10 | CN42: =AU42 -> 3.2223304e-09 | CO42: =AV42 -> -8.4886294e-09 | CP42: =AW42 -> 1.0926261e-08 | CQ42: =AX42 -> -2.4710448e-08 | CR42: =AY42 -> 7.0586021e-08 | ... DA42: =BH42 -> 9.3036689e-14 | DB42: 0 | DC42: 0 | DD42: 0 | DE42: 0 | DF42: 0 | DG42: 0 | DH42: 0 | DI42: 0 | DJ42: 0 | DK42: 0 | DL42: 0 | DM42: 0 | DN42: =BU42 -> -3.9431601e-06 | DO42: =BV42 -> 1.1792744e-05 | DP42: =BW42 -> -2.8447008e-05 | DQ42: =BX42 -> 0.00012336265 | DR42: =BY42 -> -0.00023770915 | DS42: =BZ42 -> -0.00048982944 | DT42: =CA42 -> 4.6099416e-05 | DU42: =CB42 -> -1.6156518e-05 | ... DY42: =CF42 -> -1.4961869e-08 | EA42: SWAP_15Y | EB42: -0.00071711095 | ED42: ='JACOBIAN - SWAP USD3ML'!B51 -> 46190 | EE42: ='JACOBIAN - SWAP USD3ML'!C51 -> -5.7343019e-14 | EF42: ='JACOBIAN - SWAP USD3ML'!D51 -> 5.8043923e-07 | EG42: ='JACOBIAN - SWAP USD3ML'!E51 -> -2.047057e-12 | EH42: ='JACOBIAN - SWAP USD3ML'!F51 -> -5.6475657e-14 | EI42: ='JACOBIAN - SWAP USD3ML'!G51 -> 6.3505653e-09 | EJ42: ='JACOBIAN - SWAP USD3ML'!H51 -> 5.7827631e-07 | EK42: ='JACOBIAN - SWAP USD3ML'!I51 -> 5.7619075e-07 | ... FB42: ='JACOBIAN - SWAP USD3ML'!Z51 -> -6.8510884e-09 | FH42: #N/A | FI42: #N/A | FJ42: #N/A | FK42: #N/A | FL42: #N/A
D43: at the same time | X43: =AR43 -> 46282 | Y43: 0 | AA43: =CK43 -> 46282 | AB43: =SUM(CL43:DY43) -> -0.00061124856 | AD43: 46282 | AE43: -0.00061124856 | AF43: =ABS(AE43-AB43)<0.0000000000000001 -> TRUE | AH43: =AO43 -> 46282 | AI43: 0 | AK43: 46282 | AL43: 9.8571182e-05 | AM43: =ABS(AP43-AL43)<0.0000000000000001 -> TRUE | AO43: =ED43 -> 46282 | AP43: =SUM(EE43:FB43) -> 9.8571182e-05 | AR43: ='JACOBIAN - OIS USDOIS'!B52 -> 46282 | AS43: ='JACOBIAN - OIS USDOIS'!C52 -> -1.0107508e-06 | AT43: ='JACOBIAN - OIS USDOIS'!D52 -> -3.5883085e-10 | AU43: ='JACOBIAN - OIS USDOIS'!E52 -> 1.4345485e-09 | AV43: ='JACOBIAN - OIS USDOIS'!F52 -> -3.779226e-09 | AW43: ='JACOBIAN - OIS USDOIS'!G52 -> 4.8646376e-09 | AX43: ='JACOBIAN - OIS USDOIS'!H52 -> -1.1001614e-08 | AY43: ='JACOBIAN - OIS USDOIS'!I52 -> 2.4247226e-08 | ... CF43: ='JACOBIAN - OIS USDOIS'!AP52 -> -1.0065486e-08 | CK43: =AR43 -> 46282 | CL43: =AS43 -> -1.0107508e-06 | CM43: =AT43 -> -3.5883085e-10 | CN43: =AU43 -> 1.4345485e-09 | CO43: =AV43 -> -3.779226e-09 | CP43: =AW43 -> 4.8646376e-09 | CQ43: =AX43 -> -1.1001614e-08 | CR43: =AY43 -> 2.4247226e-08 | ... DA43: =BH43 -> 1.8207658e-13 | DB43: 0 | DC43: 0 | DD43: 0 | DE43: 0 | DF43: 0 | DG43: 0 | DH43: 0 | DI43: 0 | DJ43: 0 | DK43: 0 | DL43: 0 | DM43: 0 | DN43: =BU43 -> -1.317841e-06 | DO43: =BV43 -> 7.3134976e-06 | DP43: =BW43 -> -1.2121828e-05 | DQ43: =BX43 -> 6.213554e-05 | DR43: =BY43 -> -0.0001068966 | DS43: =BZ43 -> -0.00058242634 | DT43: =CA43 -> 3.101277e-05 | DU43: =CB43 -> -1.0869206e-05 | ... DY43: =CF43 -> -1.0065486e-08 | EA43: SWAP_20Y | EB43: 0.00010705657 | ED43: ='JACOBIAN - SWAP USD3ML'!B52 -> 46282 | EE43: ='JACOBIAN - SWAP USD3ML'!C52 -> 5.1830068e-14 | EF43: ='JACOBIAN - SWAP USD3ML'!D52 -> 4.3622476e-07 | EG43: ='JACOBIAN - SWAP USD3ML'!E52 -> 2.0976658e-12 | EH43: ='JACOBIAN - SWAP USD3ML'!F52 -> 5.1830068e-14 | EI43: ='JACOBIAN - SWAP USD3ML'!G52 -> 4.7728186e-09 | EJ43: ='JACOBIAN - SWAP USD3ML'!H52 -> 4.3459971e-07 | EK43: ='JACOBIAN - SWAP USD3ML'!I52 -> 4.3303579e-07 | ... FB43: ='JACOBIAN - SWAP USD3ML'!Z52 -> -1.3157502e-08 | FH43: #N/A | FI43: #N/A | FJ43: #N/A | FK43: #N/A | FL43: #N/A
X44: =AR44 -> 46373 | Y44: 0 | AA44: =CK44 -> 46373 | AB44: =SUM(CL44:DY44) -> -0.00063140363 | AD44: 46373 | AE44: -0.00063140363 | AF44: =ABS(AE44-AB44)<0.0000000000000001 -> TRUE | AH44: =AO44 -> 46373 | AI44: 0 | AK44: 46373 | AL44: 9.8589421e-05 | AM44: =ABS(AP44-AL44)<0.0000000000000001 -> TRUE | AO44: =ED44 -> 46373 | AP44: =SUM(EE44:FB44) -> 9.8589421e-05 | AR44: ='JACOBIAN - OIS USDOIS'!B53 -> 46373 | AS44: ='JACOBIAN - OIS USDOIS'!C53 -> -1.0067732e-06 | AT44: ='JACOBIAN - OIS USDOIS'!D53 -> 7.7156836e-11 | AU44: ='JACOBIAN - OIS USDOIS'!E53 -> -3.0888281e-10 | AV44: ='JACOBIAN - OIS USDOIS'!F53 -> 8.1334528e-10 | AW44: ='JACOBIAN - OIS USDOIS'!G53 -> -1.046612e-09 | AX44: ='JACOBIAN - OIS USDOIS'!H53 -> 2.3671265e-09 | AY44: ='JACOBIAN - OIS USDOIS'!I53 -> -2.0941745e-08 | ... CF44: ='JACOBIAN - OIS USDOIS'!AP53 -> 2.386018e-10 | CK44: =AR44 -> 46373 | CL44: =AS44 -> -1.0067732e-06 | CM44: =AT44 -> 7.7156836e-11 | CN44: =AU44 -> -3.0888281e-10 | CO44: =AV44 -> 8.1334528e-10 | CP44: =AW44 -> -1.046612e-09 | CQ44: =AX44 -> 2.3671265e-09 | CR44: =AY44 -> -2.0941745e-08 | ... DA44: =BH44 -> 2.6967317e-13 | DB44: 0 | DC44: 0 | DD44: 0 | DE44: 0 | DF44: 0 | DG44: 0 | DH44: 0 | DI44: 0 | DJ44: 0 | DK44: 0 | DL44: 0 | DM44: 0 | DN44: =BU44 -> 1.2424121e-06 | DO44: =BV44 -> 2.9456745e-06 | DP44: =BW44 -> 3.7984215e-06 | DQ44: =BX44 -> 2.4340208e-06 | DR44: =BY44 -> 1.367574e-05 | DS44: =BZ44 -> -0.00065400496 | DT44: =CA44 -> -7.3530631e-07 | DU44: =CB44 -> 2.5770473e-07 | ... DY44: =CF44 -> 2.386018e-10 | EA44: SWAP_25Y | EB44: -2.746692e-05 | ED44: ='JACOBIAN - SWAP USD3ML'!B53 -> 46373 | EE44: ='JACOBIAN - SWAP USD3ML'!C53 -> 2.1493918e-13 | EF44: ='JACOBIAN - SWAP USD3ML'!D53 -> 1.9736617e-07 | EG44: ='JACOBIAN - SWAP USD3ML'!E53 -> 7.5957018e-12 | EH44: ='JACOBIAN - SWAP USD3ML'!F53 -> 2.14051e-13 | EI44: ='JACOBIAN - SWAP USD3ML'!G53 -> 2.1596183e-09 | EJ44: ='JACOBIAN - SWAP USD3ML'!H53 -> 1.9663179e-07 | EK44: ='JACOBIAN - SWAP USD3ML'!I53 -> 1.9593051e-07 | ... FB44: ='JACOBIAN - SWAP USD3ML'!Z53 -> -1.850702e-08 | FH44: #N/A | FI44: #N/A | FJ44: #N/A | FK44: #N/A | FL44: #N/A
X45: =AR45 -> 46463 | Y45: 0 | AA45: =CK45 -> 46463 | AB45: =SUM(CL45:DY45) -> -0.00065114041 | AD45: 46463 | AE45: -0.00065114041 | AF45: =ABS(AE45-AB45)<0.0000000000000001 -> TRUE | AH45: =AO45 -> 46463 | AI45: 0 | AK45: 46463 | AL45: 9.856089e-05 | AM45: =ABS(AP45-AL45)<0.0000000000000001 -> TRUE | AO45: =ED45 -> 46463 | AP45: =SUM(EE45:FB45) -> 9.856089e-05 | AR45: ='JACOBIAN - OIS USDOIS'!B54 -> 46463 | AS45: ='JACOBIAN - OIS USDOIS'!C54 -> -1.0028085e-06 | AT45: ='JACOBIAN - OIS USDOIS'!D54 -> 4.3090009e-10 | AU45: ='JACOBIAN - OIS USDOIS'!E54 -> -1.7234498e-09 | AV45: ='JACOBIAN - OIS USDOIS'!F54 -> 4.5396132e-09 | AW45: ='JACOBIAN - OIS USDOIS'!G54 -> -5.8428108e-09 | AX45: ='JACOBIAN - OIS USDOIS'!H54 -> 1.3214096e-08 | AY45: ='JACOBIAN - OIS USDOIS'!I54 -> -5.7593472e-08 | ... CF45: ='JACOBIAN - OIS USDOIS'!AP54 -> 1.6759513e-08 | CK45: =AR45 -> 46463 | CL45: =AS45 -> -1.0028085e-06 | CM45: =AT45 -> 4.3090009e-10 | CN45: =AU45 -> -1.7234498e-09 | CO45: =AV45 -> 4.5396132e-09 | CP45: =AW45 -> -5.8428108e-09 | CQ45: =AX45 -> 1.3214096e-08 | CR45: =AY45 -> -5.7593472e-08 | ... DA45: =BH45 -> 3.489431e-13 | DB45: 0 | DC45: 0 | DD45: 0 | DE45: 0 | DF45: 0 | DG45: 0 | DH45: 0 | DI45: 0 | DJ45: 0 | DK45: 0 | DL45: 0 | DM45: 0 | DN45: =BU45 -> 3.3197657e-06 | DO45: =BV45 -> -5.9781845e-07 | DP45: =BW45 -> 1.6714516e-05 | DQ45: =BX45 -> -4.5993511e-05 | DR45: =BY45 -> 0.00011049872 | DS45: =BZ45 -> -0.00069665385 | DT45: =CA45 -> -5.2020694e-05 | DU45: =CB45 -> 1.8098191e-05 | ... DY45: =CF45 -> 1.6759513e-08 | EA45: SWAP_30Y | EB45: 4.674435e-06 | ED45: ='JACOBIAN - SWAP USD3ML'!B54 -> 46463 | EE45: ='JACOBIAN - SWAP USD3ML'!C54 -> 2.9715466e-13 | EF45: ='JACOBIAN - SWAP USD3ML'!D54 -> 7.7518687e-09 | EG45: ='JACOBIAN - SWAP USD3ML'!E54 -> 1.0568938e-11 | EH45: ='JACOBIAN - SWAP USD3ML'!F54 -> 2.9715466e-13 | EI45: ='JACOBIAN - SWAP USD3ML'!G54 -> 8.5122343e-11 | EJ45: ='JACOBIAN - SWAP USD3ML'!H54 -> 7.7243568e-09 | EK45: ='JACOBIAN - SWAP USD3ML'!I54 -> 7.7065563e-09 | ... FB45: ='JACOBIAN - SWAP USD3ML'!Z54 -> -1.4187958e-08 | FH45: #N/A | FI45: #N/A | FJ45: #N/A | FK45: #N/A | FL45: #N/A
X46: =AR46 -> 46555 | Y46: 0 | AA46: =CK46 -> 46555 | AB46: =SUM(CL46:DY46) -> -0.00067112196 | AD46: 46555 | AE46: -0.00067112196 | AF46: =ABS(AE46-AB46)<0.0000000000000001 -> TRUE | AH46: =AO46 -> 46555 | AI46: 0 | AK46: 46555 | AL46: 9.8389686e-05 | AM46: =ABS(AP46-AL46)<0.0000000000000001 -> TRUE | AO46: =ED46 -> 46555 | AP46: =SUM(EE46:FB46) -> 9.8389686e-05 | AR46: ='JACOBIAN - OIS USDOIS'!B55 -> 46555 | AS46: ='JACOBIAN - OIS USDOIS'!C55 -> -9.9872477e-07 | AT46: ='JACOBIAN - OIS USDOIS'!D55 -> 6.9958095e-10 | AU46: ='JACOBIAN - OIS USDOIS'!E55 -> -2.7978815e-09 | AV46: ='JACOBIAN - OIS USDOIS'!F55 -> 7.3698883e-09 | AW46: ='JACOBIAN - OIS USDOIS'!G55 -> -9.4857415e-09 | AX46: ='JACOBIAN - OIS USDOIS'!H55 -> 2.1452868e-08 | AY46: ='JACOBIAN - OIS USDOIS'!I55 -> -8.541374e-08 | ... CF46: ='JACOBIAN - OIS USDOIS'!AP55 -> 3.8988488e-08 | CK46: =AR46 -> 46555 | CL46: =AS46 -> -9.9872477e-07 | CM46: =AT46 -> 6.9958095e-10 | CN46: =AU46 -> -2.7978815e-09 | CO46: =AV46 -> 7.3698883e-09 | CP46: =AW46 -> -9.4857415e-09 | CQ46: =AX46 -> 2.1452868e-08 | CR46: =AY46 -> -8.541374e-08 | ... DA46: =BH46 -> 4.216627e-13 | DB46: 0 | DC46: 0 | DD46: 0 | DE46: 0 | DF46: 0 | DG46: 0 | DH46: 0 | DI46: 0 | DJ46: 0 | DK46: 0 | DL46: 0 | DM46: 0 | DN46: =BU46 -> 4.8977146e-06 | DO46: =BV46 -> -3.2884742e-06 | DP46: =BW46 -> 2.6523222e-05 | DQ46: =BX46 -> -8.2760492e-05 | DR46: =BY46 -> 0.00018402149 | DS46: =BZ46 -> -0.00071075643 | DT46: =CA46 -> -0.00012339755 | DU46: =CB46 -> 4.2103235e-05 | ... DY46: =CF46 -> 3.8988488e-08 | ED46: ='JACOBIAN - SWAP USD3ML'!B55 -> 46555 | EE46: ='JACOBIAN - SWAP USD3ML'!C55 -> 2.6934704e-13 | EF46: ='JACOBIAN - SWAP USD3ML'!D55 -> -9.5185857e-08 | EG46: ='JACOBIAN - SWAP USD3ML'!E55 -> 9.9711524e-12 | EH46: ='JACOBIAN - SWAP USD3ML'!F55 -> 2.6847968e-13 | EI46: ='JACOBIAN - SWAP USD3ML'!G55 -> -1.041155e-09 | EJ46: ='JACOBIAN - SWAP USD3ML'!H55 -> -9.482991e-08 | EK46: ='JACOBIAN - SWAP USD3ML'!I55 -> -9.4478748e-08 | ... FB46: ='JACOBIAN - SWAP USD3ML'!Z55 -> 2.266434e-09
X47: =AR47 -> 46647 | Y47: 0 | AA47: =CK47 -> 46647 | AB47: =SUM(CL47:DY47) -> -0.00069091068 | AD47: 46647 | AE47: -0.00069091068 | AF47: =ABS(AE47-AB47)<0.0000000000000001 -> TRUE | AH47: =AO47 -> 46647 | AI47: 0 | AK47: 46647 | AL47: 9.8175438e-05 | AM47: =ABS(AP47-AL47)<0.0000000000000001 -> TRUE | AO47: =ED47 -> 46647 | AP47: =SUM(EE47:FB47) -> 9.8175438e-05 | AR47: ='JACOBIAN - OIS USDOIS'!B56 -> 46647 | AS47: ='JACOBIAN - OIS USDOIS'!C56 -> -9.9461068e-07 | AT47: ='JACOBIAN - OIS USDOIS'!D56 -> 8.7854635e-10 | AU47: ='JACOBIAN - OIS USDOIS'!E56 -> -3.5135707e-09 | AV47: ='JACOBIAN - OIS USDOIS'!F56 -> 9.2551561e-09 | AW47: ='JACOBIAN - OIS USDOIS'!G56 -> -1.1912317e-08 | AX47: ='JACOBIAN - OIS USDOIS'!H56 -> 2.6940766e-08 | AY47: ='JACOBIAN - OIS USDOIS'!I56 -> -1.0392221e-07 | ... CF47: ='JACOBIAN - OIS USDOIS'!AP56 -> 6.4638962e-08 | CK47: =AR47 -> 46647 | CL47: =AS47 -> -9.9461068e-07 | CM47: =AT47 -> 8.7854635e-10 | CN47: =AU47 -> -3.5135707e-09 | CO47: =AV47 -> 9.2551561e-09 | CP47: =AW47 -> -1.1912317e-08 | CQ47: =AX47 -> 2.6940766e-08 | CR47: =AY47 -> -1.0392221e-07 | ... DA47: =BH47 -> 4.8538951e-13 | DB47: 0 | DC47: 0 | DD47: 0 | DE47: 0 | DF47: 0 | DG47: 0 | DH47: 0 | DI47: 0 | DJ47: 0 | DK47: 0 | DL47: 0 | DM47: 0 | DN47: =BU47 -> 5.9489844e-06 | DO47: =BV47 -> -5.0794545e-06 | DP47: =BW47 -> 3.3054692e-05 | DQ47: =BX47 -> -0.0001072311 | DR47: =BY47 -> 0.0002329652 | DS47: =BZ47 -> -0.00069715319 | DT47: =CA47 -> -0.00021065161 | DU47: =CB47 -> 6.9803969e-05 | ... DY47: =CF47 -> 6.4638962e-08 | ED47: ='JACOBIAN - SWAP USD3ML'!B56 -> 46647 | EE47: ='JACOBIAN - SWAP USD3ML'!C56 -> 1.256148e-13 | EF47: ='JACOBIAN - SWAP USD3ML'!D56 -> -1.0892491e-07 | EG47: ='JACOBIAN - SWAP USD3ML'!E56 -> 5.7799911e-12 | EH47: ='JACOBIAN - SWAP USD3ML'!F56 -> 1.2649257e-13 | EI47: ='JACOBIAN - SWAP USD3ML'!G56 -> -1.1916226e-09 | EJ47: ='JACOBIAN - SWAP USD3ML'!H56 -> -1.0851831e-07 | EK47: ='JACOBIAN - SWAP USD3ML'!I56 -> -1.0812178e-07 | ... FB47: ='JACOBIAN - SWAP USD3ML'!Z56 -> 3.0695392e-08
X48: =AR48 -> 46738 | Y48: 0 | AA48: =CK48 -> 46738 | AB48: =SUM(CL48:DY48) -> -0.00071029296 | AD48: 46738 | AE48: -0.00071029296 | AF48: =ABS(AE48-AB48)<0.0000000000000001 -> TRUE | AH48: =AO48 -> 46738 | AI48: 0 | AK48: 46738 | AL48: 9.8130607e-05 | AM48: =ABS(AP48-AL48)<0.0000000000000001 -> TRUE | AO48: =ED48 -> 46738 | AP48: =SUM(EE48:FB48) -> 9.8130607e-05 | AR48: ='JACOBIAN - OIS USDOIS'!B57 -> 46738 | AS48: ='JACOBIAN - OIS USDOIS'!C57 -> -9.9051258e-07 | AT48: ='JACOBIAN - OIS USDOIS'!D57 -> 9.7331276e-10 | AU48: ='JACOBIAN - OIS USDOIS'!E57 -> -3.8925722e-09 | AV48: ='JACOBIAN - OIS USDOIS'!F57 -> 1.0253514e-08 | AW48: ='JACOBIAN - OIS USDOIS'!G57 -> -1.3197318e-08 | AX48: ='JACOBIAN - OIS USDOIS'!H57 -> 2.9846912e-08 | AY48: ='JACOBIAN - OIS USDOIS'!I57 -> -1.1369298e-07 | ... CF48: ='JACOBIAN - OIS USDOIS'!AP57 -> 9.1156588e-08 | CK48: =AR48 -> 46738 | CL48: =AS48 -> -9.9051258e-07 | CM48: =AT48 -> 9.7331276e-10 | CN48: =AU48 -> -3.8925722e-09 | CO48: =AV48 -> 1.0253514e-08 | CP48: =AW48 -> -1.3197318e-08 | CQ48: =AX48 -> 2.9846912e-08 | CR48: =AY48 -> -1.1369298e-07 | ... DA48: =BH48 -> 5.3967941e-13 | DB48: 0 | DC48: 0 | DD48: 0 | DE48: 0 | DF48: 0 | DG48: 0 | DH48: 0 | DI48: 0 | DJ48: 0 | DK48: 0 | DL48: 0 | DM48: 0 | DN48: =BU48 -> 6.5059911e-06 | DO48: =BV48 -> -6.0259129e-06 | DP48: =BW48 -> 3.651049e-05 | DQ48: =BX48 -> -0.00012016225 | DR48: =BY48 -> 0.00025883821 | DS48: =BZ48 -> -0.00065911571 | DT48: =CA48 -> -0.00030879581 | DU48: =CB48 -> 9.8442091e-05 | ... DY48: =CF48 -> 9.1156588e-08 | ED48: ='JACOBIAN - SWAP USD3ML'!B57 -> 46738 | EE48: ='JACOBIAN - SWAP USD3ML'!C57 -> -1.0716775e-13 | EF48: ='JACOBIAN - SWAP USD3ML'!D57 -> -5.3217539e-08 | EG48: ='JACOBIAN - SWAP USD3ML'!E57 -> -1.2025554e-12 | EH48: ='JACOBIAN - SWAP USD3ML'!F57 -> -1.0716775e-13 | EI48: ='JACOBIAN - SWAP USD3ML'!G57 -> -5.8236405e-10 | EJ48: ='JACOBIAN - SWAP USD3ML'!H57 -> -5.3019397e-08 | EK48: ='JACOBIAN - SWAP USD3ML'!I57 -> -5.2829432e-08 | ... FB48: ='JACOBIAN - SWAP USD3ML'!Z57 -> 6.0939417e-08
X49: =AR49 -> 46829 | Y49: 0 | AA49: =CK49 -> 46829 | AB49: =SUM(CL49:DY49) -> -0.0007294806 | AD49: 46829 | AE49: -0.0007294806 | AF49: =ABS(AE49-AB49)<0.0000000000000001 -> TRUE | AH49: =AO49 -> 46829 | AI49: 0 | AK49: 46829 | AL49: 9.8224393e-05 | AM49: =ABS(AP49-AL49)<0.0000000000000001 -> TRUE | AO49: =ED49 -> 46829 | AP49: =SUM(EE49:FB49) -> 9.8224393e-05 | AR49: ='JACOBIAN - OIS USDOIS'!B58 -> 46829 | AS49: ='JACOBIAN - OIS USDOIS'!C58 -> -9.8638725e-07 | AT49: ='JACOBIAN - OIS USDOIS'!D58 -> 9.9400055e-10 | AU49: ='JACOBIAN - OIS USDOIS'!E58 -> -3.9753517e-09 | AV49: ='JACOBIAN - OIS USDOIS'!F58 -> 1.0471559e-08 | AW49: ='JACOBIAN - OIS USDOIS'!G58 -> -1.3477949e-08 | AX49: ='JACOBIAN - OIS USDOIS'!H58 -> 3.0481603e-08 | AY49: ='JACOBIAN - OIS USDOIS'!I58 -> -1.1577627e-07 | ... CF49: ='JACOBIAN - OIS USDOIS'!AP58 -> 1.1635571e-07 | CK49: =AR49 -> 46829 | CL49: =AS49 -> -9.8638725e-07 | CM49: =AT49 -> 9.9400055e-10 | CN49: =AU49 -> -3.9753517e-09 | CO49: =AV49 -> 1.0471559e-08 | CP49: =AW49 -> -1.3477949e-08 | CQ49: =AX49 -> 3.0481603e-08 | CR49: =AY49 -> -1.1577627e-07 | ... DA49: =BH49 -> 5.8564265e-13 | DB49: 0 | DC49: 0 | DD49: 0 | DE49: 0 | DF49: 0 | DG49: 0 | DH49: 0 | DI49: 0 | DJ49: 0 | DK49: 0 | DL49: 0 | DM49: 0 | DN49: =BU49 -> 6.6281783e-06 | DO49: =BV49 -> -6.2291589e-06 | DP49: =BW49 -> 3.7260242e-05 | DQ49: =BX49 -> -0.00012294029 | DR49: =BY49 -> 0.00026441054 | DS49: =BZ49 -> -0.00059985135 | DT49: =CA49 -> -0.00041444564 | DU49: =CB49 -> 0.00012565716 | ... DY49: =CF49 -> 1.1635571e-07 | ED49: ='JACOBIAN - SWAP USD3ML'!B58 -> 46829 | EE49: ='JACOBIAN - SWAP USD3ML'!C58 -> -3.563122e-13 | EF49: ='JACOBIAN - SWAP USD3ML'!D58 -> -1.7056322e-09 | EG49: ='JACOBIAN - SWAP USD3ML'!E58 -> -8.1007562e-12 | EH49: ='JACOBIAN - SWAP USD3ML'!F58 -> -3.563122e-13 | EI49: ='JACOBIAN - SWAP USD3ML'!G58 -> -1.9024782e-11 | EJ49: ='JACOBIAN - SWAP USD3ML'!H58 -> -1.7003029e-09 | EK49: ='JACOBIAN - SWAP USD3ML'!I58 -> -1.7017417e-09 | ... FB49: ='JACOBIAN - SWAP USD3ML'!Z58 -> 5.2508213e-08
X50: =AR50 -> 46923 | Y50: 0 | AA50: =CK50 -> 46923 | AB50: =SUM(CL50:DY50) -> -0.00074909138 | AD50: 46923 | AE50: -0.00074909138 | AF50: =ABS(AE50-AB50)<0.0000000000000001 -> TRUE | AH50: =AO50 -> 46923 | AI50: 0 | AK50: 46923 | AL50: 9.8179518e-05 | AM50: =ABS(AP50-AL50)<0.0000000000000001 -> TRUE | AO50: =ED50 -> 46923 | AP50: =SUM(EE50:FB50) -> 9.8179518e-05 | AR50: ='JACOBIAN - OIS USDOIS'!B59 -> 46923 | AS50: ='JACOBIAN - OIS USDOIS'!C59 -> -9.8209893e-07 | AT50: ='JACOBIAN - OIS USDOIS'!D59 -> 9.4760333e-10 | AU50: ='JACOBIAN - OIS USDOIS'!E59 -> -3.7898744e-09 | AV50: ='JACOBIAN - OIS USDOIS'!F59 -> 9.982958e-09 | AW50: ='JACOBIAN - OIS USDOIS'!G59 -> -1.2849028e-08 | AX50: ='JACOBIAN - OIS USDOIS'!H59 -> 2.9059283e-08 | AY50: ='JACOBIAN - OIS USDOIS'!I59 -> -1.1089627e-07 | ... CF50: ='JACOBIAN - OIS USDOIS'!AP59 -> 1.3813378e-07 | CK50: =AR50 -> 46923 | CL50: =AS50 -> -9.8209893e-07 | CM50: =AT50 -> 9.4760333e-10 | CN50: =AU50 -> -3.7898744e-09 | CO50: =AV50 -> 9.982958e-09 | CP50: =AW50 -> -1.2849028e-08 | CQ50: =AX50 -> 2.9059283e-08 | CR50: =AY50 -> -1.1089627e-07 | ... DA50: =BH50 -> 6.2438943e-13 | DB50: 0 | DC50: 0 | DD50: 0 | DE50: 0 | DF50: 0 | DG50: 0 | DH50: 0 | DI50: 0 | DJ50: 0 | DK50: 0 | DL50: 0 | DM50: 0 | DN50: =BU50 -> 6.3566443e-06 | DO50: =BV50 -> -5.7590929e-06 | DP50: =BW50 -> 3.555925e-05 | DQ50: =BX50 -> -0.00011652159 | DR50: =BY50 -> 0.00025159499 | DS50: =BZ50 -> -0.00052034558 | DT50: =CA50 -> -0.00052640523 | DU50: =CB50 -> 0.00014917819 | ... DY50: =CF50 -> 1.3813378e-07 | ED50: ='JACOBIAN - SWAP USD3ML'!B59 -> 46923 | EE50: ='JACOBIAN - SWAP USD3ML'!C59 -> -5.9778224e-13 | EF50: ='JACOBIAN - SWAP USD3ML'!D59 -> 2.5992418e-08 | EG50: ='JACOBIAN - SWAP USD3ML'!E59 -> -1.4060055e-11 | EH50: ='JACOBIAN - SWAP USD3ML'!F59 -> -5.9778224e-13 | EI50: ='JACOBIAN - SWAP USD3ML'!G59 -> 2.8377561e-10 | EJ50: ='JACOBIAN - SWAP USD3ML'!H59 -> 2.5893788e-08 | EK50: ='JACOBIAN - SWAP USD3ML'!I59 -> 2.5787338e-08 | ... FB50: ='JACOBIAN - SWAP USD3ML'!Z59 -> -5.7702521e-09
X51: =AR51 -> 47014 | Y51: 0 | AA51: =CK51 -> 47014 | AB51: =SUM(CL51:DY51) -> -0.00076787049 | AD51: 47014 | AE51: -0.00076787049 | AF51: =ABS(AE51-AB51)<0.0000000000000001 -> TRUE | AH51: =AO51 -> 47014 | AI51: 0 | AK51: 47014 | AL51: 9.8078712e-05 | AM51: =ABS(AP51-AL51)<0.0000000000000001 -> TRUE | AO51: =ED51 -> 47014 | AP51: =SUM(EE51:FB51) -> 9.8078712e-05 | AR51: ='JACOBIAN - OIS USDOIS'!B60 -> 47014 | AS51: ='JACOBIAN - OIS USDOIS'!C60 -> -9.7792312e-07 | AT51: ='JACOBIAN - OIS USDOIS'!D60 -> 8.4851592e-10 | AU51: ='JACOBIAN - OIS USDOIS'!E60 -> -3.3936935e-09 | AV51: ='JACOBIAN - OIS USDOIS'!F60 -> 8.93932e-09 | AW51: ='JACOBIAN - OIS USDOIS'!G60 -> -1.15057e-08 | AX51: ='JACOBIAN - OIS USDOIS'!H60 -> 2.6021282e-08 | AY51: ='JACOBIAN - OIS USDOIS'!I60 -> -1.0055114e-07 | ... CF51: ='JACOBIAN - OIS USDOIS'!AP60 -> 1.5207371e-07 | CK51: =AR51 -> 47014 | CL51: =AS51 -> -9.7792312e-07 | CM51: =AT51 -> 8.4851592e-10 | CN51: =AU51 -> -3.3936935e-09 | CO51: =AV51 -> 8.93932e-09 | CP51: =AW51 -> -1.15057e-08 | CQ51: =AX51 -> 2.6021282e-08 | CR51: =AY51 -> -1.0055114e-07 | ... DA51: =BH51 -> 6.5414341e-13 | DB51: 0 | DC51: 0 | DD51: 0 | DE51: 0 | DF51: 0 | DG51: 0 | DH51: 0 | DI51: 0 | DJ51: 0 | DK51: 0 | DL51: 0 | DM51: 0 | DN51: =BU51 -> 5.7758381e-06 | DO51: =BV51 -> -4.7603586e-06 | DP51: =BW51 -> 3.1933743e-05 | DQ51: =BX51 -> -0.00010288248 | DR51: =BY51 -> 0.00022434321 | DS51: =BZ51 -> -0.00043010595 | DT51: =CA51 -> -0.00063212915 | DU51: =CB51 -> 0.00016423415 | ... DY51: =CF51 -> 1.5207371e-07 | ED51: ='JACOBIAN - SWAP USD3ML'!B60 -> 47014 | EE51: ='JACOBIAN - SWAP USD3ML'!C60 -> -8.2132218e-13 | EF51: ='JACOBIAN - SWAP USD3ML'!D60 -> 2.9620972e-08 | EG51: ='JACOBIAN - SWAP USD3ML'!E60 -> -1.8917617e-11 | EH51: ='JACOBIAN - SWAP USD3ML'!F60 -> -8.2044441e-13 | EI51: ='JACOBIAN - SWAP USD3ML'!G60 -> 3.2324824e-10 | EJ51: ='JACOBIAN - SWAP USD3ML'!H60 -> 2.9508207e-08 | EK51: ='JACOBIAN - SWAP USD3ML'!I60 -> 2.9384207e-08 | ... FB51: ='JACOBIAN - SWAP USD3ML'!Z60 -> -1.1066389e-07
X52: =AR52 -> 47105 | Y52: 0 | AA52: =CK52 -> 47105 | AB52: =SUM(CL52:DY52) -> -0.00078644784 | AD52: 47105 | AE52: -0.00078644784 | AF52: =ABS(AE52-AB52)<0.0000000000000001 -> TRUE | AH52: =AO52 -> 47105 | AI52: 0 | AK52: 47105 | AL52: 9.8162829e-05 | AM52: =ABS(AP52-AL52)<0.0000000000000001 -> TRUE | AO52: =ED52 -> 47105 | AP52: =SUM(EE52:FB52) -> 9.8162829e-05 | AR52: ='JACOBIAN - OIS USDOIS'!B61 -> 47105 | AS52: ='JACOBIAN - OIS USDOIS'!C61 -> -9.7372531e-07 | AT52: ='JACOBIAN - OIS USDOIS'!D61 -> 7.0904949e-10 | AU52: ='JACOBIAN - OIS USDOIS'!E61 -> -2.8360368e-09 | AV52: ='JACOBIAN - OIS USDOIS'!F61 -> 7.470323e-09 | AW52: ='JACOBIAN - OIS USDOIS'!G61 -> -9.6148787e-09 | AX52: ='JACOBIAN - OIS USDOIS'!H61 -> 2.1745089e-08 | AY52: ='JACOBIAN - OIS USDOIS'!I61 -> -8.6016384e-08 | ... CF52: ='JACOBIAN - OIS USDOIS'!AP61 -> 1.5576845e-07 | CK52: =AR52 -> 47105 | CL52: =AS52 -> -9.7372531e-07 | CM52: =AT52 -> 7.0904949e-10 | CN52: =AU52 -> -2.8360368e-09 | CO52: =AV52 -> 7.470323e-09 | CP52: =AW52 -> -9.6148787e-09 | CQ52: =AX52 -> 2.1745089e-08 | CR52: =AY52 -> -8.6016384e-08 | ... DA52: =BH52 -> 6.7668093e-13 | DB52: 0 | DC52: 0 | DD52: 0 | DE52: 0 | DF52: 0 | DG52: 0 | DH52: 0 | DI52: 0 | DJ52: 0 | DK52: 0 | DL52: 0 | DM52: 0 | DN52: =BU52 -> 4.9580448e-06 | DO52: =BV52 -> -3.3563196e-06 | DP52: =BW52 -> 2.6833254e-05 | DQ52: =BX52 -> -8.3708125e-05 | DR52: =BY52 -> 0.00018602688 | DS52: =BZ52 -> -0.00033170842 | DT52: =CA52 -> -0.00072943829 | DU52: =CB52 -> 0.00016822479 | ... DY52: =CF52 -> 1.5576845e-07 | ED52: ='JACOBIAN - SWAP USD3ML'!B61 -> 47105 | EE52: ='JACOBIAN - SWAP USD3ML'!C61 -> -1.0093038e-12 | EF52: ='JACOBIAN - SWAP USD3ML'!D61 -> 1.4906227e-08 | EG52: ='JACOBIAN - SWAP USD3ML'!E61 -> -2.2455884e-11 | EH52: ='JACOBIAN - SWAP USD3ML'!F61 -> -1.008426e-12 | EI52: ='JACOBIAN - SWAP USD3ML'!G61 -> 1.6206289e-10 | EJ52: ='JACOBIAN - SWAP USD3ML'!H61 -> 1.4847841e-08 | EK52: ='JACOBIAN - SWAP USD3ML'!I61 -> 1.4773392e-08 | ... FB52: ='JACOBIAN - SWAP USD3ML'!Z61 -> -2.2565562e-07
X53: =AR53 -> 47196 | Y53: 0 | AA53: =CK53 -> 47196 | AB53: =SUM(CL53:DY53) -> -0.00080482898 | AD53: 47196 | AE53: -0.00080482898 | AF53: =ABS(AE53-AB53)<0.0000000000000001 -> TRUE | AH53: =AO53 -> 47196 | AI53: 0 | AK53: 47196 | AL53: 9.8416638e-05 | AM53: =ABS(AP53-AL53)<0.0000000000000001 -> TRUE | AO53: =ED53 -> 47196 | AP53: =SUM(EE53:FB53) -> 9.8416638e-05 | AR53: ='JACOBIAN - OIS USDOIS'!B62 -> 47196 | AS53: ='JACOBIAN - OIS USDOIS'!C62 -> -9.6950758e-07 | AT53: ='JACOBIAN - OIS USDOIS'!D62 -> 5.4358207e-10 | AU53: ='JACOBIAN - OIS USDOIS'!E62 -> -2.1743947e-09 | AV53: ='JACOBIAN - OIS USDOIS'!F62 -> 5.7274089e-09 | AW53: ='JACOBIAN - OIS USDOIS'!G62 -> -7.3714908e-09 | AX53: ='JACOBIAN - OIS USDOIS'!H62 -> 1.6671547e-08 | AY53: ='JACOBIAN - OIS USDOIS'!I62 -> -6.878385e-08 | ... CF53: ='JACOBIAN - OIS USDOIS'!AP62 -> 1.4580452e-07 | CK53: =AR53 -> 47196 | CL53: =AS53 -> -9.6950758e-07 | CM53: =AT53 -> 5.4358207e-10 | CN53: =AU53 -> -2.1743947e-09 | CO53: =AV53 -> 5.7274089e-09 | CP53: =AW53 -> -7.3714908e-09 | CQ53: =AX53 -> 1.6671547e-08 | CR53: =AY53 -> -6.878385e-08 | ... DA53: =BH53 -> 6.9277917e-13 | DB53: 0 | DC53: 0 | DD53: 0 | DE53: 0 | DF53: 0 | DG53: 0 | DH53: 0 | DI53: 0 | DJ53: 0 | DK53: 0 | DL53: 0 | DM53: 0 | DN53: =BU53 -> 3.9876434e-06 | DO53: =BV53 -> -1.6912711e-06 | DP53: =BW53 -> 2.0782986e-05 | DQ53: =BX53 -> -6.0969038e-05 | DR53: =BY53 -> 0.00014058716 | DS53: =BZ53 -> -0.000230516 | DT53: =CA53 -> -0.00081213523 | DU53: =CB53 -> 0.00015746316 | ... DY53: =CF53 -> 1.4580452e-07 | ED53: ='JACOBIAN - SWAP USD3ML'!B62 -> 47196 | EE53: ='JACOBIAN - SWAP USD3ML'!C62 -> -1.0513326e-12 | EF53: ='JACOBIAN - SWAP USD3ML'!D62 -> 1.0664782e-09 | EG53: ='JACOBIAN - SWAP USD3ML'!E62 -> -2.2997257e-11 | EH53: ='JACOBIAN - SWAP USD3ML'!F62 -> -1.0504653e-12 | EI53: ='JACOBIAN - SWAP USD3ML'!G62 -> 1.0599348e-11 | EJ53: ='JACOBIAN - SWAP USD3ML'!H62 -> 1.0595915e-09 | EK53: ='JACOBIAN - SWAP USD3ML'!I62 -> 1.034337e-09 | ... FB53: ='JACOBIAN - SWAP USD3ML'!Z62 -> -1.9574373e-07
X54: =AR54 -> 47287 | Y54: 0 | AA54: =CK54 -> 47287 | AB54: =SUM(CL54:DY54) -> -0.00082302454 | AD54: 47287 | AE54: -0.00082302454 | AF54: =ABS(AE54-AB54)<0.0000000000000001 -> TRUE | AH54: =AO54 -> 47287 | AI54: 0 | AK54: 47287 | AL54: 9.8561502e-05 | AM54: =ABS(AP54-AL54)<0.0000000000000001 -> TRUE | AO54: =ED54 -> 47287 | AP54: =SUM(EE54:FB54) -> 9.8561502e-05 | AR54: ='JACOBIAN - OIS USDOIS'!B63 -> 47287 | AS54: ='JACOBIAN - OIS USDOIS'!C63 -> -9.6527223e-07 | AT54: ='JACOBIAN - OIS USDOIS'!D63 -> 3.6804071e-10 | AU54: ='JACOBIAN - OIS USDOIS'!E63 -> -1.4724491e-09 | AV54: ='JACOBIAN - OIS USDOIS'!F63 -> 3.8783328e-09 | AW54: ='JACOBIAN - OIS USDOIS'!G63 -> -4.99146e-09 | AX54: ='JACOBIAN - OIS USDOIS'!H63 -> 1.1288984e-08 | AY54: ='JACOBIAN - OIS USDOIS'!I63 -> -5.0505872e-08 | ... CF54: ='JACOBIAN - OIS USDOIS'!AP63 -> 1.1854647e-07 | CK54: =AR54 -> 47287 | CL54: =AS54 -> -9.6527223e-07 | CM54: =AT54 -> 3.6804071e-10 | CN54: =AU54 -> -1.4724491e-09 | CO54: =AV54 -> 3.8783328e-09 | CP54: =AW54 -> -4.99146e-09 | CQ54: =AX54 -> 1.1288984e-08 | CR54: =AY54 -> -5.0505872e-08 | ... DA54: =BH54 -> 7.0321526e-13 | DB54: 0 | DC54: 0 | DD54: 0 | DE54: 0 | DF54: 0 | DG54: 0 | DH54: 0 | DI54: 0 | DJ54: 0 | DK54: 0 | DL54: 0 | DM54: 0 | DN54: =BU54 -> 2.9580912e-06 | DO54: =BV54 -> 7.4901631e-08 | DP54: =BW54 -> 1.4364685e-05 | DQ54: =BX54 -> -3.6848301e-05 | DR54: =BY54 -> 9.2389126e-05 | DS54: =BZ54 -> -0.00013239193 | DT54: =CA54 -> -0.00087357441 | DU54: =CB54 -> 0.00012802343 | ... DY54: =CF54 -> 1.1854647e-07 | ED54: ='JACOBIAN - SWAP USD3ML'!B63 -> 47287 | EE54: ='JACOBIAN - SWAP USD3ML'!C63 -> -9.1665911e-13 | EF54: ='JACOBIAN - SWAP USD3ML'!D63 -> -6.922758e-09 | EG54: ='JACOBIAN - SWAP USD3ML'!E63 -> -2.012477e-11 | EH54: ='JACOBIAN - SWAP USD3ML'!F63 -> -9.1578828e-13 | EI54: ='JACOBIAN - SWAP USD3ML'!G63 -> -7.667432e-11 | EJ54: ='JACOBIAN - SWAP USD3ML'!H63 -> -6.8995149e-09 | EK54: ='JACOBIAN - SWAP USD3ML'!I63 -> -6.893418e-09 | ... FB54: ='JACOBIAN - SWAP USD3ML'!Z63 -> 1.6886109e-08
X55: =AR55 -> 47378 | Y55: 0 | AA55: =CK55 -> 47378 | AB55: =SUM(CL55:DY55) -> -0.00084104901 | AD55: 47378 | AE55: -0.00084104901 | AF55: =ABS(AE55-AB55)<0.0000000000000001 -> TRUE | AH55: =AO55 -> 47378 | AI55: 0 | AK55: 47378 | AL55: 9.8501687e-05 | AM55: =ABS(AP55-AL55)<0.0000000000000001 -> TRUE | AO55: =ED55 -> 47378 | AP55: =SUM(EE55:FB55) -> 9.8501687e-05 | AR55: ='JACOBIAN - OIS USDOIS'!B64 -> 47378 | AS55: ='JACOBIAN - OIS USDOIS'!C64 -> -9.6102172e-07 | AT55: ='JACOBIAN - OIS USDOIS'!D64 -> 1.9985791e-10 | AU55: ='JACOBIAN - OIS USDOIS'!E64 -> -7.9990448e-10 | AV55: ='JACOBIAN - OIS USDOIS'!F64 -> 2.1067128e-09 | AW55: ='JACOBIAN - OIS USDOIS'!G64 -> -2.7111292e-09 | AX55: ='JACOBIAN - OIS USDOIS'!H64 -> 6.1319081e-09 | AY55: ='JACOBIAN - OIS USDOIS'!I64 -> -3.2990866e-08 | ... CF55: ='JACOBIAN - OIS USDOIS'!AP64 -> 7.0143583e-08 | CK55: =AR55 -> 47378 | CL55: =AS55 -> -9.6102172e-07 | CM55: =AT55 -> 1.9985791e-10 | CN55: =AU55 -> -7.9990448e-10 | CO55: =AV55 -> 2.1067128e-09 | CP55: =AW55 -> -2.7111292e-09 | CQ55: =AX55 -> 6.1319081e-09 | CR55: =AY55 -> -3.2990866e-08 | ... DA55: =BH55 -> 7.0932149e-13 | DB55: 0 | DC55: 0 | DD55: 0 | DE55: 0 | DF55: 0 | DG55: 0 | DH55: 0 | DI55: 0 | DJ55: 0 | DK55: 0 | DL55: 0 | DM55: 0 | DN55: =BU55 -> 1.971674e-06 | DO55: =BV55 -> 1.7671516e-06 | DP55: =BW55 -> 8.2150761e-06 | DQ55: =BX55 -> -1.3735814e-05 | DR55: =BY55 -> 4.6209643e-05 | DS55: =BZ55 -> -4.3685855e-05 | DT55: =CA55 -> -0.00090667423 | DU55: =CB55 -> 7.574879e-05 | ... DY55: =CF55 -> 7.0143583e-08 | ED55: ='JACOBIAN - SWAP USD3ML'!B64 -> 47378 | EE55: ='JACOBIAN - SWAP USD3ML'!C64 -> -6.0874569e-13 | EF55: ='JACOBIAN - SWAP USD3ML'!D64 -> -9.1543722e-09 | EG55: ='JACOBIAN - SWAP USD3ML'!E64 -> -1.3897456e-11 | EH55: ='JACOBIAN - SWAP USD3ML'!F64 -> -6.0874569e-13 | EI55: ='JACOBIAN - SWAP USD3ML'!G64 -> -1.0077917e-10 | EJ55: ='JACOBIAN - SWAP USD3ML'!H64 -> -9.1220306e-09 | EK55: ='JACOBIAN - SWAP USD3ML'!I64 -> -9.1021415e-09 | ... FB55: ='JACOBIAN - SWAP USD3ML'!Z64 -> 4.0920512e-07
X56: =AR56 -> 47469 | Y56: 0 | AA56: =CK56 -> 47469 | AB56: =SUM(CL56:DY56) -> -0.00085891782 | AD56: 47469 | AE56: -0.00085891782 | AF56: =ABS(AE56-AB56)<0.0000000000000001 -> TRUE | AH56: =AO56 -> 47469 | AI56: 0 | AK56: 47469 | AL56: 9.8362848e-05 | AM56: =ABS(AP56-AL56)<0.0000000000000001 -> TRUE | AO56: =ED56 -> 47469 | AP56: =SUM(EE56:FB56) -> 9.8362848e-05 | AR56: ='JACOBIAN - OIS USDOIS'!B65 -> 47469 | AS56: ='JACOBIAN - OIS USDOIS'!C65 -> -9.5675869e-07 | AT56: ='JACOBIAN - OIS USDOIS'!D65 -> 5.7929994e-11 | AU56: ='JACOBIAN - OIS USDOIS'!E65 -> -2.3231861e-10 | AV56: ='JACOBIAN - OIS USDOIS'!F65 -> 6.1158423e-10 | AW56: ='JACOBIAN - OIS USDOIS'!G65 -> -7.8668538e-10 | AX56: ='JACOBIAN - OIS USDOIS'!H65 -> 1.7797039e-09 | AY56: ='JACOBIAN - OIS USDOIS'!I65 -> -1.8198935e-08 | ... CF56: ='JACOBIAN - OIS USDOIS'!AP65 -> -3.4638012e-09 | CK56: =AR56 -> 47469 | CL56: =AS56 -> -9.5675869e-07 | CM56: =AT56 -> 5.7929994e-11 | CN56: =AU56 -> -2.3231861e-10 | CO56: =AV56 -> 6.1158423e-10 | CP56: =AW56 -> -7.8668538e-10 | CQ56: =AX56 -> 1.7797039e-09 | CR56: =AY56 -> -1.8198935e-08 | ... DA56: =BH56 -> 7.1154194e-13 | DB56: 0 | DC56: 0 | DD56: 0 | DE56: 0 | DF56: 0 | DG56: 0 | DH56: 0 | DI56: 0 | DJ56: 0 | DK56: 0 | DL56: 0 | DM56: 0 | DN56: =BU56 -> 1.1392574e-06 | DO56: =BV56 -> 3.195696e-06 | DP56: =BW56 -> 3.0243182e-06 | DQ56: =BX56 -> 5.777482e-06 | DR56: =BY56 -> 7.2256654e-06 | DS56: =BZ56 -> 2.8780236e-05 | DT56: =CA56 -> -0.00090392821 | DU56: =CB56 -> -3.7404642e-06 | ... DY56: =CF56 -> -3.4638012e-09 | ED56: ='JACOBIAN - SWAP USD3ML'!B65 -> 47469 | EE56: ='JACOBIAN - SWAP USD3ML'!C65 -> -1.7129007e-13 | EF56: ='JACOBIAN - SWAP USD3ML'!D65 -> -6.6926719e-09 | EG56: ='JACOBIAN - SWAP USD3ML'!E65 -> -5.0737435e-12 | EH56: ='JACOBIAN - SWAP USD3ML'!F65 -> -1.7129007e-13 | EI56: ='JACOBIAN - SWAP USD3ML'!G65 -> -7.3400626e-11 | EJ56: ='JACOBIAN - SWAP USD3ML'!H65 -> -6.6683898e-09 | EK56: ='JACOBIAN - SWAP USD3ML'!I65 -> -6.6491516e-09 | ... FB56: ='JACOBIAN - SWAP USD3ML'!Z65 -> 9.0897228e-07
X57: =AR57 -> 47560 | Y57: 0 | AA57: =CK57 -> 47560 | AB57: =SUM(CL57:DY57) -> -0.00087663866 | AD57: 47560 | AE57: -0.00087663866 | AF57: =ABS(AE57-AB57)<0.0000000000000001 -> TRUE | AH57: =AO57 -> 47560 | AI57: 0 | AK57: 47560 | AL57: 9.832716e-05 | AM57: =ABS(AP57-AL57)<0.0000000000000001 -> TRUE | AO57: =ED57 -> 47560 | AP57: =SUM(EE57:FB57) -> 9.832716e-05 | AR57: ='JACOBIAN - OIS USDOIS'!B66 -> 47560 | AS57: ='JACOBIAN - OIS USDOIS'!C66 -> -9.5248599e-07 | AT57: ='JACOBIAN - OIS USDOIS'!D66 -> -4.1773029e-11 | AU57: ='JACOBIAN - OIS USDOIS'!E66 -> 1.6645374e-10 | AV57: ='JACOBIAN - OIS USDOIS'!F66 -> -4.3884252e-10 | AW57: ='JACOBIAN - OIS USDOIS'!G66 -> 5.6536176e-10 | AX57: ='JACOBIAN - OIS USDOIS'!H66 -> -1.2779738e-09 | AY57: ='JACOBIAN - OIS USDOIS'!I66 -> -7.7866082e-09 | ... CF57: ='JACOBIAN - OIS USDOIS'!AP66 -> -1.0300859e-07 | CK57: =AR57 -> 47560 | CL57: =AS57 -> -9.5248599e-07 | CM57: =AT57 -> -4.1773029e-11 | CN57: =AU57 -> 1.6645374e-10 | CO57: =AV57 -> -4.3884252e-10 | CP57: =AW57 -> 5.6536176e-10 | CQ57: =AX57 -> -1.2779738e-09 | CR57: =AY57 -> -7.7866082e-09 | ... DA57: =BH57 -> 7.1120887e-13 | DB57: 0 | DC57: 0 | DD57: 0 | DE57: 0 | DF57: 0 | DG57: 0 | DH57: 0 | DI57: 0 | DJ57: 0 | DK57: 0 | DL57: 0 | DM57: 0 | DN57: =BU57 -> 5.5453172e-07 | DO57: =BV57 -> 4.2001195e-06 | DP57: =BW57 -> -6.2433688e-07 | DQ57: =BX57 -> 1.9501601e-05 | DR57: =BY57 -> -2.0188386e-05 | DS57: =BZ57 -> 7.9393285e-05 | DT57: =CA57 -> -0.00085983793 | DU57: =CB57 -> -0.00011308101 | ... DY57: =CF57 -> -1.0300859e-07 | ED57: ='JACOBIAN - SWAP USD3ML'!B66 -> 47560 | EE57: ='JACOBIAN - SWAP USD3ML'!C66 -> 2.328554e-13 | EF57: ='JACOBIAN - SWAP USD3ML'!D66 -> -3.6988152e-09 | EG57: ='JACOBIAN - SWAP USD3ML'!E66 -> 3.0375702e-12 | EH57: ='JACOBIAN - SWAP USD3ML'!F66 -> 2.3198804e-13 | EI57: ='JACOBIAN - SWAP USD3ML'!G66 -> -4.0235641e-11 | EJ57: ='JACOBIAN - SWAP USD3ML'!H66 -> -3.6846665e-09 | EK57: ='JACOBIAN - SWAP USD3ML'!I66 -> -3.6686497e-09 | ... FB57: ='JACOBIAN - SWAP USD3ML'!Z66 -> 1.2072752e-06
... X136: =AR136 -> 54774 | Y136: 0 | AA136: =CK136 -> 54774 | AB136: =SUM(CL136:DY136) -> -0.0018102644 | AD136: 54774 | AE136: -0.0018102644 | AF136: =ABS(AE136-AB136)<0.0000000000000001 -> TRUE | AH136: =AO136 -> 54774 | AI136: 0 | AK136: 54774 | AL136: 9.9918429e-05 | AM136: =ABS(AP136-AL136)<0.0000000000000001 -> TRUE | AO136: =ED136 -> 54774 | AP136: =SUM(EE136:FB136) -> 9.9918429e-05 | AR136: ='JACOBIAN - OIS USDOIS'!B145 -> 54774 | AS136: ='JACOBIAN - OIS USDOIS'!C145 -> -6.6910172e-07 | AT136: ='JACOBIAN - OIS USDOIS'!D145 -> 5.6263216e-11 | AU136: ='JACOBIAN - OIS USDOIS'!E145 -> -2.2415314e-10 | AV136: ='JACOBIAN - OIS USDOIS'!F145 -> 5.8956529e-10 | AW136: ='JACOBIAN - OIS USDOIS'!G145 -> -7.5881301e-10 | AX136: ='JACOBIAN - OIS USDOIS'!H145 -> 1.7172438e-09 | AY136: ='JACOBIAN - OIS USDOIS'!I145 -> -1.4341182e-08 | ... CF136: ='JACOBIAN - OIS USDOIS'!AP145 -> -0.0022798143 | CK136: =AR136 -> 54774 | CL136: =AS136 -> -6.6910172e-07 | CM136: =AT136 -> 5.6263216e-11 | CN136: =AU136 -> -2.2415314e-10 | CO136: =AV136 -> 5.8956529e-10 | CP136: =AW136 -> -7.5881301e-10 | CQ136: =AX136 -> 1.7172438e-09 | CR136: =AY136 -> -1.4341182e-08 | ... DA136: =BH136 -> 2.5246472e-13 | DB136: 0 | DC136: 0 | DD136: 0 | DE136: 0 | DF136: 0 | DG136: 0 | DH136: 0 | DI136: 0 | DJ136: 0 | DK136: 0 | DL136: 0 | DM136: 0 | DN136: =BU136 -> 9.7437469e-07 | DO136: =BV136 -> 2.5131976e-06 | DP136: =BW136 -> 2.6341534e-06 | DQ136: =BX136 -> 4.3580579e-06 | DR136: =BY136 -> 6.4811767e-06 | DS136: =BZ136 -> 2.2219376e-05 | DT136: =CA136 -> 2.9522628e-05 | DU136: =CB136 -> 2.3313756e-05 | ... DY136: =CF136 -> -0.0022798143 | ED136: ='JACOBIAN - SWAP USD3ML'!B145 -> 54774 | EE136: ='JACOBIAN - SWAP USD3ML'!C145 -> -4.3343107e-13 | EF136: ='JACOBIAN - SWAP USD3ML'!D145 -> 4.3343107e-11 | EG136: ='JACOBIAN - SWAP USD3ML'!E145 -> -6.3939964e-12 | EH136: ='JACOBIAN - SWAP USD3ML'!F145 -> -4.3165471e-13 | EI136: ='JACOBIAN - SWAP USD3ML'!G145 -> 3.8191672e-14 | EJ136: ='JACOBIAN - SWAP USD3ML'!H145 -> 4.2395421e-11 | EK136: ='JACOBIAN - SWAP USD3ML'!I145 -> 3.6421532e-11 | ... FB136: ='JACOBIAN - SWAP USD3ML'!Z145 -> 0.00095705483
CK138: Risk Total Check | CL138: Value | CM138: DateCheck | CN138: Incl. Spread | CO138: Excl Spread | CP138: Diff | CQ138: Check
CK139: {=_xll.meCurveResultsJacobianRiskTotals("USDYC","USDOIS","DISCOUNT_FACTORS")} -> 43812 | CL139: 0 | CM139: =CK139=CK7 -> TRUE | CN139: =SUM(AS7:CF7) -> 0 | CO139: =SUM(CL7:DY7) -> 0 | CP139: =CN139-CO139 -> 0 | CQ139: =ABS(CL139-CO139)<0.0000000000000001 -> TRUE
CK140: 43815 | CL140: -8.331174e-07 | CM140: =CK140=CK8 -> TRUE | CN140: =SUM(AS8:CF8) -> -8.331174e-07 | CO140: =SUM(CL8:DY8) -> -8.331174e-07 | CP140: =CN140-CO140 -> 0 | CQ140: =ABS(CL140-CO140)<0.0000000000000001 -> TRUE
CK141: 43816 | CL141: -1.1107992e-06 | CM141: =CK141=CK9 -> TRUE | CN141: =SUM(AS9:CF9) -> -1.1107992e-06 | CO141: =SUM(CL9:DY9) -> -1.1107992e-06 | CP141: =CN141-CO141 -> 0 | CQ141: =ABS(CL141-CO141)<0.0000000000000001 -> TRUE
CK142: 43823 | CL142: -3.0534078e-06 | CM142: =CK142=CK10 -> TRUE | CN142: =SUM(AS10:CF10) -> -3.0534078e-06 | CO142: =SUM(CL10:DY10) -> -3.0534078e-06 | CP142: =CN142-CO142 -> 0 | CQ142: =ABS(CL142-CO142)<0.0000000000000001 -> TRUE
CK143: 43830 | CL143: -4.9936371e-06 | CM143: =CK143=CK11 -> TRUE | CN143: =SUM(AS11:CF11) -> -4.9936371e-06 | CO143: =SUM(CL11:DY11) -> -4.9936371e-06 | CP143: =CN143-CO143 -> 1.3322676e-14 | CQ143: =ABS(CL143-CO143)<0.0000000000000001 -> TRUE
CK144: 43837 | CL144: -6.9314318e-06 | CM144: =CK144=CK12 -> TRUE | CN144: =SUM(AS12:CF12) -> -6.9314318e-06 | CO144: =SUM(CL12:DY12) -> -6.9314318e-06 | CP144: =CN144-CO144 -> 0 | CQ144: =ABS(CL144-CO144)<0.0000000000000001 -> TRUE
CK145: 43847 | CL145: -9.6957317e-06 | CM145: =CK145=CK13 -> TRUE | CN145: =SUM(AS13:CF13) -> -9.6957317e-06 | CO145: =SUM(CL13:DY13) -> -9.6957317e-06 | CP145: =CN145-CO145 -> 0 | CQ145: =ABS(CL145-CO145)<0.0000000000000001 -> TRUE
CK146: 43879 | CL146: -1.8509502e-05 | CM146: =CK146=CK14 -> TRUE | CN146: =SUM(AS14:CF14) -> -1.8509502e-05 | CO146: =SUM(CL14:DY14) -> -1.8509502e-05 | CP146: =CN146-CO146 -> 0 | CQ146: =ABS(CL146-CO146)<0.0000000000000001 -> TRUE
CK147: 43907 | CL147: -2.6181751e-05 | CM147: =CK147=CK15 -> TRUE | CN147: =SUM(AS15:CF15) -> -2.6181751e-05 | CO147: =SUM(CL15:DY15) -> -2.6181751e-05 | CP147: =CN147-CO147 -> 0 | CQ147: =ABS(CL147-CO147)<0.0000000000000001 -> TRUE
CK148: 43938 | CL148: -3.4635076e-05 | CM148: =CK148=CK16 -> TRUE | CN148: =SUM(AS16:CF16) -> -3.4635076e-05 | CO148: =SUM(CL16:DY16) -> -3.4635076e-05 | CP148: =CN148-CO148 -> 0 | CQ148: =ABS(CL148-CO148)<0.0000000000000001 -> TRUE
CK149: 43969 | CL149: -4.3046363e-05 | CM149: =CK149=CK17 -> TRUE | CN149: =SUM(AS17:CF17) -> -4.3046363e-05 | CO149: =SUM(CL17:DY17) -> -4.3046363e-05 | CP149: =CN149-CO149 -> 0 | CQ149: =ABS(CL149-CO149)<0.0000000000000001 -> TRUE
CK150: 43999 | CL150: -5.1146662e-05 | CM150: =CK150=CK18 -> TRUE | CN150: =SUM(AS18:CF18) -> -5.1146662e-05 | CO150: =SUM(CL18:DY18) -> -5.1146662e-05 | CP150: =CN150-CO150 -> 0 | CQ150: =ABS(CL150-CO150)<0.0000000000000001 -> TRUE
CK151: 44091 | CL151: -7.5760274e-05 | CM151: =CK151=CK19 -> TRUE | CN151: =SUM(AS19:CF19) -> -7.5760274e-05 | CO151: =SUM(CL19:DY19) -> -7.5760274e-05 | CP151: =CN151-CO151 -> 0 | CQ151: =ABS(CL151-CO151)<0.0000000000000001 -> TRUE
... CK268: 54774 | CL268: -0.0018102644 | CM268: =CK268=CK136 -> TRUE | CN268: =SUM(AS136:CF136) -> 3.0699889e-05 | CO268: =SUM(CL136:DY136) -> -0.0018102644 | CP268: =CN268-CO268 -> 0.0018409643 | CQ268: =ABS(CL268-CO268)<0.0000000000000001 -> TRUE
CK269: #N/A | CL269: #N/A | CM269: =CK269=CK137 -> #N/A
CK270: #N/A | CL270: #N/A | CM270: =CK270=CK138 -> #N/A
CK271: #N/A | CL271: #N/A | CM271: =CK271=CK139 -> #N/A
CK272: #N/A | CL272: #N/A | CM272: =CK272=CK140 -> #N/A
CK273: #N/A | CL273: #N/A | CM273: =CK273=CK141 -> #N/A
CK274: #N/A | CL274: #N/A | CM274: =CK274=CK142 -> #N/A
CK275: #N/A | CL275: #N/A | CM275: =CK275=CK143 -> #N/A
CK276: #N/A | CL276: #N/A | CM276: =CK276=CK144 -> #N/A
CK277: #N/A | CL277: #N/A | CM277: =CK277=CK145 -> #N/A
CK278: #N/A | CL278: #N/A | CM278: =CK278=CK146 -> #N/A
CK279: #N/A | CL279: #N/A | CM279: =CK279=CK147 -> #N/A
CK280: #N/A | CL280: #N/A | CM280: =CK280=CK148 -> #N/A
... CK433: #N/A | CL433: #N/A | CM433: =CK433=CK301 -> #N/A
