Workbook
Name AsOfDate: 'EUR OIS'!$D$9
Name doesExistEUR12M: 'EUR SWAP 12M'!$D$32
Name doesExistEUR1M: 'EUR SWAP 1M'!$D$32
Name doesExistEUR3M: 'EUR SWAP 3M'!$D$32
Name doesExistEUR6M: 'EUR SWAP 6M'!$D$32
Name doesExistEUROIS: 'EUR OIS'!$D$32
Name EURSwaps.Results.EUR12ML: SWAPS!$T$69:$T$82
Name EURSwaps.Results.EUR1ML: SWAPS!$T$48:$T$62
Name EURSwaps.Results.EUR3ML: SWAPS!$T$26:$T$42
Name EURSwaps.Results.EUR6ML: SWAPS!$T$6:$T$20
Name Template.Swap.EUR.12M: 'SWAP TEMPLATES'!$N$3
Name Template.Swap.EUR.1M: 'SWAP TEMPLATES'!$J$3
Name Template.Swap.EUR.3M: 'SWAP TEMPLATES'!$B$3
Name Template.Swap.EUR.6M: 'SWAP TEMPLATES'!$F$3
Name Templates.EUR.12M: 'CURVE TEMPLATES'!$R$3
Name Templates.EUR.1M: 'CURVE TEMPLATES'!$N$3
Name Templates.EUR.3M: 'CURVE TEMPLATES'!$F$3
Name Templates.EUR.6M: 'CURVE TEMPLATES'!$J$3
Name Templates.EUR.OIS: 'CURVE TEMPLATES'!$B$3

Sheet CURVE TEMPLATES
B2: EUR_OIS | F2: EUR_SWAP_3M | J2: EUR_SWAP_6M | N2: EUR_SWAP_1M | R2: EUR_SWAP_12M
B3: =_xll.meLWOCurveGeneratorCreate(B2,B6,B7:C13,B15,B16:C32,B34,B35:C38,B40,B41:C44) -> EUR_OIS:1 | F3: =_xll.meLWOCurveGeneratorCreate(F2,F6,F7:G20,F22,F23:G25,F27,F28:G32,F34,F35:G40,F42,F43:G49,F51,F52:G65) -> EUR_SWAP_3M:1 | J3: =_xll.meLWOCurveGeneratorCreate(J2,J6,J7:K20,J22,J23:K25,J27,J28:K32,J34,J35:K40,J42,J43:K43,J45,J46:K59) -> EUR_SWAP_6M:1 | N3: =_xll.meLWOCurveGeneratorCreate(N2,N6,N7:O20,N22,N23:O25,N27,N28:O32,N34,N35:O40,N42,N43:O49,N51,N52:O65) -> EUR_SWAP_1M:1 | R3: =_xll.meLWOCurveGeneratorCreate(R2,R6,R7:S20,R22,R23:S25,R27,R28:S32,R34,R35:S40,R42,R43:S49,R51,R52:S65) -> EUR_SWAP_12M:1
B6: CURVEPROPERTIES | F6: CURVEPROPERTIES | J6: CURVEPROPERTIES | N6: CURVEPROPERTIES | R6: CURVEPROPERTIES
B7: CurveType | C7: OIS | F7: CurveType | G7: SWAP | J7: CurveType | K7: SWAP | N7: CurveType | O7: SWAP | R7: CurveType | S7: SWAP
B8: CurveIndexFrequency | C8: DAILY | F8: CurveIndexFrequency | G8: QUARTERLY | J8: CurveIndexFrequency | K8: SEMI-ANNUAL | N8: CurveIndexFrequency | O8: MONTHLY | R8: CurveIndexFrequency | S8: ANNUAL
B9: StaticDataTable | C9: OIS | F9: StaticDataTable | G9: STD | J9: StaticDataTable | K9: EUR6ML | N9: StaticDataTable | O9: EUR1ML | R9: StaticDataTable | S9: EUR12ML
B10: IndexName | C10: OIS:EUROIS:EURDF:EURDF_EURCSA:EURDF_NOCSA | F10: IndexName | G10: STD:EUR3ML | J10: IndexName | K10: EUR6ML | N10: IndexName | O10: EUR1ML | R10: IndexName | S10: EUR12ML
B11: Currency | C11: EUR | F11: Currency | G11: EUR | J11: Currency | K11: EUR | N11: Currency | O11: EUR | R11: Currency | S11: EUR
B12: interpolation | C12: FN_SPLINEINTERPOLATION | F12: interpolation | G12: FN_LINEARSPLINEINTERPOLATION | J12: interpolation | K12: fn_LinearSplineInterpolation | N12: interpolation | O12: FN_LINEARSPLINEINTERPOLATION | R12: interpolation | S12: FN_LINEARSPLINEINTERPOLATION
B13: yieldgen.interpolation | C13: FN_SPLINEINTERPOLATION | F13: yieldgen.interpolation | G13: FN_LINEARSPLINEINTERPOLATION | J13: yieldgen.interpolation | K13: fn_LinearSplineInterpolation | N13: yieldgen.interpolation | O13: FN_LINEARSPLINEINTERPOLATION | R13: yieldgen.interpolation | S13: FN_LINEARSPLINEINTERPOLATION
F14: isfrause | G14: FALSE | J14: future.interpolation | K14: fn_LinearSplineInterpolation | N14: isfrause | O14: FALSE | R14: isfrause | S14: FALSE
B15: OIS | F15: isfutureuse | G15: TRUE | J15: isfrause | K15: TRUE | N15: isfutureuse | O15: FALSE | R15: isfutureuse | S15: FALSE
B16: calendar | C16: TGT | F16: future.interpolation | G16: FN_LINEARSPLINEINTERPOLATION | J16: isfutureuse | K16: FALSE | N16: future.interpolation | O16: FN_LINEARSPLINEINTERPOLATION | R16: future.interpolation | S16: FN_LINEARSPLINEINTERPOLATION
B17: daycount | C17: ACT/360 | F17: dfcurvename | G17: OIS | J17: Frequency | K17: SIMPLE | N17: dfcurvename | O17: OIS | R17: dfcurvename | S17: OIS
B18: frequency | C18: ANNUAL | F18: Frequency | G18: SIMPLE | J18: dfcurvename | K18: OIS | N18: Frequency | O18: SIMPLE | R18: Frequency | S18: SIMPLE
B19: generatemethod | C19: DAILYCOMPOUNDING | F19: AlwaysCalcJoinDate | G19: TRUE | J19: AlwaysCalcJoinDate | K19: TRUE | N19: AlwaysCalcJoinDate | O19: TRUE | R19: AlwaysCalcJoinDate | S19: TRUE
B20: resetlag | C20: 2D | F20: FastRebuild | G20: TRUE | J20: FastRebuild | K20: TRUE | N20: FastRebuild | O20: TRUE | R20: FastRebuild | S20: TRUE
B21: firstrate | C21: SHORTMARKET
B22: slidingrule | C22: MOD_FOLLOWING | F22: MONEYMARKET | J22: MONEYMARKET | N22: MONEYMARKET | R22: MONEYMARKET
B23: eomday | C23: 31 | F23: Calendar | G23: TGT | J23: Calendar | K23: TGT | N23: Calendar | O23: TGT | R23: Calendar | S23: TGT
B24: iseomroll | C24: TRUE | F24: DayCount | G24: ACT/360 | J24: DayCount | K24: ACT/360 | N24: DayCount | O24: ACT/360 | R24: DayCount | S24: ACT/360
B25: shorttermconvention | C25: ARITHMETICAVERAGE | F25: Slidingrule | G25: FOLLOWING | J25: Slidingrule | K25: FOLLOWING | N25: Slidingrule | O25: FOLLOWING | R25: Slidingrule | S25: FOLLOWING
B26: longtermconvention | C26: LOBASIS
B27: longterm | C27: 3Y | F27: LIBORFIXINGS | J27: LIBORFIXINGS | N27: LIBORFIXINGS | R27: LIBORFIXINGS
B28: longterm.generatemethod | C28: NONE | F28: Calendar | G28: TGT | J28: Calendar | K28: TGT | N28: Calendar | O28: TGT | R28: Calendar | S28: TGT
B29: Epsilon | C29: 1e-10 | F29: Daycount | G29: ACT/360 | J29: Daycount | K29: ACT/360 | N29: Daycount | O29: ACT/360 | R29: Daycount | S29: ACT/360
B30: MaxLoop | C30: 1000 | F30: Frequency | G30: Simple | J30: Frequency | K30: Simple | N30: Frequency | O30: Simple | R30: Frequency | S30: Simple
B31: CompoundingMethod | C31: GEOMETRIC | F31: Resetlag | G31: 2 | J31: Resetlag | K31: 2 | N31: Resetlag | O31: 2 | R31: Resetlag | S31: 2
B32: SmoothShortEnd | C32: TRUE | F32: SlidingRule | G32: MOD_FOLLOWING | J32: SlidingRule | K32: MOD_FOLLOWING | N32: SlidingRule | O32: MOD_FOLLOWING | R32: SlidingRule | S32: MOD_FOLLOWING
B34: LIBOROISBASIS | D34: OIS FLOAT LEG CONVENTIONS | F34: FRAS | J34: FRAS | N34: FRAS | R34: FRAS
B35: Calendar | C35: TGT | F35: Calendar | G35: TGT | J35: Calendar | K35: TGT | N35: Calendar | O35: TGT | R35: Calendar | S35: TGT
B36: Daycount | C36: ACT/360 | F36: DayCount | G36: ACT/360 | J36: DayCount | K36: ACT/360 | N36: DayCount | O36: ACT/360 | R36: DayCount | S36: ACT/360
B37: Frequency | C37: QUARTERLY | F37: ResetLag | G37: 2 | J37: ResetLag | K37: 2 | N37: ResetLag | O37: 2 | R37: ResetLag | S37: 2
B38: SlidingRule | C38: MOD_FOLLOWING | F38: SlidingRule | G38: MOD_FOLLOWING | J38: SlidingRule | K38: MOD_FOLLOWING | N38: SlidingRule | O38: MOD_FOLLOWING | R38: SlidingRule | S38: MOD_FOLLOWING
F39: ApplyTension | G39: TRUE | J39: ApplyTension | K39: TRUE | N39: ApplyTension | O39: TRUE | R39: ApplyTension | S39: TRUE
B40: SWAPS | D40: LIBOR SWAP CONVENTIONS - FIXED LEG | F40: TensionGap | G40: 2 | J40: TensionGap | K40: 2 | N40: TensionGap | O40: 2 | R40: TensionGap | S40: 2
B41: calendar | C41: TGT
B42: daycountfix | C42: 30/360 | F42: FUTURES | J42: FUTURES | N42: FUTURES | R42: FUTURES
B43: frequencyfix | C43: ANNUAL | F43: calendar | G43: TGT | J43: calendar | K43: TGT | N43: calendar | O43: TGT | R43: calendar | S43: TGT
B44: slidingrule | C44: MOD_FOLLOWING | F44: daycount | G44: ACT/360 | N44: daycount | O44: ACT/360 | R44: daycount | S44: ACT/360
F45: resetlag | G45: 2 | J45: SWAPS | N45: resetlag | O45: 2 | R45: resetlag | S45: 2
F46: slidingrule | G46: MOD_FOLLOWING | J46: Calendar | K46: TGT | N46: slidingrule | O46: MOD_FOLLOWING | R46: slidingrule | S46: MOD_FOLLOWING
F47: MeanReversion | G47: 0.03 | J47: DayCount | K47: 30/360 | N47: MeanReversion | O47: 0.03 | R47: MeanReversion | S47: 0.03
F48: ApplyTension | G48: FALSE | J48: DayCountFloat | K48: ACT/360 | N48: ApplyTension | O48: FALSE | R48: ApplyTension | S48: FALSE
F49: TensionGap | G49: 2 | J49: Frequency | K49: Annual | N49: TensionGap | O49: 2 | R49: TensionGap | S49: 2
J50: FrequencyFloat | K50: Semi-Annual
F51: SWAPS | J51: Interpolation | K51: fn_LinearSplineInterpolation | N51: SWAPS | R51: SWAPS
F52: Calendar | G52: TGT | J52: IsEomRoll | K52: TRUE | N52: Calendar | O52: TGT | R52: Calendar | S52: TGT
F53: DayCount | G53: 30/360 | J53: EomDay | K53: 31 | N53: DayCount | O53: 30/360 | R53: DayCount | S53: 30/360
F54: DayCountFloat | G54: ACT/360 | J54: Resetlag | K54: 2 | N54: DayCountFloat | O54: ACT/360 | R54: DayCountFloat | S54: ACT/360
F55: Frequency | G55: Annual | J55: SlidingRule | K55: MOD_FOLLOWING | N55: Frequency | O55: ANNUAL | R55: Frequency | S55: ANNUAL
F56: FrequencyFloat | G56: Quarterly | J56: IsNewtonraphson | K56: TRUE | N56: FrequencyFloat | O56: MONTHLY | R56: FrequencyFloat | S56: ANNUAL
F57: Interpolation | G57: fn_LinearSplineInterpolation | J57: issimultaneouseq | K57: TRUE | N57: Interpolation | O57: fn_LinearSplineInterpolation | R57: Interpolation | S57: fn_LinearSplineInterpolation
F58: IsEomRoll | G58: TRUE | J58: Epsilon | K58: 1e-09 | N58: IsEomRoll | O58: TRUE | R58: IsEomRoll | S58: TRUE
F59: EomDay | G59: 31 | J59: MaxLoop | K59: 1000 | N59: EomDay | O59: 31 | R59: EomDay | S59: 31
F60: Resetlag | G60: 2 | N60: Resetlag | O60: 2 | R60: Resetlag | S60: 2
F61: SlidingRule | G61: MOD_FOLLOWING | N61: SlidingRule | O61: MOD_FOLLOWING | R61: SlidingRule | S61: MOD_FOLLOWING
F62: IsNewtonraphson | G62: TRUE | N62: IsNewtonraphson | O62: TRUE | R62: IsNewtonraphson | S62: TRUE
F63: issimultaneouseq | G63: TRUE | N63: issimultaneouseq | O63: TRUE | R63: issimultaneouseq | S63: TRUE
F64: Epsilon | G64: 1e-09 | N64: Epsilon | O64: 1e-09 | R64: Epsilon | S64: 1e-09
F65: MaxLoop | G65: 1000 | N65: MaxLoop | O65: 1000 | R65: MaxLoop | S65: 1000

Sheet SWAP TEMPLATES
B2: EUR_SWAP_3ML | F2: EUR_SWAP_6ML | J2: EUR_SWAP_1ML | N2: EUR_SWAP_12ML
B3: =_xll.meLWOSwapGeneratorCreate(B2,B6:D31) -> EUR_SWAP_3ML:1 | F3: =_xll.meLWOSwapGeneratorCreate(F2,F6:H31) -> EUR_SWAP_6ML:1 | J3: =_xll.meLWOSwapGeneratorCreate(J2,J6:L31) -> EUR_SWAP_1ML:1 | N3: =_xll.meLWOSwapGeneratorCreate(N2,N6:P31) -> EUR_SWAP_12ML:1
B6: LEGTYPE | C6: Leg1:Fixed | D6: Leg2:Float | F6: LEGTYPE | G6: Leg1:Fixed | H6: Leg2:Float | J6: LEGTYPE | K6: Leg1:Fixed | L6: Leg2:Float | N6: LEGTYPE | O6: Leg1:Fixed | P6: Leg2:Float
B7: LEVERAGE | C7: 1 | D7: 1 | F7: LEVERAGE | G7: 1 | H7: 1 | J7: LEVERAGE | K7: 1 | L7: 1 | N7: LEVERAGE | O7: 1 | P7: 1
B8: FORECASTCURVE | D8: EUR3ML | F8: FORECASTCURVE | H8: EUR6ML | J8: FORECASTCURVE | L8: EUR1ML | N8: FORECASTCURVE | P8: EUR12ML
B9: COMPOUNDMETHOD | C9: NONE | D9: NONE | F9: COMPOUNDMETHOD | G9: NONE | H9: GEOMETRIC | J9: COMPOUNDMETHOD | K9: NONE | L9: NONE | N9: COMPOUNDMETHOD | O9: NONE | P9: NONE
B10: NOTIONALEXCHANGE | C10: NONE | D10: NONE | F10: NOTIONALEXCHANGE | G10: NONE | H10: NONE | J10: NOTIONALEXCHANGE | K10: NONE | L10: NONE | N10: NOTIONALEXCHANGE | O10: NONE | P10: NONE
B11: DISCOUNTCURVE | C11: EUROIS | D11: EUROIS | F11: DISCOUNTCURVE | G11: EUROIS | H11: EUROIS | J11: DISCOUNTCURVE | K11: EUROIS | L11: EUROIS | N11: DISCOUNTCURVE | O11: EUROIS | P11: EUROIS
B12: VALUATIONCURRENCY | C12: EUR | D12: EUR | F12: VALUATIONCURRENCY | G12: EUR | H12: EUR | J12: VALUATIONCURRENCY | K12: EUR | L12: EUR | N12: VALUATIONCURRENCY | O12: EUR | P12: EUR
B13: CURRENCY | C13: EUR | D13: EUR | F13: CURRENCY | G13: EUR | H13: EUR | J13: CURRENCY | K13: EUR | L13: EUR | N13: CURRENCY | O13: EUR | P13: EUR
B14: ACCRUALFREQUENCY | C14: Annual | D14: Quarterly | F14: ACCRUALFREQUENCY | G14: Annual | H14: Semi-Annual | J14: ACCRUALFREQUENCY | K14: Annual | L14: MONTHLY | N14: ACCRUALFREQUENCY | O14: Annual | P14: ANNUAL
B15: ACCRUALBUSINESSDAYADJUSTMENT | C15: MOD_FOLLOWING | D15: MOD_FOLLOWING | F15: ACCRUALBUSINESSDAYADJUSTMENT | G15: MOD_FOLLOWING | H15: MOD_FOLLOWING | J15: ACCRUALBUSINESSDAYADJUSTMENT | K15: MOD_FOLLOWING | L15: MOD_FOLLOWING | N15: ACCRUALBUSINESSDAYADJUSTMENT | O15: MOD_FOLLOWING | P15: MOD_FOLLOWING
B16: ACCRUALCALENDAR | C16: TGT | D16: TGT | F16: ACCRUALCALENDAR | G16: TGT | H16: TGT | J16: ACCRUALCALENDAR | K16: TGT | L16: TGT | N16: ACCRUALCALENDAR | O16: TGT | P16: TGT
B17: ACCRUALDAYCOUNT | C17: 30/360 | D17: ACT/360 | F17: ACCRUALDAYCOUNT | G17: 30/360 | H17: ACT/360 | J17: ACCRUALDAYCOUNT | K17: 30/360 | L17: ACT/360 | N17: ACCRUALDAYCOUNT | O17: 30/360 | P17: ACT/360
B18: PAYMENTFREQUENCY | F18: PAYMENTFREQUENCY | J18: PAYMENTFREQUENCY | N18: PAYMENTFREQUENCY
B19: PAYMENTBUSINESSDAYADJUSTMENT | C19: MOD_FOLLOWING | D19: MOD_FOLLOWING | F19: PAYMENTBUSINESSDAYADJUSTMENT | G19: MOD_FOLLOWING | H19: MOD_FOLLOWING | J19: PAYMENTBUSINESSDAYADJUSTMENT | K19: MOD_FOLLOWING | L19: MOD_FOLLOWING | N19: PAYMENTBUSINESSDAYADJUSTMENT | O19: MOD_FOLLOWING | P19: MOD_FOLLOWING
B20: PAYMENTCALENDAR | C20: TGT | D20: TGT | F20: PAYMENTCALENDAR | G20: TGT | H20: TGT | J20: PAYMENTCALENDAR | K20: TGT | L20: TGT | N20: PAYMENTCALENDAR | O20: TGT | P20: TGT
B21: PAYMENTLAG | C21: 0D | D21: 0D | F21: PAYMENTLAG | G21: 0D | H21: 0D | J21: PAYMENTLAG | K21: 0D | L21: 0D | N21: PAYMENTLAG | O21: 0D | P21: 0D
B22: FIRSTSTUBDATE | F22: FIRSTSTUBDATE | J22: FIRSTSTUBDATE | N22: FIRSTSTUBDATE
B23: LASTSTUBDATE | F23: LASTSTUBDATE | J23: LASTSTUBDATE | N23: LASTSTUBDATE
B24: ROLLDAY | C24: NORMAL | D24: NORMAL | F24: ROLLDAY | G24: NORMAL | H24: NORMAL | J24: ROLLDAY | K24: NORMAL | L24: NORMAL | N24: ROLLDAY | O24: NORMAL | P24: NORMAL
B25: STUBTYPE | C25: ShortStart | D25: ShortStart | F25: STUBTYPE | G25: ShortStart | H25: ShortStart | J25: STUBTYPE | K25: ShortStart | L25: ShortStart | N25: STUBTYPE | O25: ShortStart | P25: ShortStart
B26: FIXINGBUSINESSDAYADJUSTMENT | D26: MOD_FOLLOWING | F26: FIXINGBUSINESSDAYADJUSTMENT | H26: MOD_FOLLOWING | J26: FIXINGBUSINESSDAYADJUSTMENT | L26: MOD_FOLLOWING | N26: FIXINGBUSINESSDAYADJUSTMENT | P26: MOD_FOLLOWING
B27: FIXINGCALENDAR | D27: TGT | F27: FIXINGCALENDAR | H27: TGT | J27: FIXINGCALENDAR | L27: TGT | N27: FIXINGCALENDAR | P27: TGT
B28: FIXINGLAG | D28: 0D | F28: FIXINGLAG | H28: 0D | J28: FIXINGLAG | L28: 0D | N28: FIXINGLAG | P28: 0D
B29: FIXINGADVANCEORARREAR | F29: FIXINGADVANCEORARREAR | J29: FIXINGADVANCEORARREAR | N29: FIXINGADVANCEORARREAR
B30: FIRSTSTUBCURVEINDEX | D30: NATURAL | F30: FIRSTSTUBCURVEINDEX | H30: NATURAL | J30: FIRSTSTUBCURVEINDEX | L30: NATURAL | N30: FIRSTSTUBCURVEINDEX | P30: NATURAL
B31: LASTSTUBCURVEINDEX | D31: NATURAL | F31: LASTSTUBCURVEINDEX | H31: NATURAL | J31: LASTSTUBCURVEINDEX | L31: NATURAL | N31: LASTSTUBCURVEINDEX | P31: NATURAL

Sheet EUR OIS
C4: MARKETDATAPROPERTIES | F4: OIS | L4: LIBOROISBASISSPREADS | O4: SWAPS
F5: Term | G5: Rate | H5: StartDate | I5: EndDate | J5: Use | L5: Term | M5: Rate | O5: Term | P5: Rate
C6: Currency | D6: EUR | F6: ON | G6: -0.00458 | J6: TRUE | L6: 1Y | M6: 0.00091 | O6: 1Y | P6: -0.00399
C7: CurveType | D7: OIS | F7: ECB1 | G7: -0.00464 | H7: 44034 | I7: 44089 | J7: TRUE | L7: 2Y | M7: 0.00089 | O7: 2Y | P7: -0.00402
C8: CurveIndexFrequency | D8: DAILY | F8: ECB2 | G8: -0.00475 | H8: 44090 | I8: 44138 | J8: TRUE | L8: 3Y | M8: 0.00092 | O8: 3Y | P8: -0.00385
C9: AsOfDate | D9: =TODAY() -> 43987 | F9: ECB3 | G9: -0.00484 | H9: 44139 | I9: 44180 | J9: TRUE | L9: 4Y | M9: 0.00093 | O9: 4Y | P9: -0.00356
F10: ECB4 | G10: -0.00488 | H10: 44181 | I10: 44222 | J10: TRUE | L10: 5Y | M10: 0.00095 | O10: 5Y | P10: -0.0032
L11: 6Y | M11: 0.00096 | O11: 6Y | P11: -0.00278
C12: Create Market Data Handle | L12: 7Y | M12: 0.00097 | O12: 7Y | P12: -0.00232
C13: Handle Name | D13: EUR_OIS_CURVE_MARKETDATA | L13: 8Y | M13: 0.00098 | O13: 8Y | P13: -0.00185
C14: Market Data Handle | D14: =_xll.meLWOCurveMarketDataCreate(D13,C4,C6:D9,F4,F6:J31,L4,L6:M31,O4,O6:P31) -> EUR_OIS_CURVE_MARKETDATA:0 | L14: 9Y | M14: 0.00099 | O14: 9Y | P14: -0.00135
L15: 10Y | M15: 0.00099 | O15: 10Y | P15: -0.00087
L16: 11Y | M16: 0.00099 | O16: 11Y | P16: -0.00042
L17: 12Y | M17: 0.00099 | O17: 12Y | P17: 3e-05
L18: 15Y | M18: 0.00098 | O18: 15Y | P18: 0.00112
L19: 20Y | M19: 0.00097 | O19: 20Y | P19: 0.00199
C20: Curve Dictionary | L20: 25Y | M20: 0.00096 | O20: 25Y | P20: 0.00207
C21: Handle Name | D21: EUR_OIS_CURVE | L21: 30Y | M21: 0.00095 | O21: 30Y | P21: 0.00183
C22: Curve Generator | D22: =Templates.EUR.OIS -> EUR_OIS:1 | L22: 31Y | M22: 0.00095 | O22: 31Y | P22: 0.00183
C23: Domestic Curve Collection | D23: EURYC
C24: Foreign Curve Collection
C27: Curve Build
C28: Handle Name | D28: {=_xll.meLWOCurveCalibrate(D21,D22,D14,D23,D24)} -> EUR_OIS_CURVE:0
C29: Curve Collection | D29: EURYC
C30: Curve Index | D30: OIS:EUROIS:EURDF:EURDF_EURCSA:EURDF_NOCSA
C31: Calibration Time Taken | D31: 0.01700 sec
C32: Curve Loaded | D32: =_xll.meLWOExists(D28,"Curve") -> TRUE

Sheet EUR SWAP 3M
C4: MARKETDATAPROPERTIES | F4: LIBORFIXINGS | I4: FUTURES | O4: SWAPS
C5: Currency | D5: EUR | F5: Term | G5: Rate | I5: Term | J5: StartDate | K5: EndDate | L5: Rate | M5: Volatility | O5: Term | P5: Rate | Q5: Use
C6: CurveType | D6: SWAP | F6: 3M | G6: -0.0035471 | I6: ER1 | J6: =_xll.meDateIMMNext(D8) -> 44090 | K6: =_xll.meDateIMMNext(J6) -> 44181 | L6: 100.37 | M6: 0.005 | O6: 3Y | P6: -0.00385 | Q6: TRUE
C7: CurveIndexFrequency | D7: QUARTERLY | I7: ER2 | J7: =_xll.meDateIMMNext(J6) -> 44181 | K7: =_xll.meDateIMMNext(J7) -> 44272 | L7: 100.405 | M7: 0.005 | O7: 4Y | P7: -0.00356 | Q7: TRUE
C8: AsOfDate | D8: =AsOfDate -> 43987 | I8: ER3 | J8: =_xll.meDateIMMNext(J7) -> 44272 | K8: =_xll.meDateIMMNext(J8) -> 44363 | L8: 100.405 | M8: 0.005 | O8: 5Y | P8: -0.0032 | Q8: TRUE
I9: ER4 | J9: =_xll.meDateIMMNext(J8) -> 44363 | K9: =_xll.meDateIMMNext(J9) -> 44454 | L9: 100.415 | M9: 0.005 | O9: 6Y | P9: -0.00278 | Q9: TRUE
O10: 7Y | P10: -0.00232 | Q10: TRUE
O11: 8Y | P11: -0.00185 | Q11: TRUE
C12: Create Market Data Handle | O12: 9Y | P12: -0.00135 | Q12: TRUE
C13: Handle Name | D13: EUR_SWAP_3M_CURVE_MARKETDATA | O13: 10Y | P13: -0.00087 | Q13: TRUE
C14: Market Data Handle | D14: =_xll.meLWOCurveMarketDataCreate(D13,C4,C5:D10,F4,F6:G10,I4,I6:M31,O4,O6:Q31) -> EUR_SWAP_3M_CURVE_MARKETDATA:1 | O14: 11Y | P14: -0.00042 | Q14: TRUE
O15: 12Y | P15: 3e-05 | Q15: TRUE
O16: 15Y | P16: 0.00112 | Q16: TRUE
O17: 20Y | P17: 0.00199 | Q17: TRUE
O18: 25Y | P18: 0.00207 | Q18: TRUE
O19: 30Y | P19: 0.00183 | Q19: TRUE
C20: Curve Dictionary | O20: 31Y | P20: 0.00183 | Q20: TRUE
C21: Handle Name | D21: EUR_SWAP_3M_CURVE
C22: Curve Generator | D22: =Templates.EUR.3M -> EUR_SWAP_3M:1
C23: Domestic Curve Collection | D23: EURYC
C24: Foreign Curve Collection
C27: Curve Build
C28: Handle Name | D28: {=IF(doesExistEUROIS,_xll.meLWOCurveCalibrate(D21,D22,D14,D23,D24),"LOAD EUROIS")} -> EUR_SWAP_3M_CURVE:1
C29: Curve Collection | D29: EURYC
C30: Curve Index | D30: STD:EUR3ML
C31: Calibration Time Taken | D31: 0.01000 sec
C32: Curve Loaded | D32: =_xll.meLWOExists(D28,"Curve") -> TRUE

Sheet EUR SWAP 6M
C4: MARKETDATAPROPERTIES | F4: LIBORFIXINGS | I4: FRAS | L4: SWAPS
C5: Currency | D5: EUR | F5: Term | G5: Rate | I5: Term | J5: Rate | L5: Term | M5: Rate | N5: Use
C6: CurveType | D6: SWAP | F6: 6M | G6: -0.0023857 | I6: 1X7 | J6: -0.00256 | L6: 2Y | M6: -0.0031 | N6: TRUE
C7: CurveIndexFrequency | D7: SEMI-ANNUAL | I7: 2X8 | J7: -0.00283 | L7: 3Y | M7: -0.00294 | N7: TRUE
C8: AsOfDate | D8: =AsOfDate -> 43987 | I8: 3X9 | J8: -0.00303 | L8: 4Y | M8: -0.00274 | N8: TRUE
I9: 4X10 | J9: -0.00314 | L9: 5Y | M9: -0.00244 | N9: TRUE
I10: 5X11 | J10: -0.00322 | L10: 6Y | M10: -0.00206 | N10: TRUE
I11: 6X12 | J11: -0.0033 | L11: 7Y | M11: -0.00164 | N11: TRUE
C12: Create Market Data Handle | L12: 8Y | M12: -0.00121 | N12: TRUE
C13: Handle Name | D13: EUR_SWAP_6M_CURVE_MARKETDATA | L13: 9Y | M13: -0.00077 | N13: TRUE
C14: Market Data Handle | D14: =_xll.meLWOCurveMarketDataCreate(D13,C4,C5:D10,F4,F6:G10,I4,I6:J31,L4,L6:N31) -> EUR_SWAP_6M_CURVE_MARKETDATA:1 | L14: 10Y | M14: -0.00034 | N14: TRUE
L15: 11Y | M15: 6e-05 | N15: TRUE
L16: 12Y | M16: 0.00046 | N16: TRUE
L17: 15Y | M17: 0.00143 | N17: TRUE
L18: 20Y | M18: 0.00218 | N18: TRUE
L19: 25Y | M19: 0.00218 | N19: TRUE
C20: Curve Dictionary | L20: 30Y | M20: 0.00189 | N20: TRUE
C21: Handle Name | D21: EUR_SWAP_6M_CURVE | L21: 31Y | M21: 0.00189 | N21: TRUE
C22: Curve Generator | D22: =Templates.EUR.6M -> EUR_SWAP_6M:1
C23: Domestic Curve Collection | D23: EURYC
C24: Foreign Curve Collection
C27: Curve Build
C28: Handle Name | D28: {=IF(doesExistEUR3M,_xll.meLWOCurveCalibrate(D21,D22,D14,D23,D24),"LOAD EUR3M")} -> EUR_SWAP_6M_CURVE:1
C29: Curve Collection | D29: EURYC
C30: Curve Index | D30: EUR6ML
C31: Calibration Time Taken | D31: 0.00800 sec
C32: Curve Loaded | D32: =_xll.meLWOExists(D28,"Curve") -> TRUE

Sheet EUR SWAP 1M
C4: MARKETDATAPROPERTIES | F4: LIBORFIXINGS | I4: SWAPS
C5: Currency | D5: EUR | F5: Term | G5: Rate | I5: Term | J5: Rate | K5: Use
C6: CurveType | D6: SWAP | F6: 1M | G6: -0.0043014 | I6: 1Y | J6: -0.00465 | K6: TRUE
C7: CurveIndexFrequency | D7: MONTHLY | I7: 2Y | J7: -0.00455 | K7: TRUE
C8: AsOfDate | D8: =AsOfDate -> 43987 | I8: 3Y | J8: -0.00435 | K8: TRUE
I9: 4Y | J9: -0.00406 | K9: TRUE
I10: 5Y | J10: -0.0037 | K10: TRUE
I11: 6Y | J11: -0.00328 | K11: TRUE
C12: Create Market Data Handle | I12: 7Y | J12: -0.00282 | K12: TRUE
C13: Handle Name | D13: EUR_SWAP_1M_CURVE_MARKETDATA | I13: 8Y | J13: -0.00235 | K13: TRUE
C14: Market Data Handle | D14: =_xll.meLWOCurveMarketDataCreate(D13,C4,C5:D10,F4,F6:G10,I4,I6:K31) -> EUR_SWAP_1M_CURVE_MARKETDATA:0 | I14: 9Y | J14: -0.00185 | K14: TRUE
I15: 10Y | J15: -0.00137 | K15: TRUE
I16: 11Y | J16: -0.00092 | K16: TRUE
I17: 12Y | J17: -0.00047 | K17: TRUE
I18: 15Y | J18: 0.00062 | K18: TRUE
I19: 20Y | J19: 0.00149 | K19: TRUE
C20: Curve Dictionary | I20: 25Y | J20: 0.00157 | K20: TRUE
C21: Handle Name | D21: EUR_SWAP_1M_CURVE | I21: 30Y | J21: 0.00133 | K21: TRUE
C22: Curve Generator | D22: =Templates.EUR.1M -> EUR_SWAP_1M:1 | I22: 31Y | J22: 0.00133 | K22: TRUE
C23: Domestic Curve Collection | D23: EURYC
C24: Foreign Curve Collection
C27: Curve Build
C28: Handle Name | D28: {=IF(doesExistEUR6M,_xll.meLWOCurveCalibrate(D21,D22,D14,D23,D24),"LOAD EUR6M")} -> EUR_SWAP_1M_CURVE:1
C29: Curve Collection | D29: EURYC
C30: Curve Index | D30: EUR1ML
C31: Calibration Time Taken | D31: 0.01800 sec
C32: Curve Loaded | D32: =_xll.meLWOExists(D28,"Curve") -> TRUE

Sheet EUR SWAP 12M
C4: MARKETDATAPROPERTIES | F4: LIBORFIXINGS | I4: SWAPS
C5: Currency | D5: EUR | F5: Term | G5: Rate | I5: Term | J5: Rate | K5: Use
C6: CurveType | D6: SWAP | F6: 12M | G6: -0.001 | I6: 2Y | J6: -0.002 | K6: TRUE
C7: CurveIndexFrequency | D7: ANNUAL | I7: 3Y | J7: -0.00205 | K7: TRUE
C8: AsOfDate | D8: =AsOfDate -> 43987 | I8: 4Y | J8: -0.00176 | K8: TRUE
I9: 5Y | J9: -0.0014 | K9: TRUE
I10: 6Y | J10: -0.00098 | K10: TRUE
I11: 7Y | J11: -0.00052 | K11: TRUE
C12: Create Market Data Handle | I12: 8Y | J12: -5e-05 | K12: TRUE
C13: Handle Name | D13: EUR_SWAP_12M_CURVE_MARKETDATA | I13: 9Y | J13: 0.00045 | K13: TRUE
C14: Market Data Handle | D14: =_xll.meLWOCurveMarketDataCreate(D13,C4,C5:D10,F4,F6:G10,I4,I6:K31) -> EUR_SWAP_12M_CURVE_MARKETDATA:1 | I14: 10Y | J14: 0.00093 | K14: TRUE
I15: 11Y | J15: 0.00138 | K15: TRUE
I16: 12Y | J16: 0.00183 | K16: TRUE
I17: 15Y | J17: 0.00292 | K17: TRUE
I18: 20Y | J18: 0.00379 | K18: TRUE
I19: 25Y | J19: 0.00387 | K19: TRUE
C20: Curve Dictionary | I20: 30Y | J20: 0.00363 | K20: TRUE
C21: Handle Name | D21: EUR_SWAP_12M_CURVE | I21: 31Y | J21: 0.00363 | K21: TRUE
C22: Curve Generator | D22: =Templates.EUR.12M -> EUR_SWAP_12M:1
C23: Domestic Curve Collection | D23: EURYC
C24: Foreign Curve Collection
C27: Curve Build
C28: Handle Name | D28: {=IF(doesExistEUR1M,_xll.meLWOCurveCalibrate(D21,D22,D14,D23,D24),"LOAD EUR1M")} -> EUR_SWAP_12M_CURVE:1
C29: Curve Collection | D29: EURYC
C30: Curve Index | D30: EUR12ML
C31: Calibration Time Taken | D31: 0.00700 sec
C32: Curve Loaded | D32: =_xll.meLWOExists(D28,"Curve") -> TRUE

Sheet CHART
E2: {=_xll.meLWOCurveForwardRatesTable(C3,C5:C9,,"30Y",,,,$C$11)} -> Fixing Dates | F2: EUROIS | G2: EUR1ML | H2: EUR3ML | I2: EUR6ML | J2: EUR12ML
B3: Curve Collection | C3: EURYC | E3: 43987 | F3: -0.00458 | G3: -0.0043014 | H3: -0.0035408893 | I3: -0.00236246 | J3: -0.001
E4: 44081 | F4: -0.00464 | G4: -0.0045423393 | H4: -0.0036868413 | I4: -0.0030166667 | J4: -0.0016412976
B5: Curve Index | C5: EUROIS | E5: 44172 | F5: -0.00484 | G5: -0.0046886661 | H5: -0.004019874 | I5: -0.0032946667 | J5: -0.0022251722
C6: EUR1ML | E6: 44260 | F6: -0.0049101062 | G6: -0.00471566 | H6: -0.0040591399 | I6: -0.0033481914 | J6: -0.0026667922
C7: EUR3ML | E7: 44354 | F7: -0.0049536123 | G7: -0.004626168 | H7: -0.004155914 | I7: -0.0034008657 | J7: -0.0029373881
C8: EUR6ML | E8: 44445 | F8: -0.004960127 | G8: -0.0044971673 | H8: -0.0041277762 | I8: -0.0033021585 | J8: -0.0029561024
C9: EUR12ML | E9: 44536 | F9: -0.0049319734 | G9: -0.0043775358 | H9: -0.004040838 | I9: -0.0031621308 | J9: -0.002781227
E10: 44627 | F10: -0.0048700633 | G10: -0.0042650372 | H10: -0.0039280688 | I10: -0.002960864 | J10: -0.0024829701
B11: Periodicity | C11: QUARTERLY | E11: 44718 | F11: -0.0047753151 | G11: -0.004160955 | H11: -0.0037921806 | I11: -0.002744998 | J11: -0.0021315396
E12: 44809 | F12: -0.0046486446 | G12: -0.0040447121 | H12: -0.0036331061 | I12: -0.00256983 | J12: -0.0017869738
E13: 44900 | F13: -0.0044909531 | G13: -0.0039035048 | H13: -0.003450218 | I13: -0.0024438458 | J13: -0.0014643975
E14: 44991 | F14: -0.0043032059 | G14: -0.0037357195 | H14: -0.0032396883 | I14: -0.0023566291 | J14: -0.0011665422
E15: 45082 | F15: -0.0040861315 | G15: -0.0035471589 | H15: -0.0030086391 | I15: -0.0022704488 | J15: -0.00089613848
E16: 45174 | F16: -0.003850626 | G16: -0.0033422183 | H16: -0.0027805468 | I16: -0.0021445434 | J16: -0.00065115841
E17: 45265 | F17: -0.0036214324 | G17: -0.0031316274 | H17: -0.0025560855 | I17: -0.0019716591 | J17: -0.00042719356
E18: 45356 | F18: -0.0034050188 | G18: -0.0029156647 | H18: -0.0023345542 | I18: -0.0017524262 | J18: -0.00020892687
E19: 45448 | F19: -0.0032083482 | G19: -0.002692078 | H19: -0.0021137438 | I19: -0.0015023905 | J19: 1.8707772e-05
E20: 45540 | F20: -0.0030169715 | G20: -0.0024590274 | H20: -0.0018843144 | I20: -0.0012442301 | J20: 0.00026382856
E21: 45631 | F21: -0.002804026 | G21: -0.0022164604 | H21: -0.0016428885 | I21: -0.00098415802 | J21: 0.00052273758
E22: 45721 | F22: -0.0025660801 | G22: -0.0019675942 | H22: -0.0013895195 | I22: -0.00072160775 | J22: 0.00079099188
E23: 45813 | F23: -0.0022907508 | G23: -0.001703562 | H23: -0.0011194936 | I23: -0.00045144195 | J23: 0.0010737248
... E93: 52205 | F93: 0.001483099 | G93: 0.0018958788 | H93: 0.0023441809 | I93: 0.0020565146 | J93: 0.0039087261

Sheet SWAPS
E1: … Dates
B3: Trade Dates | F3: SWAPS: EUR6ML | N3: Trade Booking & Pricing | R3: Curve Calibration Check
D4: Unadjusted Date ! | H4: Swap Template
B5: EffectiveDate | C5: Calendar | D5: MaturityDate | F5: EffectiveDate | G5: Maturity | H5: Generator | I5: PayRec | J5: Notional | K5: FixedRate | L5: Spread | N5: CreateSwap | O5: CurveCollection | P5: ParRate | R5: Term | S5: Rate | T5: +/- Bps
B6: =_xll.meDateFromTenor(AsOfDate,F6,"MOD_FOLLOWING",$C6,"") -> 43991 | C6: =VLOOKUP("PAYMENTCALENDAR",_xll.meLWOSwapGeneratorDisplay($H6),2,FALSE) -> TGT | D6: =_xll.meDateFromTenor(B6,G6,) -> 44721 | F6: 2D | G6: =R6 -> 2Y | H6: =Template.Swap.EUR.6M -> EUR_SWAP_6ML:1 | I6: PAY | J6: 1000000 | K6: 0.01 | L6: 0 | N6: =_xll.meLWOSwapCreateFromGenerator("EUR6M_"&G6,H6,I6,J6,B6,D6,K6,L6) -> EUR6M_2Y:1 | O6: EURYC | P6: =_xll.meLWOSwapParRate(N6,O6) -> -0.0031 | R6: ='EUR SWAP 6M'!L6 -> 2Y | S6: ='EUR SWAP 6M'!M6 -> -0.0031 | T6: =ABS(P6-S6)*100000 -> 4.6932944e-10
B7: =_xll.meDateFromTenor(AsOfDate,F7,"MOD_FOLLOWING",$C7,"") -> 43991 | C7: =C6 -> TGT | D7: =_xll.meDateFromTenor(B7,G7,) -> 45086 | F7: 2D | G7: =R7 -> 3Y | H7: =Template.Swap.EUR.6M -> EUR_SWAP_6ML:1 | I7: PAY | J7: 1000000 | K7: 0.01 | L7: 0 | N7: =_xll.meLWOSwapCreateFromGenerator("EUR6M_"&G7,H7,I7,J7,B7,D7,K7,L7) -> EUR6M_3Y:1 | O7: EURYC | P7: =_xll.meLWOSwapParRate(N7,O7) -> -0.00294 | R7: ='EUR SWAP 6M'!L7 -> 3Y | S7: ='EUR SWAP 6M'!M7 -> -0.00294 | T7: =ABS(P7-S7)*100000 -> 3.6359804e-10
B8: =_xll.meDateFromTenor(AsOfDate,F8,"MOD_FOLLOWING",$C8,"") -> 43991 | C8: =C7 -> TGT | D8: =_xll.meDateFromTenor(B8,G8,) -> 45452 | F8: 2D | G8: =R8 -> 4Y | H8: =Template.Swap.EUR.6M -> EUR_SWAP_6ML:1 | I8: PAY | J8: 1000000 | K8: 0.01 | L8: 0 | N8: =_xll.meLWOSwapCreateFromGenerator("EUR6M_"&G8,H8,I8,J8,B8,D8,K8,L8) -> EUR6M_4Y:1 | O8: EURYC | P8: =_xll.meLWOSwapParRate(N8,O8) -> -0.00274 | R8: ='EUR SWAP 6M'!L8 -> 4Y | S8: ='EUR SWAP 6M'!M8 -> -0.00274 | T8: =ABS(P8-S8)*100000 -> 4.7592139e-10
B9: =_xll.meDateFromTenor(AsOfDate,F9,"MOD_FOLLOWING",$C9,"") -> 43991 | C9: =C8 -> TGT | D9: =_xll.meDateFromTenor(B9,G9,) -> 45817 | F9: 2D | G9: =R9 -> 5Y | H9: =Template.Swap.EUR.6M -> EUR_SWAP_6ML:1 | I9: PAY | J9: 1000000 | K9: 0.01 | L9: 0 | N9: =_xll.meLWOSwapCreateFromGenerator("EUR6M_"&G9,H9,I9,J9,B9,D9,K9,L9) -> EUR6M_5Y:1 | O9: EURYC | P9: =_xll.meLWOSwapParRate(N9,O9) -> -0.00244 | R9: ='EUR SWAP 6M'!L9 -> 5Y | S9: ='EUR SWAP 6M'!M9 -> -0.00244 | T9: =ABS(P9-S9)*100000 -> 4.6837534e-12
B10: =_xll.meDateFromTenor(AsOfDate,F10,"MOD_FOLLOWING",$C10,"") -> 43991 | C10: =C9 -> TGT | D10: =_xll.meDateFromTenor(B10,G10,) -> 46182 | F10: 2D | G10: =R10 -> 6Y | H10: =Template.Swap.EUR.6M -> EUR_SWAP_6ML:1 | I10: PAY | J10: 1000000 | K10: 0.01 | L10: 0 | N10: =_xll.meLWOSwapCreateFromGenerator("EUR6M_"&G10,H10,I10,J10,B10,D10,K10,L10) -> EUR6M_6Y:1 | O10: EURYC | P10: =_xll.meLWOSwapParRate(N10,O10) -> -0.00206 | R10: ='EUR SWAP 6M'!L10 -> 6Y | S10: ='EUR SWAP 6M'!M10 -> -0.00206 | T10: =ABS(P10-S10)*100000 -> 5.1738128e-11
B11: =_xll.meDateFromTenor(AsOfDate,F11,"MOD_FOLLOWING",$C11,"") -> 43991 | C11: =C10 -> TGT | D11: =_xll.meDateFromTenor(B11,G11,) -> 46547 | F11: 2D | G11: =R11 -> 7Y | H11: =Template.Swap.EUR.6M -> EUR_SWAP_6ML:1 | I11: PAY | J11: 1000000 | K11: 0.01 | L11: 0 | N11: =_xll.meLWOSwapCreateFromGenerator("EUR6M_"&G11,H11,I11,J11,B11,D11,K11,L11) -> EUR6M_7Y:1 | O11: EURYC | P11: =_xll.meLWOSwapParRate(N11,O11) -> -0.00164 | R11: ='EUR SWAP 6M'!L11 -> 7Y | S11: ='EUR SWAP 6M'!M11 -> -0.00164 | T11: =ABS(P11-S11)*100000 -> 1.8680803e-10
B12: =_xll.meDateFromTenor(AsOfDate,F12,"MOD_FOLLOWING",$C12,"") -> 43991 | C12: =C11 -> TGT | D12: =_xll.meDateFromTenor(B12,G12,) -> 46913 | F12: 2D | G12: =R12 -> 8Y | H12: =Template.Swap.EUR.6M -> EUR_SWAP_6ML:1 | I12: PAY | J12: 1000000 | K12: 0.01 | L12: 0 | N12: =_xll.meLWOSwapCreateFromGenerator("EUR6M_"&G12,H12,I12,J12,B12,D12,K12,L12) -> EUR6M_8Y:1 | O12: EURYC | P12: =_xll.meLWOSwapParRate(N12,O12) -> -0.00121 | R12: ='EUR SWAP 6M'!L12 -> 8Y | S12: ='EUR SWAP 6M'!M12 -> -0.00121 | T12: =ABS(P12-S12)*100000 -> 2.1632002e-10
B13: =_xll.meDateFromTenor(AsOfDate,F13,"MOD_FOLLOWING",$C13,"") -> 43991 | C13: =C12 -> TGT | D13: =_xll.meDateFromTenor(B13,G13,) -> 47278 | F13: 2D | G13: =R13 -> 9Y | H13: =Template.Swap.EUR.6M -> EUR_SWAP_6ML:1 | I13: PAY | J13: 1000000 | K13: 0.01 | L13: 0 | N13: =_xll.meLWOSwapCreateFromGenerator("EUR6M_"&G13,H13,I13,J13,B13,D13,K13,L13) -> EUR6M_9Y:1 | O13: EURYC | P13: =_xll.meLWOSwapParRate(N13,O13) -> -0.00077 | R13: ='EUR SWAP 6M'!L13 -> 9Y | S13: ='EUR SWAP 6M'!M13 -> -0.00077 | T13: =ABS(P13-S13)*100000 -> 4.0139333e-10
B14: =_xll.meDateFromTenor(AsOfDate,F14,"MOD_FOLLOWING",$C14,"") -> 43991 | C14: =C13 -> TGT | D14: =_xll.meDateFromTenor(B14,G14,) -> 47643 | F14: 2D | G14: =R14 -> 10Y | H14: =Template.Swap.EUR.6M -> EUR_SWAP_6ML:1 | I14: PAY | J14: 1000000 | K14: 0.01 | L14: 0 | N14: =_xll.meLWOSwapCreateFromGenerator("EUR6M_"&G14,H14,I14,J14,B14,D14,K14,L14) -> EUR6M_10Y:1 | O14: EURYC | P14: =_xll.meLWOSwapParRate(N14,O14) -> -0.00034 | R14: ='EUR SWAP 6M'!L14 -> 10Y | S14: ='EUR SWAP 6M'!M14 -> -0.00034 | T14: =ABS(P14-S14)*100000 -> 6.3718562e-10
B15: =_xll.meDateFromTenor(AsOfDate,F15,"MOD_FOLLOWING",$C15,"") -> 43991 | C15: =C14 -> TGT | D15: =_xll.meDateFromTenor(B15,G15,) -> 48008 | F15: 2D | G15: =R15 -> 11Y | H15: =Template.Swap.EUR.6M -> EUR_SWAP_6ML:1 | I15: PAY | J15: 1000000 | K15: 0.01 | L15: 0 | N15: =_xll.meLWOSwapCreateFromGenerator("EUR6M_"&G15,H15,I15,J15,B15,D15,K15,L15) -> EUR6M_11Y:1 | O15: EURYC | P15: =_xll.meLWOSwapParRate(N15,O15) -> 6e-05 | R15: ='EUR SWAP 6M'!L15 -> 11Y | S15: ='EUR SWAP 6M'!M15 -> 6e-05 | T15: =ABS(P15-S15)*100000 -> 1.0017784e-09
B16: =_xll.meDateFromTenor(AsOfDate,F16,"MOD_FOLLOWING",$C16,"") -> 43991 | C16: =C15 -> TGT | D16: =_xll.meDateFromTenor(B16,G16,) -> 48374 | F16: 2D | G16: =R16 -> 12Y | H16: =Template.Swap.EUR.6M -> EUR_SWAP_6ML:1 | I16: PAY | J16: 1000000 | K16: 0.01 | L16: 0 | N16: =_xll.meLWOSwapCreateFromGenerator("EUR6M_"&G16,H16,I16,J16,B16,D16,K16,L16) -> EUR6M_12Y:1 | O16: EURYC | P16: =_xll.meLWOSwapParRate(N16,O16) -> 0.00046 | R16: ='EUR SWAP 6M'!L16 -> 12Y | S16: ='EUR SWAP 6M'!M16 -> 0.00046 | T16: =ABS(P16-S16)*100000 -> 1.1054037e-09
B17: =_xll.meDateFromTenor(AsOfDate,F17,"MOD_FOLLOWING",$C17,"") -> 43991 | C17: =C16 -> TGT | D17: =_xll.meDateFromTenor(B17,G17,) -> 49469 | F17: 2D | G17: =R17 -> 15Y | H17: =Template.Swap.EUR.6M -> EUR_SWAP_6ML:1 | I17: PAY | J17: 1000000 | K17: 0.01 | L17: 0 | N17: =_xll.meLWOSwapCreateFromGenerator("EUR6M_"&G17,H17,I17,J17,B17,D17,K17,L17) -> EUR6M_15Y:1 | O17: EURYC | P17: =_xll.meLWOSwapParRate(N17,O17) -> 0.00143 | R17: ='EUR SWAP 6M'!L17 -> 15Y | S17: ='EUR SWAP 6M'!M17 -> 0.00143 | T17: =ABS(P17-S17)*100000 -> 6.3532079e-10
B18: =_xll.meDateFromTenor(AsOfDate,F18,"MOD_FOLLOWING",$C18,"") -> 43991 | C18: =C17 -> TGT | D18: =_xll.meDateFromTenor(B18,G18,) -> 51296 | F18: 2D | G18: =R18 -> 20Y | H18: =Template.Swap.EUR.6M -> EUR_SWAP_6ML:1 | I18: PAY | J18: 1000000 | K18: 0.01 | L18: 0 | N18: =_xll.meLWOSwapCreateFromGenerator("EUR6M_"&G18,H18,I18,J18,B18,D18,K18,L18) -> EUR6M_20Y:1 | O18: EURYC | P18: =_xll.meLWOSwapParRate(N18,O18) -> 0.00218 | R18: ='EUR SWAP 6M'!L18 -> 20Y | S18: ='EUR SWAP 6M'!M18 -> 0.00218 | T18: =ABS(P18-S18)*100000 -> 4.0896106e-11
... B20: =_xll.meDateFromTenor(AsOfDate,F20,"MOD_FOLLOWING",$C20,"") -> 43991 | C20: =C19 -> TGT | D20: =_xll.meDateFromTenor(B20,G20,) -> 54948 | F20: 2D | G20: =R20 -> 30Y | H20: =Template.Swap.EUR.6M -> EUR_SWAP_6ML:1 | I20: PAY | J20: 1000000 | K20: 0.01 | L20: 0 | N20: =_xll.meLWOSwapCreateFromGenerator("EUR6M_"&G20,H20,I20,J20,B20,D20,K20,L20) -> EUR6M_30Y:1 | O20: EURYC | P20: =_xll.meLWOSwapParRate(N20,O20) -> 0.00189 | R20: ='EUR SWAP 6M'!L20 -> 30Y | S20: ='EUR SWAP 6M'!M20 -> 0.00189 | T20: =ABS(P20-S20)*100000 -> 3.1094918e-11
B23: Trade Dates | F23: SWAP: EUR3ML | N23: Trade Booking & Pricing | R23: Curve Calibration Check
D24: Unadjusted Date ! | H24: Swap Template
B25: EffectiveDate | C25: Calendar | D25: MaturityDate | F25: EffectiveDate | G25: Maturity | H25: Generator | I25: PayRec | J25: Notional | K25: Leg 1 Spread | L25: Leg 2 Spread | N25: CreateSwap | O25: CurveCollection | P25: ParRate | R25: Term | S25: Rate | T25: +/- Bps
B26: =_xll.meDateFromTenor(AsOfDate,F26,"MOD_FOLLOWING",$C26,"") -> 43991 | C26: =VLOOKUP("PAYMENTCALENDAR",_xll.meLWOSwapGeneratorDisplay($H26),2,FALSE) -> TGT | D26: =_xll.meDateFromTenor(B26,G26,) -> 45086 | F26: 2D | G26: =R26 -> 3Y | H26: =Template.Swap.EUR.3M -> EUR_SWAP_3ML:1 | I26: PAY | J26: 1000000 | K26: 0 | L26: 0 | N26: =_xll.meLWOSwapCreateFromGenerator("EUR3M_"&G26,H26,I26,J26,B26,D26,K26,L26) -> EUR3M_3Y:1 | O26: EURYC | P26: =_xll.meLWOSwapParRate(N26,O26) -> -0.00385 | R26: ='EUR SWAP 3M'!O6 -> 3Y | S26: ='EUR SWAP 3M'!P6 -> -0.00385 | T26: =ABS(P26-S26)*100000 -> 1.0231833e-09
B27: =_xll.meDateFromTenor(AsOfDate,F27,"MOD_FOLLOWING",$C27,"") -> 43991 | C27: =C26 -> TGT | D27: =_xll.meDateFromTenor(B27,G27,) -> 45452 | F27: 2D | G27: =R27 -> 4Y | H27: =Template.Swap.EUR.3M -> EUR_SWAP_3ML:1 | I27: PAY | J27: 1000000 | K27: 0 | L27: 0 | N27: =_xll.meLWOSwapCreateFromGenerator("EUR3M_"&G27,H27,I27,J27,B27,D27,K27,L27) -> EUR3M_4Y:1 | O27: EURYC | P27: =_xll.meLWOSwapParRate(N27,O27) -> -0.00356 | R27: ='EUR SWAP 3M'!O7 -> 4Y | S27: ='EUR SWAP 3M'!P7 -> -0.00356 | T27: =ABS(P27-S27)*100000 -> 4.1663721e-10
B28: =_xll.meDateFromTenor(AsOfDate,F28,"MOD_FOLLOWING",$C28,"") -> 43991 | C28: =C27 -> TGT | D28: =_xll.meDateFromTenor(B28,G28,) -> 45817 | F28: 2D | G28: =R28 -> 5Y | H28: =Template.Swap.EUR.3M -> EUR_SWAP_3ML:1 | I28: PAY | J28: 1000000 | K28: 0 | L28: 0 | N28: =_xll.meLWOSwapCreateFromGenerator("EUR3M_"&G28,H28,I28,J28,B28,D28,K28,L28) -> EUR3M_5Y:1 | O28: EURYC | P28: =_xll.meLWOSwapParRate(N28,O28) -> -0.0032 | R28: ='EUR SWAP 3M'!O8 -> 5Y | S28: ='EUR SWAP 3M'!P8 -> -0.0032 | T28: =ABS(P28-S28)*100000 -> 5.8850494e-11
B29: =_xll.meDateFromTenor(AsOfDate,F29,"MOD_FOLLOWING",$C29,"") -> 43991 | C29: =C28 -> TGT | D29: =_xll.meDateFromTenor(B29,G29,) -> 46182 | F29: 2D | G29: =R29 -> 6Y | H29: =Template.Swap.EUR.3M -> EUR_SWAP_3ML:1 | I29: PAY | J29: 1000000 | K29: 0 | L29: 0 | N29: =_xll.meLWOSwapCreateFromGenerator("EUR3M_"&G29,H29,I29,J29,B29,D29,K29,L29) -> EUR3M_6Y:1 | O29: EURYC | P29: =_xll.meLWOSwapParRate(N29,O29) -> -0.00278 | R29: ='EUR SWAP 3M'!O9 -> 6Y | S29: ='EUR SWAP 3M'!P9 -> -0.00278 | T29: =ABS(P29-S29)*100000 -> 1.2763228e-10
B30: =_xll.meDateFromTenor(AsOfDate,F30,"MOD_FOLLOWING",$C30,"") -> 43991 | C30: =C29 -> TGT | D30: =_xll.meDateFromTenor(B30,G30,) -> 46547 | F30: 2D | G30: =R30 -> 7Y | H30: =Template.Swap.EUR.3M -> EUR_SWAP_3ML:1 | I30: PAY | J30: 1000000 | K30: 0 | L30: 0 | N30: =_xll.meLWOSwapCreateFromGenerator("EUR3M_"&G30,H30,I30,J30,B30,D30,K30,L30) -> EUR3M_7Y:1 | O30: EURYC | P30: =_xll.meLWOSwapParRate(N30,O30) -> -0.00232 | R30: ='EUR SWAP 3M'!O10 -> 7Y | S30: ='EUR SWAP 3M'!P10 -> -0.00232 | T30: =ABS(P30-S30)*100000 -> 9.4204158e-10
B31: =_xll.meDateFromTenor(AsOfDate,F31,"MOD_FOLLOWING",$C31,"") -> 43991 | C31: =C30 -> TGT | D31: =_xll.meDateFromTenor(B31,G31,) -> 46913 | F31: 2D | G31: =R31 -> 8Y | H31: =Template.Swap.EUR.3M -> EUR_SWAP_3ML:1 | I31: PAY | J31: 1000000 | K31: 0 | L31: 0 | N31: =_xll.meLWOSwapCreateFromGenerator("EUR3M_"&G31,H31,I31,J31,B31,D31,K31,L31) -> EUR3M_8Y:1 | O31: EURYC | P31: =_xll.meLWOSwapParRate(N31,O31) -> -0.00185 | R31: ='EUR SWAP 3M'!O11 -> 8Y | S31: ='EUR SWAP 3M'!P11 -> -0.00185 | T31: =ABS(P31-S31)*100000 -> 5.048479e-10
B32: =_xll.meDateFromTenor(AsOfDate,F32,"MOD_FOLLOWING",$C32,"") -> 43991 | C32: =C31 -> TGT | D32: =_xll.meDateFromTenor(B32,G32,) -> 47278 | F32: 2D | G32: =R32 -> 9Y | H32: =Template.Swap.EUR.3M -> EUR_SWAP_3ML:1 | I32: PAY | J32: 1000000 | K32: 0 | L32: 0 | N32: =_xll.meLWOSwapCreateFromGenerator("EUR3M_"&G32,H32,I32,J32,B32,D32,K32,L32) -> EUR3M_9Y:1 | O32: EURYC | P32: =_xll.meLWOSwapParRate(N32,O32) -> -0.00135 | R32: ='EUR SWAP 3M'!O12 -> 9Y | S32: ='EUR SWAP 3M'!P12 -> -0.00135 | T32: =ABS(P32-S32)*100000 -> 1.5419523e-10
B33: =_xll.meDateFromTenor(AsOfDate,F33,"MOD_FOLLOWING",$C33,"") -> 43991 | C33: =C32 -> TGT | D33: =_xll.meDateFromTenor(B33,G33,) -> 47643 | F33: 2D | G33: =R33 -> 10Y | H33: =Template.Swap.EUR.3M -> EUR_SWAP_3ML:1 | I33: PAY | J33: 1000000 | K33: 0 | L33: 0 | N33: =_xll.meLWOSwapCreateFromGenerator("EUR3M_"&G33,H33,I33,J33,B33,D33,K33,L33) -> EUR3M_10Y:1 | O33: EURYC | P33: =_xll.meLWOSwapParRate(N33,O33) -> -0.00087 | R33: ='EUR SWAP 3M'!O13 -> 10Y | S33: ='EUR SWAP 3M'!P13 -> -0.00087 | T33: =ABS(P33-S33)*100000 -> 1.9016906e-11
B34: =_xll.meDateFromTenor(AsOfDate,F34,"MOD_FOLLOWING",$C34,"") -> 43991 | C34: =C33 -> TGT | D34: =_xll.meDateFromTenor(B34,G34,) -> 48008 | F34: 2D | G34: =R34 -> 11Y | H34: =Template.Swap.EUR.3M -> EUR_SWAP_3ML:1 | I34: PAY | J34: 1000000 | K34: 0 | L34: 0 | N34: =_xll.meLWOSwapCreateFromGenerator("EUR3M_"&G34,H34,I34,J34,B34,D34,K34,L34) -> EUR3M_11Y:1 | O34: EURYC | P34: =_xll.meLWOSwapParRate(N34,O34) -> -0.00042 | R34: ='EUR SWAP 3M'!O14 -> 11Y | S34: ='EUR SWAP 3M'!P14 -> -0.00042 | T34: =ABS(P34-S34)*100000 -> 1.5333329e-10
B35: =_xll.meDateFromTenor(AsOfDate,F35,"MOD_FOLLOWING",$C35,"") -> 43991 | C35: =C34 -> TGT | D35: =_xll.meDateFromTenor(B35,G35,) -> 48374 | F35: 2D | G35: =R35 -> 12Y | H35: =Template.Swap.EUR.3M -> EUR_SWAP_3ML:1 | I35: PAY | J35: 1000000 | K35: 0 | L35: 0 | N35: =_xll.meLWOSwapCreateFromGenerator("EUR3M_"&G35,H35,I35,J35,B35,D35,K35,L35) -> EUR3M_12Y:1 | O35: EURYC | P35: =_xll.meLWOSwapParRate(N35,O35) -> 3e-05 | R35: ='EUR SWAP 3M'!O15 -> 12Y | S35: ='EUR SWAP 3M'!P15 -> 3e-05 | T35: =ABS(P35-S35)*100000 -> 8.3663477e-10
B36: =_xll.meDateFromTenor(AsOfDate,F36,"MOD_FOLLOWING",$C36,"") -> 43991 | C36: =C35 -> TGT | D36: =_xll.meDateFromTenor(B36,G36,) -> 49469 | F36: 2D | G36: =R36 -> 15Y | H36: =Template.Swap.EUR.3M -> EUR_SWAP_3ML:1 | I36: PAY | J36: 1000000 | K36: 0 | L36: 0 | N36: =_xll.meLWOSwapCreateFromGenerator("EUR3M_"&G36,H36,I36,J36,B36,D36,K36,L36) -> EUR3M_15Y:1 | O36: EURYC | P36: =_xll.meLWOSwapParRate(N36,O36) -> 0.00112 | R36: ='EUR SWAP 3M'!O16 -> 15Y | S36: ='EUR SWAP 3M'!P16 -> 0.00112 | T36: =ABS(P36-S36)*100000 -> 9.0665322e-10
B37: =_xll.meDateFromTenor(AsOfDate,F37,"MOD_FOLLOWING",$C37,"") -> 43991 | C37: =C36 -> TGT | D37: =_xll.meDateFromTenor(B37,G37,) -> 51296 | F37: 2D | G37: =R37 -> 20Y | H37: =Template.Swap.EUR.3M -> EUR_SWAP_3ML:1 | I37: PAY | J37: 1000000 | K37: 0 | L37: 0 | N37: =_xll.meLWOSwapCreateFromGenerator("EUR3M_"&G37,H37,I37,J37,B37,D37,K37,L37) -> EUR3M_20Y:1 | O37: EURYC | P37: =_xll.meLWOSwapParRate(N37,O37) -> 0.00199 | R37: ='EUR SWAP 3M'!O17 -> 20Y | S37: ='EUR SWAP 3M'!P17 -> 0.00199 | T37: =ABS(P37-S37)*100000 -> 9.3449554e-10
B38: =_xll.meDateFromTenor(AsOfDate,F38,"MOD_FOLLOWING",$C38,"") -> 43991 | C38: =C37 -> TGT | D38: =_xll.meDateFromTenor(B38,G38,) -> 53122 | F38: 2D | G38: =R38 -> 25Y | H38: =Template.Swap.EUR.3M -> EUR_SWAP_3ML:1 | I38: PAY | J38: 1000000 | K38: 0 | L38: 0 | N38: =_xll.meLWOSwapCreateFromGenerator("EUR3M_"&G38,H38,I38,J38,B38,D38,K38,L38) -> EUR3M_25Y:1 | O38: EURYC | P38: =_xll.meLWOSwapParRate(N38,O38) -> 0.00207 | R38: ='EUR SWAP 3M'!O18 -> 25Y | S38: ='EUR SWAP 3M'!P18 -> 0.00207 | T38: =ABS(P38-S38)*100000 -> 3.6429193e-11
B39: =_xll.meDateFromTenor(AsOfDate,F39,"MOD_FOLLOWING",$C39,"") -> 43991 | C39: =C38 -> TGT | D39: =_xll.meDateFromTenor(B39,G39,) -> 54948 | F39: 2D | G39: =R39 -> 30Y | H39: =Template.Swap.EUR.3M -> EUR_SWAP_3ML:1 | I39: PAY | J39: 1000000 | K39: 0 | L39: 0 | N39: =_xll.meLWOSwapCreateFromGenerator("EUR3M_"&G39,H39,I39,J39,B39,D39,K39,L39) -> EUR3M_30Y:1 | O39: EURYC | P39: =_xll.meLWOSwapParRate(N39,O39) -> 0.00183 | R39: ='EUR SWAP 3M'!O19 -> 30Y | S39: ='EUR SWAP 3M'!P19 -> 0.00183 | T39: =ABS(P39-S39)*100000 -> 5.8390792e-10
B45: Trade Dates | F45: SWAP: EUR1ML | N45: Trade Booking & Pricing | R45: Curve Calibration Check
D46: Unadjusted Date ! | H46: Swap Template
B47: EffectiveDate | C47: Calendar | D47: MaturityDate | F47: EffectiveDate | G47: Maturity | H47: Generator | I47: PayRec | J47: Notional | K47: Leg 1 Spread | L47: Leg 2 Spread | N47: CreateSwap | O47: CurveCollection | P47: Spread | R47: Term | S47: Rate | T47: +/- Bps
B48: =_xll.meDateFromTenor(AsOfDate,F48,"MOD_FOLLOWING",$C48,"") -> 43991 | C48: =VLOOKUP("PAYMENTCALENDAR",_xll.meLWOSwapGeneratorDisplay($H48),2,FALSE) -> TGT | D48: =_xll.meDateFromTenor(B48,G48,) -> 44356 | F48: 2D | G48: =R48 -> 1Y | H48: =Template.Swap.EUR.1M -> EUR_SWAP_1ML:1 | I48: PAY | J48: 1000000 | K48: 0 | L48: 0 | N48: =_xll.meLWOSwapCreateFromGenerator("EUR1M_"&G48,H48,I48,J48,B48,D48,K48,L48) -> EUR1M_1Y:1 | O48: EURYC | P48: =_xll.meLWOSwapParRate(N48,O48) -> -0.00465 | R48: ='EUR SWAP 1M'!I6 -> 1Y | S48: ='EUR SWAP 1M'!J6 -> -0.00465 | T48: =ABS(P48-S48)*100000 -> 5.976903e-09
B49: =_xll.meDateFromTenor(AsOfDate,F49,"MOD_FOLLOWING",$C49,"") -> 43991 | C49: =C48 -> TGT | D49: =_xll.meDateFromTenor(B49,G49,) -> 44721 | F49: 2D | G49: =R49 -> 2Y | H49: =Template.Swap.EUR.1M -> EUR_SWAP_1ML:1 | I49: PAY | J49: 1000000 | K49: 0 | L49: 0 | N49: =_xll.meLWOSwapCreateFromGenerator("EUR1M_"&G49,H49,I49,J49,B49,D49,K49,L49) -> EUR1M_2Y:1 | O49: EURYC | P49: =_xll.meLWOSwapParRate(N49,O49) -> -0.00455 | R49: ='EUR SWAP 1M'!I7 -> 2Y | S49: ='EUR SWAP 1M'!J7 -> -0.00455 | T49: =ABS(P49-S49)*100000 -> 9.9720579e-10
B50: =_xll.meDateFromTenor(AsOfDate,F50,"MOD_FOLLOWING",$C50,"") -> 43991 | C50: =C49 -> TGT | D50: =_xll.meDateFromTenor(B50,G50,) -> 45086 | F50: 2D | G50: =R50 -> 3Y | H50: =Template.Swap.EUR.1M -> EUR_SWAP_1ML:1 | I50: PAY | J50: 1000000 | K50: 0 | L50: 0 | N50: =_xll.meLWOSwapCreateFromGenerator("EUR1M_"&G50,H50,I50,J50,B50,D50,K50,L50) -> EUR1M_3Y:1 | O50: EURYC | P50: =_xll.meLWOSwapParRate(N50,O50) -> -0.00435 | R50: ='EUR SWAP 1M'!I8 -> 3Y | S50: ='EUR SWAP 1M'!J8 -> -0.00435 | T50: =ABS(P50-S50)*100000 -> 3.001939e-10
B51: =_xll.meDateFromTenor(AsOfDate,F51,"MOD_FOLLOWING",$C51,"") -> 43991 | C51: =C50 -> TGT | D51: =_xll.meDateFromTenor(B51,G51,) -> 45452 | F51: 2D | G51: =R51 -> 4Y | H51: =Template.Swap.EUR.1M -> EUR_SWAP_1ML:1 | I51: PAY | J51: 1000000 | K51: 0 | L51: 0 | N51: =_xll.meLWOSwapCreateFromGenerator("EUR1M_"&G51,H51,I51,J51,B51,D51,K51,L51) -> EUR1M_4Y:1 | O51: EURYC | P51: =_xll.meLWOSwapParRate(N51,O51) -> -0.00406 | R51: ='EUR SWAP 1M'!I9 -> 4Y | S51: ='EUR SWAP 1M'!J9 -> -0.00406 | T51: =ABS(P51-S51)*100000 -> 3.5374481e-09
B52: =_xll.meDateFromTenor(AsOfDate,F52,"MOD_FOLLOWING",$C52,"") -> 43991 | C52: =C51 -> TGT | D52: =_xll.meDateFromTenor(B52,G52,) -> 45817 | F52: 2D | G52: =R52 -> 5Y | H52: =Template.Swap.EUR.1M -> EUR_SWAP_1ML:1 | I52: PAY | J52: 1000000 | K52: 0 | L52: 0 | N52: =_xll.meLWOSwapCreateFromGenerator("EUR1M_"&G52,H52,I52,J52,B52,D52,K52,L52) -> EUR1M_5Y:1 | O52: EURYC | P52: =_xll.meLWOSwapParRate(N52,O52) -> -0.0037 | R52: ='EUR SWAP 1M'!I10 -> 5Y | S52: ='EUR SWAP 1M'!J10 -> -0.0037 | T52: =ABS(P52-S52)*100000 -> 1.5295057e-09
B53: =_xll.meDateFromTenor(AsOfDate,F53,"MOD_FOLLOWING",$C53,"") -> 43991 | C53: =C52 -> TGT | D53: =_xll.meDateFromTenor(B53,G53,) -> 46182 | F53: 2D | G53: =R53 -> 6Y | H53: =Template.Swap.EUR.1M -> EUR_SWAP_1ML:1 | I53: PAY | J53: 1000000 | K53: 0 | L53: 0 | N53: =_xll.meLWOSwapCreateFromGenerator("EUR1M_"&G53,H53,I53,J53,B53,D53,K53,L53) -> EUR1M_6Y:1 | O53: EURYC | P53: =_xll.meLWOSwapParRate(N53,O53) -> -0.00328 | R53: ='EUR SWAP 1M'!I11 -> 6Y | S53: ='EUR SWAP 1M'!J11 -> -0.00328 | T53: =ABS(P53-S53)*100000 -> 2.1984584e-09
B54: =_xll.meDateFromTenor(AsOfDate,F54,"MOD_FOLLOWING",$C54,"") -> 43991 | C54: =C53 -> TGT | D54: =_xll.meDateFromTenor(B54,G54,) -> 46547 | F54: 2D | G54: =R54 -> 7Y | H54: =Template.Swap.EUR.1M -> EUR_SWAP_1ML:1 | I54: PAY | J54: 1000000 | K54: 0 | L54: 0 | N54: =_xll.meLWOSwapCreateFromGenerator("EUR1M_"&G54,H54,I54,J54,B54,D54,K54,L54) -> EUR1M_7Y:1 | O54: EURYC | P54: =_xll.meLWOSwapParRate(N54,O54) -> -0.00282 | R54: ='EUR SWAP 1M'!I12 -> 7Y | S54: ='EUR SWAP 1M'!J12 -> -0.00282 | T54: =ABS(P54-S54)*100000 -> 1.2243245e-09
B55: =_xll.meDateFromTenor(AsOfDate,F55,"MOD_FOLLOWING",$C55,"") -> 43991 | C55: =C54 -> TGT | D55: =_xll.meDateFromTenor(B55,G55,) -> 46913 | F55: 2D | G55: =R55 -> 8Y | H55: =Template.Swap.EUR.1M -> EUR_SWAP_1ML:1 | I55: PAY | J55: 1000000 | K55: 0 | L55: 0 | N55: =_xll.meLWOSwapCreateFromGenerator("EUR1M_"&G55,H55,I55,J55,B55,D55,K55,L55) -> EUR1M_8Y:1 | O55: EURYC | P55: =_xll.meLWOSwapParRate(N55,O55) -> -0.00235 | R55: ='EUR SWAP 1M'!I13 -> 8Y | S55: ='EUR SWAP 1M'!J13 -> -0.00235 | T55: =ABS(P55-S55)*100000 -> 7.6618399e-10
B56: =_xll.meDateFromTenor(AsOfDate,F56,"MOD_FOLLOWING",$C56,"") -> 43991 | C56: =C55 -> TGT | D56: =_xll.meDateFromTenor(B56,G56,) -> 47278 | F56: 2D | G56: =R56 -> 9Y | H56: =Template.Swap.EUR.1M -> EUR_SWAP_1ML:1 | I56: PAY | J56: 1000000 | K56: 0 | L56: 0 | N56: =_xll.meLWOSwapCreateFromGenerator("EUR1M_"&G56,H56,I56,J56,B56,D56,K56,L56) -> EUR1M_9Y:1 | O56: EURYC | P56: =_xll.meLWOSwapParRate(N56,O56) -> -0.00185 | R56: ='EUR SWAP 1M'!I14 -> 9Y | S56: ='EUR SWAP 1M'!J14 -> -0.00185 | T56: =ABS(P56-S56)*100000 -> 1.8138052e-09
B57: =_xll.meDateFromTenor(AsOfDate,F57,"MOD_FOLLOWING",$C57,"") -> 43991 | C57: =C56 -> TGT | D57: =_xll.meDateFromTenor(B57,G57,) -> 47643 | F57: 2D | G57: =R57 -> 10Y | H57: =Template.Swap.EUR.1M -> EUR_SWAP_1ML:1 | I57: PAY | J57: 1000000 | K57: 0 | L57: 0 | N57: =_xll.meLWOSwapCreateFromGenerator("EUR1M_"&G57,H57,I57,J57,B57,D57,K57,L57) -> EUR1M_10Y:1 | O57: EURYC | P57: =_xll.meLWOSwapParRate(N57,O57) -> -0.00137 | R57: ='EUR SWAP 1M'!I15 -> 10Y | S57: ='EUR SWAP 1M'!J15 -> -0.00137 | T57: =ABS(P57-S57)*100000 -> 3.1769075e-09
B58: =_xll.meDateFromTenor(AsOfDate,F58,"MOD_FOLLOWING",$C58,"") -> 43991 | C58: =C57 -> TGT | D58: =_xll.meDateFromTenor(B58,G58,) -> 48008 | F58: 2D | G58: =R58 -> 11Y | H58: =Template.Swap.EUR.1M -> EUR_SWAP_1ML:1 | I58: PAY | J58: 1000000 | K58: 0 | L58: 0 | N58: =_xll.meLWOSwapCreateFromGenerator("EUR1M_"&G58,H58,I58,J58,B58,D58,K58,L58) -> EUR1M_11Y:1 | O58: EURYC | P58: =_xll.meLWOSwapParRate(N58,O58) -> -0.00092 | R58: ='EUR SWAP 1M'!I16 -> 11Y | S58: ='EUR SWAP 1M'!J16 -> -0.00092 | T58: =ABS(P58-S58)*100000 -> 1.8894717e-09
B59: =_xll.meDateFromTenor(AsOfDate,F59,"MOD_FOLLOWING",$C59,"") -> 43991 | C59: =C58 -> TGT | D59: =_xll.meDateFromTenor(B59,G59,) -> 48374 | F59: 2D | G59: =R59 -> 12Y | H59: =Template.Swap.EUR.1M -> EUR_SWAP_1ML:1 | I59: PAY | J59: 1000000 | K59: 0 | L59: 0 | N59: =_xll.meLWOSwapCreateFromGenerator("EUR1M_"&G59,H59,I59,J59,B59,D59,K59,L59) -> EUR1M_12Y:1 | O59: EURYC | P59: =_xll.meLWOSwapParRate(N59,O59) -> -0.00047 | R59: ='EUR SWAP 1M'!I17 -> 12Y | S59: ='EUR SWAP 1M'!J17 -> -0.00047 | T59: =ABS(P59-S59)*100000 -> 1.1744241e-09
B60: =_xll.meDateFromTenor(AsOfDate,F60,"MOD_FOLLOWING",$C60,"") -> 43991 | C60: =C59 -> TGT | D60: =_xll.meDateFromTenor(B60,G60,) -> 49469 | F60: 2D | G60: =R60 -> 15Y | H60: =Template.Swap.EUR.1M -> EUR_SWAP_1ML:1 | I60: PAY | J60: 1000000 | K60: 0 | L60: 0 | N60: =_xll.meLWOSwapCreateFromGenerator("EUR1M_"&G60,H60,I60,J60,B60,D60,K60,L60) -> EUR1M_15Y:1 | O60: EURYC | P60: =_xll.meLWOSwapParRate(N60,O60) -> 0.00062 | R60: ='EUR SWAP 1M'!I18 -> 15Y | S60: ='EUR SWAP 1M'!J18 -> 0.00062 | T60: =ABS(P60-S60)*100000 -> 3.5406682e-09
... B62: =_xll.meDateFromTenor(AsOfDate,F62,"MOD_FOLLOWING",$C62,"") -> 43991 | C62: =C61 -> TGT | D62: =_xll.meDateFromTenor(B62,G62,) -> 53122 | F62: 2D | G62: =R62 -> 25Y | H62: =Template.Swap.EUR.1M -> EUR_SWAP_1ML:1 | I62: PAY | J62: 1000000 | K62: 0 | L62: 0 | N62: =_xll.meLWOSwapCreateFromGenerator("EUR1M_"&G62,H62,I62,J62,B62,D62,K62,L62) -> EUR1M_25Y:1 | O62: EURYC | P62: =_xll.meLWOSwapParRate(N62,O62) -> 0.00157 | R62: ='EUR SWAP 1M'!I20 -> 25Y | S62: ='EUR SWAP 1M'!J20 -> 0.00157 | T62: =ABS(P62-S62)*100000 -> 2.9820113e-09
B65: Trade Dates | F65: SWAP: EUR12ML | N65: Trade Booking & Pricing | R65: Curve Calibration Check
D66: Unadjusted Date ! | H66: Swap Template
B67: EffectiveDate | C67: Calendar | D67: MaturityDate | F67: EffectiveDate | G67: Maturity | H67: Generator | I67: PayRec | J67: Notional | K67: Leg 1 Spread | L67: Leg 2 Spread | N67: CreateSwap | O67: CurveCollection | P67: Spread | R67: Term | S67: Rate | T67: +/- Bps
B68: =_xll.meDateFromTenor(AsOfDate,F68,"MOD_FOLLOWING",$C68,"") -> 43991 | C68: =VLOOKUP("PAYMENTCALENDAR",_xll.meLWOSwapGeneratorDisplay($H68),2,FALSE) -> TGT | D68: =_xll.meDateFromTenor(B68,G68,) -> 44721 | F68: 2D | G68: =R68 -> 2Y | H68: =Template.Swap.EUR.12M -> EUR_SWAP_12ML:1 | I68: PAY | J68: 1000000 | K68: 0 | L68: 0 | N68: =_xll.meLWOSwapCreateFromGenerator("EUR12M_"&G68,H68,I68,J68,B68,D68,K68,L68) -> EUR12M_2Y:1 | O68: EURYC | P68: =_xll.meLWOSwapParRate(N68,O68) -> -0.002 | R68: ='EUR SWAP 12M'!I6 -> 2Y | S68: ='EUR SWAP 12M'!J6 -> -0.002 | T68: =ABS(P68-S68)*100000 -> 2.4286129e-12
B69: =_xll.meDateFromTenor(AsOfDate,F69,"MOD_FOLLOWING",$C69,"") -> 43991 | C69: =C68 -> TGT | D69: =_xll.meDateFromTenor(B69,G69,) -> 45086 | F69: 2D | G69: =R69 -> 3Y | H69: =Template.Swap.EUR.12M -> EUR_SWAP_12ML:1 | I69: PAY | J69: 1000000 | K69: 0 | L69: 0 | N69: =_xll.meLWOSwapCreateFromGenerator("EUR12M_"&G69,H69,I69,J69,B69,D69,K69,L69) -> EUR12M_3Y:1 | O69: EURYC | P69: =_xll.meLWOSwapParRate(N69,O69) -> -0.00205 | R69: ='EUR SWAP 12M'!I7 -> 3Y | S69: ='EUR SWAP 12M'!J7 -> -0.00205 | T69: =ABS(P69-S69)*100000 -> 2.1250363e-12
B70: =_xll.meDateFromTenor(AsOfDate,F70,"MOD_FOLLOWING",$C70,"") -> 43991 | C70: =C69 -> TGT | D70: =_xll.meDateFromTenor(B70,G70,) -> 45452 | F70: 2D | G70: =R70 -> 4Y | H70: =Template.Swap.EUR.12M -> EUR_SWAP_12ML:1 | I70: PAY | J70: 1000000 | K70: 0 | L70: 0 | N70: =_xll.meLWOSwapCreateFromGenerator("EUR12M_"&G70,H70,I70,J70,B70,D70,K70,L70) -> EUR12M_4Y:1 | O70: EURYC | P70: =_xll.meLWOSwapParRate(N70,O70) -> -0.00176 | R70: ='EUR SWAP 12M'!I8 -> 4Y | S70: ='EUR SWAP 12M'!J8 -> -0.00176 | T70: =ABS(P70-S70)*100000 -> 2.7105054e-12
B71: =_xll.meDateFromTenor(AsOfDate,F71,"MOD_FOLLOWING",$C71,"") -> 43991 | C71: =C70 -> TGT | D71: =_xll.meDateFromTenor(B71,G71,) -> 45817 | F71: 2D | G71: =R71 -> 5Y | H71: =Template.Swap.EUR.12M -> EUR_SWAP_12ML:1 | I71: PAY | J71: 1000000 | K71: 0 | L71: 0 | N71: =_xll.meLWOSwapCreateFromGenerator("EUR12M_"&G71,H71,I71,J71,B71,D71,K71,L71) -> EUR12M_5Y:1 | O71: EURYC | P71: =_xll.meLWOSwapParRate(N71,O71) -> -0.0014 | R71: ='EUR SWAP 12M'!I9 -> 5Y | S71: ='EUR SWAP 12M'!J9 -> -0.0014 | T71: =ABS(P71-S71)*100000 -> 1.893017e-11
B72: =_xll.meDateFromTenor(AsOfDate,F72,"MOD_FOLLOWING",$C72,"") -> 43991 | C72: =C71 -> TGT | D72: =_xll.meDateFromTenor(B72,G72,) -> 46182 | F72: 2D | G72: =R72 -> 6Y | H72: =Template.Swap.EUR.12M -> EUR_SWAP_12ML:1 | I72: PAY | J72: 1000000 | K72: 0 | L72: 0 | N72: =_xll.meLWOSwapCreateFromGenerator("EUR12M_"&G72,H72,I72,J72,B72,D72,K72,L72) -> EUR12M_6Y:1 | O72: EURYC | P72: =_xll.meLWOSwapParRate(N72,O72) -> -0.00098 | R72: ='EUR SWAP 12M'!I10 -> 6Y | S72: ='EUR SWAP 12M'!J10 -> -0.00098 | T72: =ABS(P72-S72)*100000 -> 1.0018028e-11
B73: =_xll.meDateFromTenor(AsOfDate,F73,"MOD_FOLLOWING",$C73,"") -> 43991 | C73: =C72 -> TGT | D73: =_xll.meDateFromTenor(B73,G73,) -> 46547 | F73: 2D | G73: =R73 -> 7Y | H73: =Template.Swap.EUR.12M -> EUR_SWAP_12ML:1 | I73: PAY | J73: 1000000 | K73: 0 | L73: 0 | N73: =_xll.meLWOSwapCreateFromGenerator("EUR12M_"&G73,H73,I73,J73,B73,D73,K73,L73) -> EUR12M_7Y:1 | O73: EURYC | P73: =_xll.meLWOSwapParRate(N73,O73) -> -0.00052 | R73: ='EUR SWAP 12M'!I11 -> 7Y | S73: ='EUR SWAP 12M'!J11 -> -0.00052 | T73: =ABS(P73-S73)*100000 -> 2.8091678e-11
B74: =_xll.meDateFromTenor(AsOfDate,F74,"MOD_FOLLOWING",$C74,"") -> 43991 | C74: =C73 -> TGT | D74: =_xll.meDateFromTenor(B74,G74,) -> 46913 | F74: 2D | G74: =R74 -> 8Y | H74: =Template.Swap.EUR.12M -> EUR_SWAP_12ML:1 | I74: PAY | J74: 1000000 | K74: 0 | L74: 0 | N74: =_xll.meLWOSwapCreateFromGenerator("EUR12M_"&G74,H74,I74,J74,B74,D74,K74,L74) -> EUR12M_8Y:1 | O74: EURYC | P74: =_xll.meLWOSwapParRate(N74,O74) -> -5e-05 | R74: ='EUR SWAP 12M'!I12 -> 8Y | S74: ='EUR SWAP 12M'!J12 -> -5e-05 | T74: =ABS(P74-S74)*100000 -> 4.880265e-11
B75: =_xll.meDateFromTenor(AsOfDate,F75,"MOD_FOLLOWING",$C75,"") -> 43991 | C75: =C74 -> TGT | D75: =_xll.meDateFromTenor(B75,G75,) -> 47278 | F75: 2D | G75: =R75 -> 9Y | H75: =Template.Swap.EUR.12M -> EUR_SWAP_12ML:1 | I75: PAY | J75: 1000000 | K75: 0 | L75: 0 | N75: =_xll.meLWOSwapCreateFromGenerator("EUR12M_"&G75,H75,I75,J75,B75,D75,K75,L75) -> EUR12M_9Y:1 | O75: EURYC | P75: =_xll.meLWOSwapParRate(N75,O75) -> 0.00045 | R75: ='EUR SWAP 12M'!I13 -> 9Y | S75: ='EUR SWAP 12M'!J13 -> 0.00045 | T75: =ABS(P75-S75)*100000 -> 1.8062808e-11
B76: =_xll.meDateFromTenor(AsOfDate,F76,"MOD_FOLLOWING",$C76,"") -> 43991 | C76: =C75 -> TGT | D76: =_xll.meDateFromTenor(B76,G76,) -> 47643 | F76: 2D | G76: =R76 -> 10Y | H76: =Template.Swap.EUR.12M -> EUR_SWAP_12ML:1 | I76: PAY | J76: 1000000 | K76: 0 | L76: 0 | N76: =_xll.meLWOSwapCreateFromGenerator("EUR12M_"&G76,H76,I76,J76,B76,D76,K76,L76) -> EUR12M_10Y:1 | O76: EURYC | P76: =_xll.meLWOSwapParRate(N76,O76) -> 0.00093 | R76: ='EUR SWAP 12M'!I14 -> 10Y | S76: ='EUR SWAP 12M'!J14 -> 0.00093 | T76: =ABS(P76-S76)*100000 -> 2.4908461e-10
B77: =_xll.meDateFromTenor(AsOfDate,F77,"MOD_FOLLOWING",$C77,"") -> 43991 | C77: =C76 -> TGT | D77: =_xll.meDateFromTenor(B77,G77,) -> 48008 | F77: 2D | G77: =R77 -> 11Y | H77: =Template.Swap.EUR.12M -> EUR_SWAP_12ML:1 | I77: PAY | J77: 1000000 | K77: 0 | L77: 0 | N77: =_xll.meLWOSwapCreateFromGenerator("EUR12M_"&G77,H77,I77,J77,B77,D77,K77,L77) -> EUR12M_11Y:1 | O77: EURYC | P77: =_xll.meLWOSwapParRate(N77,O77) -> 0.00138 | R77: ='EUR SWAP 12M'!I15 -> 11Y | S77: ='EUR SWAP 12M'!J15 -> 0.00138 | T77: =ABS(P77-S77)*100000 -> 3.7123082e-10
B78: =_xll.meDateFromTenor(AsOfDate,F78,"MOD_FOLLOWING",$C78,"") -> 43991 | C78: =C77 -> TGT | D78: =_xll.meDateFromTenor(B78,G78,) -> 48374 | F78: 2D | G78: =R78 -> 12Y | H78: =Template.Swap.EUR.12M -> EUR_SWAP_12ML:1 | I78: PAY | J78: 1000000 | K78: 0 | L78: 0 | N78: =_xll.meLWOSwapCreateFromGenerator("EUR12M_"&G78,H78,I78,J78,B78,D78,K78,L78) -> EUR12M_12Y:1 | O78: EURYC | P78: =_xll.meLWOSwapParRate(N78,O78) -> 0.00183 | R78: ='EUR SWAP 12M'!I16 -> 12Y | S78: ='EUR SWAP 12M'!J16 -> 0.00183 | T78: =ABS(P78-S78)*100000 -> 3.4297652e-10
B79: =_xll.meDateFromTenor(AsOfDate,F79,"MOD_FOLLOWING",$C79,"") -> 43991 | C79: =C78 -> TGT | D79: =_xll.meDateFromTenor(B79,G79,) -> 49469 | F79: 2D | G79: =R79 -> 15Y | H79: =Template.Swap.EUR.12M -> EUR_SWAP_12ML:1 | I79: PAY | J79: 1000000 | K79: 0 | L79: 0 | N79: =_xll.meLWOSwapCreateFromGenerator("EUR12M_"&G79,H79,I79,J79,B79,D79,K79,L79) -> EUR12M_15Y:1 | O79: EURYC | P79: =_xll.meLWOSwapParRate(N79,O79) -> 0.00292 | R79: ='EUR SWAP 12M'!I17 -> 15Y | S79: ='EUR SWAP 12M'!J17 -> 0.00292 | T79: =ABS(P79-S79)*100000 -> 5.0710304e-10
B80: =_xll.meDateFromTenor(AsOfDate,F80,"MOD_FOLLOWING",$C80,"") -> 43991 | C80: =C79 -> TGT | D80: =_xll.meDateFromTenor(B80,G80,) -> 51296 | F80: 2D | G80: =R80 -> 20Y | H80: =Template.Swap.EUR.12M -> EUR_SWAP_12ML:1 | I80: PAY | J80: 1000000 | K80: 0 | L80: 0 | N80: =_xll.meLWOSwapCreateFromGenerator("EUR12M_"&G80,H80,I80,J80,B80,D80,K80,L80) -> EUR12M_20Y:1 | O80: EURYC | P80: =_xll.meLWOSwapParRate(N80,O80) -> 0.00379 | R80: ='EUR SWAP 12M'!I18 -> 20Y | S80: ='EUR SWAP 12M'!J18 -> 0.00379 | T80: =ABS(P80-S80)*100000 -> 4.9639112e-10
... B82: =_xll.meDateFromTenor(AsOfDate,F82,"MOD_FOLLOWING",$C82,"") -> 43991 | C82: =C81 -> TGT | D82: =_xll.meDateFromTenor(B82,G82,) -> 54948 | F82: 2D | G82: =R82 -> 30Y | H82: =Template.Swap.EUR.12M -> EUR_SWAP_12ML:1 | I82: PAY | J82: 1000000 | K82: 0 | L82: 0 | N82: =_xll.meLWOSwapCreateFromGenerator("EUR12M_"&G82,H82,I82,J82,B82,D82,K82,L82) -> EUR12M_30Y:1 | O82: EURYC | P82: =_xll.meLWOSwapParRate(N82,O82) -> 0.00363 | R82: ='EUR SWAP 12M'!I20 -> 30Y | S82: ='EUR SWAP 12M'!J20 -> 0.00363 | T82: =ABS(P82-S82)*100000 -> 4.7691885e-10
