Workbook
Name isEURCurveLoaded: 'EUR GLOBAL CURVE'!$D$9
Name isUSDCurveLoaded: 'USD GLOBAL CURVE'!$D$9
Name USDCurve.AsOfDate: 'USD GLOBAL CURVE'!$I$9
Name Xccy.Deal.CurveCollection: PRICING!$V$45:$W$47
Name Xccy.Deal.Properties: PRICING!$V$39:$W$41
Name Xccy.Deal2: PRICING!$Z$6:$AB$35
Name Xccy.FXSpotRate: PRICING!$V$13
Name Xccy.Leg1Curve: PRICING!$V$11
Name Xccy.Leg2Curve: PRICING!$V$12
Name Xccy.ValuationSettings: PRICING!$U$11:$V$13

Sheet USD GLOBAL CURVE
C4: GLOBAL CURVE ENGINE | H4: MARKETDATAPROPERTIES | N4: OIS | T4: LIBOROISBASISSPREADS
C5: Key | D5: Value | H5: Key | I5: Value | N5: Term | O5: Rate | P5: StartDate | Q5: EndDate | R5: Use | T5: Term | U5: Rate
C6: CurveName | D6: USD_CURVE | H6: Currency | I6: USD | N6: ON | O6: 0.0191 | R6: TRUE | T6: 1Y | U6: 0.00275
C7: CurveCollection | D7: USDYC | H7: CurveType | I7: OIS | N7: 1W | O7: 0.019123 | R7: TRUE | T7: 2Y | U7: 0.002875
C8: CurveObject | D8: =_xll.meLWOCurveEngineCalibrate(D6,D7,C12:D15,D20,D26,D21,D27) -> USD_CURVE@6:1 | H8: CurveIndexFrequency | I8: DAILY | N8: 2W | O8: 0.019126 | R8: TRUE | T8: 3Y | U8: 0.00296875
C9: isCurveLoaded | D9: =LEFT(D8,3)=LEFT(D6,3) -> TRUE | H9: AsOfDate | I9: 43579 | N9: 3W | O9: 0.01912 | R9: TRUE | T9: 4Y | U9: 0.0030625
N10: 1M | O10: 0.0191 | R10: TRUE | T10: 5Y | U10: 0.003125
C11: CURVE ENGINE PARAMETERS | N11: 2M | O11: 0.0199 | R11: TRUE | T11: 7Y | U11: 0.00318125
C12: FastRebuild | D12: TRUE | H12: Create Market Data Handle | N12: 3M | O12: 0.020475 | R12: TRUE | T12: 10Y | U12: 0.003375
C13: Epsilon | D13: 1e-09 | H13: Handle Name | I13: USD_OIS_MARKETDATA | N13: 4M | O13: 0.02071 | R13: TRUE | T13: 12Y | U13: 0.003463
C14: GradientEpsilon | D14: 1e-15 | H14: Market Data Handle | I14: =_xll.meLWOCurveMarketDataCreate(I13,H4,H6:I9,N4,N6:R20,T4,T6:U20) -> USD_OIS_MARKETDATA@4:0 | N14: 5M | O14: 0.021219 | R14: TRUE | T14: 15Y | U14: 0.0035875
C15: Delta | D15: 1e-10 | N15: 6M | O15: 0.021611 | R15: TRUE | T15: 20Y | U15: 0.0037625
N16: 9M | O16: 0.022533 | R16: TRUE | T16: 25Y | U16: 0.00385
T17: 30Y | U17: 0.00395
T18: 40Y | U18: 0.00395
C19: CURVE GENERATORS | T19: 50Y | U19: 0.00395
C20: OIS | D20: USD_OIS | T20: 51Y | U20: 0.00395 | V20: Extrapolation Point
C21: 3ML | D21: USD_SWAP_3M
C25: CURVE MARKET DATA | H25: MARKETDATAPROPERTIES | K25: LIBORFIXINGS | N25: FUTURES | T25: SWAPS
C26: OIS | D26: =I14 -> USD_OIS_MARKETDATA@4:0 | H26: Key | I26: Value | K26: Term | L26: Rate | N26: Term | O26: StartDate | P26: EndDate | Q26: Rate | R26: Volatility | T26: Term | U26: Rate | V26: Use
C27: 3ML | D27: =I35 -> USD_3M_MARKETDATA@5:0 | H27: Currency | I27: USD | K27: 3M | L27: 0.0231175 | N27: ED1 Comdty | O27: =_xll.meDateIMMNext(I30) -> 43635 | P27: =_xll.meDateIMMNext(O27) -> 43726 | Q27: 97.64 | R27: 0.0145 | T27: 4Y | U27: 0.02868 | V27: TRUE
H28: CurveType | I28: SWAP | N28: ED2 Comdty | O28: =P27 -> 43726 | P28: =_xll.meDateIMMNext(O28) -> 43817 | Q28: 97.39 | R28: 0.0145 | T28: 5Y | U28: 0.028729 | V28: TRUE
H29: CurveIndexFrequency | I29: QUARTERLY | N29: ED3 Comdty | O29: =P28 -> 43817 | P29: =_xll.meDateIMMNext(O29) -> 43908 | Q29: 97.25 | R29: 0.0145 | T29: 7Y | U29: 0.02891 | V29: TRUE
H30: AsOfDate | I30: =USDCurve.AsOfDate -> 43579 | N30: ED4 Comdty | O30: =P29 -> 43908 | P30: =_xll.meDateIMMNext(O30) -> 43999 | Q30: 97.14 | R30: 0.0145 | T30: 8Y | U30: 0.029014 | V30: TRUE
N31: ED5 Comdty | O31: =P30 -> 43999 | P31: =_xll.meDateIMMNext(O31) -> 44090 | Q31: 97.075 | R31: 0.0145 | T31: 9Y | U31: 0.029145 | V31: TRUE
N32: ED6 Comdty | O32: =P31 -> 44090 | P32: =_xll.meDateIMMNext(O32) -> 44181 | Q32: 97.04 | R32: 0.0145 | T32: 10Y | U32: 0.02928 | V32: TRUE
H33: Create Market Data Handle | N33: ED7 Comdty | O33: =P32 -> 44181 | P33: =_xll.meDateIMMNext(O33) -> 44272 | Q33: 97.035 | R33: 0.0145 | T33: 12Y | U33: 0.029523 | V33: TRUE
H34: Handle Name | I34: USD_3M_MARKETDATA | N34: ED8 Comdty | O34: =P33 -> 44272 | P34: =_xll.meDateIMMNext(O34) -> 44363 | Q34: 97.03 | R34: 0.0145 | T34: 15Y | U34: 0.029728 | V34: TRUE
H35: Market Data Handle | I35: =_xll.meLWOCurveMarketDataCreate(I34,H25,H27:I31,K25,K27:L31,N25,N27:R40,T25,T27:V40) -> USD_3M_MARKETDATA@5:0 | N35: ED9 Comdty | O35: =P34 -> 44363 | P35: =_xll.meDateIMMNext(O35) -> 44454 | Q35: 97.025 | R35: 0.0145 | T35: 20Y | U35: 0.029833 | V35: TRUE
N36: ED10 Comdty | O36: =P35 -> 44454 | P36: =_xll.meDateIMMNext(O36) -> 44545 | Q36: 97.02 | R36: 0.0145 | T36: 25Y | U36: 0.02975 | V36: TRUE
N37: ED11 Comdty | O37: =P36 -> 44545 | P37: =_xll.meDateIMMNext(O37) -> 44636 | Q37: 97.015 | R37: 0.0145 | T37: 30Y | U37: 0.029618 | V37: TRUE
N38: ED12 Comdty | O38: =P37 -> 44636 | P38: =_xll.meDateIMMNext(O38) -> 44727 | Q38: 97.01 | R38: 0.0145 | T38: 40Y | U38: 0.029618 | V38: TRUE
T39: 50Y | U39: 0.029618 | V39: TRUE
T40: 51Y | U40: =U39 -> 0.029618 | V40: TRUE | W40: Extrapolation Point

Sheet EUR GLOBAL CURVE
C4: GLOBAL CURVE ENGINE | H4: MARKETDATAPROPERTIES | N4: OIS | T4: LIBOROISBASISSPREADS
C5: Key | D5: Value | H5: Key | I5: Value | N5: Term | O5: Rate | P5: StartDate | Q5: EndDate | R5: Use | T5: Term | U5: Rate
C6: CurveName | D6: EUR_CURVE | H6: Currency | I6: EUR | N6: ON | O6: -0.00369 | R6: TRUE | T6: 1Y | U6: 0.00058
C7: CurveCollection | D7: EURYC | H7: CurveType | I7: OIS | N7: ECB1 | O7: -0.00365 | P7: 43628 | Q7: 43676 | R7: TRUE | T7: 2Y | U7: 0.0006
C8: CurveObject | D8: =_xll.meLWOCurveEngineCalibrate(D6,D7,C12:D15,D20,D26,D21,D27) -> EUR_CURVE@3:44 | H8: CurveIndexFrequency | I8: DAILY | N8: ECB2 | O8: -0.00366 | P8: 43677 | Q8: 43725 | R8: TRUE | T8: 3Y | U8: 0.0007
C9: isCurveLoaded | D9: =LEFT(D8,3)=LEFT(D6,3) -> TRUE | H9: AsOfDate | I9: =USDCurve.AsOfDate -> 43579 | N9: ECB3 | O9: -0.00369 | P9: 43726 | Q9: 43767 | R9: TRUE | T9: 4Y | U9: 0.00084
N10: ECB4 | O10: -0.00372 | P10: 43768 | Q10: 43816 | R10: TRUE | T10: 5Y | U10: 0.0009
C11: CURVE ENGINE PARAMETERS | T11: 7Y | U11: 0.00094
C12: FastRebuild | D12: TRUE | H12: Create Market Data Handle | T12: 10Y | U12: 0.00096
C13: Epsilon | D13: 1e-09 | H13: Handle Name | I13: EUR_OIS_MARKETDATA | T13: 12Y | U13: 0.00096
C14: GradientEpsilon | D14: 1e-15 | H14: Market Data Handle | I14: =_xll.meLWOCurveMarketDataCreate(I13,H4,H6:I9,N4,N6:R20,T4,T6:U20) -> EUR_OIS_MARKETDATA@2:48 | T14: 15Y | U14: 0.00095
C15: Delta | D15: 1e-10 | T15: 20Y | U15: 0.00092
T16: 25Y | U16: 0.00088
T17: 30Y | U17: 0.00085
T18: 40Y | U18: 0.00079
C19: CURVE GENERATORS | T19: 50Y | U19: 0.00073
C20: OIS | D20: EUR_OIS | T20: 51Y | U20: 0.00073 | V20: Extrapolation Point
C21: 3ML | D21: EUR_SWAP_3M
C25: CURVE MARKET DATA | H25: MARKETDATAPROPERTIES | K25: LIBORFIXINGS | N25: FUTURES | T25: SWAPS
C26: OIS | D26: =I14 -> EUR_OIS_MARKETDATA@2:48 | H26: Key | I26: Value | K26: Term | L26: Rate | N26: Term | O26: StartDate | P26: EndDate | Q26: Rate | R26: Volatility | T26: Term | U26: Rate | V26: Use
C27: 3ML | D27: =I35 -> EUR_3M_MARKETDATA@1:48 | H27: Currency | I27: EUR | K27: 3M | L27: -0.0034757 | N27: ER1 | O27: 43635 | P27: 43726 | Q27: 100.31 | R27: 0.004 | T27: 4Y | U27: -0.00175 | V27: TRUE
H28: CurveType | I28: SWAP | N28: ER2 | O28: 43726 | P28: 43817 | Q28: 100.31 | R28: 0.004 | T28: 5Y | U28: -0.00065 | V28: TRUE
H29: CurveIndexFrequency | I29: QUARTERLY | N29: ER3 | O29: 43817 | P29: 43908 | Q29: 100.305 | R29: 0.004 | T29: 6Y | U29: 0.0003 | V29: TRUE
H30: AsOfDate | I30: =USDCurve.AsOfDate -> 43579 | N30: ER4 | O30: 43908 | P30: 43999 | Q30: 100.3 | R30: 0.004 | T30: 7Y | U30: 0.00128 | V30: TRUE
N31: ER5 | O31: 43999 | P31: 44090 | Q31: 100.3 | R31: 0.004 | T31: 8Y | U31: 0.00229 | V31: TRUE
N32: ER6 | O32: 44090 | P32: 44181 | Q32: 100.3 | R32: 0.004 | T32: 9Y | U32: 0.00326 | V32: TRUE
H33: Create Market Data Handle | N33: ER7 | O33: 44181 | P33: 44272 | Q33: 100.3 | R33: 0.004 | T33: 10Y | U33: 0.00418 | V33: TRUE
H34: Handle Name | I34: EUR_3M_MARKETDATA | N34: ER8 | O34: 44272 | P34: 44363 | Q34: 100.3 | R34: 0.004 | T34: 15Y | U34: 0.00776 | V34: TRUE
H35: Market Data Handle | I35: =_xll.meLWOCurveMarketDataCreate(I34,H25,H27:I31,K25,K27:L31,N25,N27:R40,T25,T27:V40) -> EUR_3M_MARKETDATA@1:48 | N35: ER9 | O35: 44363 | P35: 44454 | Q35: 100.275 | R35: 0.004 | T35: 20Y | U35: 0.00957 | V35: TRUE
N36: ER10 | O36: 44454 | P36: 44545 | Q36: 100.25 | R36: 0.004 | T36: 25Y | U36: 0.01027 | V36: TRUE
N37: ER11 | O37: 44545 | P37: 44636 | Q37: 100.18 | R37: 0.004 | T37: 30Y | U37: 0.01047 | V37: TRUE
N38: ER12 | O38: 44636 | P38: 44727 | Q38: 100.145 | R38: 0.004 | T38: 40Y | U38: 0.01045 | V38: TRUE
T39: 50Y | U39: 0.01027 | V39: TRUE
T40: 51Y | U40: =U39 -> 0.01027 | V40: TRUE | W40: Extrapolation Point

Sheet EUR XCCY CURVE
B2: MARKETDATAPROPERTIES | E2: FXSPOTS | I2: XCCYSWAPS
B3: Currency | C3: EUR | E3: Ccy1 | F3: Ccy2 | G3: Rate | I3: Term | J3: Rate
B4: CurveType | C4: XCCYBASIS | E4: EUR | F4: USD | G4: 1.1202 | I4: 1Y | J4: -0.00145
B5: CurveIndexFrequency | C5: QUARTERLY | I5: 2Y | J5: -0.00135
B6: AsOfDate | C6: =USDCurve.AsOfDate -> 43579 | I6: 3Y | J6: -0.0013625
E7: FXFWDS | I7: 4Y | J7: -0.001425
B8: CREATE MARKET DATA HANDLE | E8: Term | F8: Rate | I8: 5Y | J8: -0.0014875
B9: Handle Name | C9: EUR_XCCYBASIS_MARKETDATA | E9: ON | F9: 0.947 | I9: 6Y | J9: -0.00155
B10: Market Data Handle | C10: =_xll.meLWOCurveMarketDataCreate(C9,B2,B3:C6,E2,E3:G4,E7,E9:F23,I2,I4:J23) -> EUR_XCCYBASIS_MARKETDATA@23:2 | E10: TN | F10: 0.979 | I10: 7Y | J10: -0.0016
E11: 1W | F11: 6.78 | I11: 8Y | J11: -0.0016125
E12: 2W | F12: 13.42 | I12: 9Y | J12: -0.0016
B13: CURVE DICTIONARY | E13: 3W | F13: 20.04 | I13: 10Y | J13: -0.0015875
B14: HandleName | C14: EUR_XCCY_CURVE | E14: 1M | F14: 30.36 | I14: 12Y | J14: -0.001525
B15: CurveGenerator | C15: EUR_XCCY | E15: 2M | F15: 57.55 | I15: 15Y | J15: -0.0013375
B16: DomesticCurve | C16: EURYC | E16: 3M | F16: 86.39 | I16: 20Y | J16: -0.0008375
B17: ForeignCurve | C17: USDYC | E17: 4M | F17: 114.9 | I17: 25Y | J17: -0.0003875
E18: 5M | F18: 143.35 | I18: 30Y | J18: -6.25e-05
B19: CREATE CURVE HANDLE | E19: 6M | F19: 173 | I19: 40Y | J19: -6.25e-05
B20: Handle Name | C20: {=IF(AND(isUSDCurveLoaded,isEURCurveLoaded),_xll.meLWOCurveCalibrate(C14,C15,C10,C16,C17),"#LOAD DEPENDENCY CURVES")} -> EUR_XCCY_CURVE@25:2 | E20: 9M | F20: 259.48 | I20: 50Y | J20: -6.25e-05
B21: Curve Collection | C21: EURYC | I21: 51Y | J21: -6.25e-05 | K21: Extrapolation Point
B22: Curve Index | C22: XccyBasis:EURDF_USDCSA
B23: Calibration Time Taken | C23: 0.04700 sec

Sheet DISPLAY_USD_CURVE
B2: Forward Curve Display Settings | E2: CurveIndices
B3: CurveCollection | C3: USDYC | E3: USDOIS
B4: Start | C4: 0Y | E4: USD3ML
B5: End | C5: 30Y
B6: Periodicity | C6: MONTHLY
B9: {=_xll.meLWOCurveForwardRatesTable($C$3,$E$3:$E$4,C4,C5,,,,C6)} -> Fixing Dates | C9: USDOIS | D9: USD3ML
B10: 43579 | C10: 0.0191 | D10: 0.023099868
B11: 43609 | C11: 0.019177507 | D11: 0.023364353
B12: 43640 | C12: 0.021587437 | D12: 0.02373868
B13: 43670 | C13: 0.021382356 | D13: 0.024609321
B14: 43703 | C14: 0.022304149 | D14: 0.025474225
B15: 43732 | C15: 0.023560618 | D15: 0.026164374
B16: 43762 | C16: 0.023635994 | D16: 0.026621919
B17: 43794 | C17: 0.024496784 | D17: 0.027098407
B18: 43823 | C18: 0.024646517 | D18: 0.027509229
B19: 43854 | C19: 0.024095641 | D19: 0.027868479
B20: 43885 | C20: 0.023423641 | D20: 0.028227772
B21: 43914 | C21: 0.023270018 | D21: 0.028533428
... B370: 54539 | C370: 0.023834011 | D370: 0.028442046
B371: #N/A | C371: #N/A | D371: #N/A
B372: #N/A | C372: #N/A | D372: #N/A
B373: #N/A | C373: #N/A | D373: #N/A
B374: #N/A | C374: #N/A | D374: #N/A
B375: #N/A | C375: #N/A | D375: #N/A
B376: #N/A | C376: #N/A | D376: #N/A
B377: #N/A | C377: #N/A | D377: #N/A
B378: #N/A | C378: #N/A | D378: #N/A
B379: #N/A | C379: #N/A | D379: #N/A
B380: #N/A | C380: #N/A | D380: #N/A
B381: #N/A | C381: #N/A | D381: #N/A
B382: #N/A | C382: #N/A | D382: #N/A
... B501: #N/A | C501: #N/A | D501: #N/A

Sheet DISPLAY_EUR_CURVE
B2: Forward Curve Display Settings | E2: CurveIndices
B3: CurveCollection | C3: EURYC | E3: EUROIS
B4: Start | C4: 0Y | E4: EUR3ML
B5: End | C5: 30Y
B6: Periodicity | C6: MONTHLY
B9: {=_xll.meLWOCurveForwardRatesTable($C$3,$E$3:$E$4,C4,C5,,,,C6)} -> Fixing Dates | C9: EUROIS | D9: EUR3ML
B10: 43579 | C10: -0.00369 | D10: -0.0034895967
B11: 43609 | C11: -0.00365 | D11: -0.0032811462
B12: 43640 | C12: -0.00365 | D12: -0.0031005359
B13: 43670 | C13: -0.00365 | D13: -0.0031008171
B14: 43703 | C14: -0.00366 | D14: -0.0031015414
B15: 43732 | C15: -0.00369 | D15: -0.0030988894
B16: 43762 | C16: -0.00369 | D16: -0.0030830112
B17: 43794 | C17: -0.00372 | D17: -0.0030664522
B18: 43823 | C18: -0.0037624211 | D18: -0.00305152
B19: 43854 | C19: -0.0038921558 | D19: -0.0030356627
B20: 43885 | C20: -0.0039494789 | D20: -0.0030198053
B21: 43914 | C21: -0.0039455067 | D21: -0.0030083274
... B370: 54539 | C370: 0.010257188 | D370: 0.010915406
B371: #N/A | C371: #N/A | D371: #N/A
B372: #N/A | C372: #N/A | D372: #N/A
B373: #N/A | C373: #N/A | D373: #N/A
B374: #N/A | C374: #N/A | D374: #N/A
B375: #N/A | C375: #N/A | D375: #N/A
B376: #N/A | C376: #N/A | D376: #N/A
B377: #N/A | C377: #N/A | D377: #N/A
B378: #N/A | C378: #N/A | D378: #N/A
B379: #N/A | C379: #N/A | D379: #N/A
B380: #N/A | C380: #N/A | D380: #N/A
B381: #N/A | C381: #N/A | D381: #N/A
B382: #N/A | C382: #N/A | D382: #N/A
... B501: #N/A | C501: #N/A | D501: #N/A

Sheet PRICING
B2: Trade Dates | F2: XCCY: EURDF_USDCSA | N2: Trade Booking & Pricing | Q2: Curve Calibration Check
D3: Unadjusted Date ! | H3: Swap Template
B4: EffectiveDate | C4: Calendar | D4: MaturityDate | F4: EffectiveDate | G4: Maturity | H4: Generator | I4: PayRec | J4: Notional | K4: Leg 1 Spread | L4: Leg 2 Spread | N4: CreateSwap | O4: Spread | Q4: Term | R4: Rate | S4: +/- Bps | U4: Xccy Properties
B5: =_xll.meDateFromTenor(USDCurve.AsOfDate,F5,"MOD_FOLLOWING",$C5,"") -> 43581 | C5: =VLOOKUP("PAYMENTCALENDAR",_xll.meLWOSwapGeneratorDisplay($H5),2,FALSE) -> LNB:NYB:TGT | D5: =_xll.meDateFromTenor(B5,G5,) -> 43947 | F5: 2D | G5: 1Y | H5: EUR_XCCY | I5: PAY | J5: 1000000 | K5: 0 | L5: 0 | M5: 1 | N5: =_xll.meLWOXccySwapCreateFromGenerator("XccySwap_"&G5&"_"&M5,H5,I5,J5,B5,D5,K5,L5,,,,,$V$6,$V$13,$V$5,$V$7) -> XCCYSWAP_1Y_1@14:3 | O5: =_xll.meLWOXccySwapParSpread(N5,Xccy.ValuationSettings)/10000 -> -0.00145 | Q5: ='EUR XCCY CURVE'!I4 -> 1Y | R5: ='EUR XCCY CURVE'!J4 -> -0.00145 | S5: =ABS(O5-R5)*10000 -> 3.9464959e-13 | U5: MTM | V5: TRUE
B6: =_xll.meDateFromTenor(USDCurve.AsOfDate,F6,"MOD_FOLLOWING",$C6,"") -> 43581 | C6: =C5 -> LNB:NYB:TGT | D6: =_xll.meDateFromTenor(B6,G6,) -> 44312 | F6: 2D | G6: 2Y | H6: EUR_XCCY | I6: PAY | J6: 1000000 | K6: 0 | L6: 0 | M6: 2 | N6: =_xll.meLWOXccySwapCreateFromGenerator("XccySwap_"&G6&"_"&M6,H6,I6,J6,B6,D6,K6,L6,,,,,$V$6,$V$13,$V$5,$V$7) -> XCCYSWAP_2Y_2@12:3 | O6: =_xll.meLWOXccySwapParSpread(N6,Xccy.ValuationSettings)/10000 -> -0.00135 | Q6: ='EUR XCCY CURVE'!I5 -> 2Y | R6: ='EUR XCCY CURVE'!J5 -> -0.00135 | S6: =ABS(O6-R6)*10000 -> 3.2092384e-13 | U6: ValuationCurrency | V6: USD
B7: =_xll.meDateFromTenor(USDCurve.AsOfDate,F7,"MOD_FOLLOWING",$C7,"") -> 43581 | C7: =C6 -> LNB:NYB:TGT | D7: =_xll.meDateFromTenor(B7,G7,) -> 44677 | F7: 2D | G7: 3Y | H7: EUR_XCCY | I7: PAY | J7: 1000000 | K7: 0 | L7: 0 | M7: 3 | N7: =_xll.meLWOXccySwapCreateFromGenerator("XccySwap_"&G7&"_"&M7,H7,I7,J7,B7,D7,K7,L7,,,,,$V$6,$V$13,$V$5,$V$7) -> XCCYSWAP_3Y_3@13:3 | O7: =_xll.meLWOXccySwapParSpread(N7,Xccy.ValuationSettings)/10000 -> -0.0013625 | Q7: ='EUR XCCY CURVE'!I6 -> 3Y | R7: ='EUR XCCY CURVE'!J6 -> -0.0013625 | S7: =ABS(O7-R7)*10000 -> 2.9056618e-13 | U7: NotionalFxResetLeg | V7: Leg2:Float
B8: =_xll.meDateFromTenor(USDCurve.AsOfDate,F8,"MOD_FOLLOWING",$C8,"") -> 43581 | C8: =C7 -> LNB:NYB:TGT | D8: =_xll.meDateFromTenor(B8,G8,) -> 45042 | F8: 2D | G8: 4Y | H8: EUR_XCCY | I8: PAY | J8: 1000000 | K8: 0 | L8: 0 | M8: 4 | N8: =_xll.meLWOXccySwapCreateFromGenerator("XccySwap_"&G8&"_"&M8,H8,I8,J8,B8,D8,K8,L8,,,,,$V$6,$V$13,$V$5,$V$7) -> XCCYSWAP_4Y_4@20:3 | O8: =_xll.meLWOXccySwapParSpread(N8,Xccy.ValuationSettings)/10000 -> -0.001425 | Q8: ='EUR XCCY CURVE'!I7 -> 4Y | R8: ='EUR XCCY CURVE'!J7 -> -0.001425 | S8: =ABS(O8-R8)*10000 -> 1.2858638e-12
B9: =_xll.meDateFromTenor(USDCurve.AsOfDate,F9,"MOD_FOLLOWING",$C9,"") -> 43581 | C9: =C8 -> LNB:NYB:TGT | D9: =_xll.meDateFromTenor(B9,G9,) -> 45408 | F9: 2D | G9: 5Y | H9: EUR_XCCY | I9: PAY | J9: 1000000 | K9: 0 | L9: 0 | M9: 5 | N9: =_xll.meLWOXccySwapCreateFromGenerator("XccySwap_"&G9&"_"&M9,H9,I9,J9,B9,D9,K9,L9,,,,,$V$6,$V$13,$V$5,$V$7) -> XCCYSWAP_5Y_5@21:3 | O9: =_xll.meLWOXccySwapParSpread(N9,Xccy.ValuationSettings)/10000 -> -0.0014875 | Q9: ='EUR XCCY CURVE'!I8 -> 5Y | R9: ='EUR XCCY CURVE'!J8 -> -0.0014875 | S9: =ABS(O9-R9)*10000 -> 2.1141942e-12
B10: =_xll.meDateFromTenor(USDCurve.AsOfDate,F10,"MOD_FOLLOWING",$C10,"") -> 43581 | C10: =C9 -> LNB:NYB:TGT | D10: =_xll.meDateFromTenor(B10,G10,) -> 45773 | F10: 2D | G10: 6Y | H10: EUR_XCCY | I10: PAY | J10: 1000000 | K10: 0 | L10: 0 | M10: 6 | N10: =_xll.meLWOXccySwapCreateFromGenerator("XccySwap_"&G10&"_"&M10,H10,I10,J10,B10,D10,K10,L10,,,,,$V$6,$V$13,$V$5,$V$7) -> XCCYSWAP_6Y_6@19:3 | O10: =_xll.meLWOXccySwapParSpread(N10,Xccy.ValuationSettings)/10000 -> -0.00155 | Q10: ='EUR XCCY CURVE'!I9 -> 6Y | R10: ='EUR XCCY CURVE'!J9 -> -0.00155 | S10: =ABS(O10-R10)*10000 -> 1.7260499e-12 | U10: Xccy Valuation Settings
B11: =_xll.meDateFromTenor(USDCurve.AsOfDate,F11,"MOD_FOLLOWING",$C11,"") -> 43581 | C11: =C10 -> LNB:NYB:TGT | D11: =_xll.meDateFromTenor(B11,G11,) -> 46138 | F11: 2D | G11: 7Y | H11: EUR_XCCY | I11: PAY | J11: 1000000 | K11: 0 | L11: 0 | M11: 7 | N11: =_xll.meLWOXccySwapCreateFromGenerator("XccySwap_"&G11&"_"&M11,H11,I11,J11,B11,D11,K11,L11,,,,,$V$6,$V$13,$V$5,$V$7) -> XCCYSWAP_7Y_7@18:3 | O11: =_xll.meLWOXccySwapParSpread(N11,Xccy.ValuationSettings)/10000 -> -0.0016 | Q11: ='EUR XCCY CURVE'!I10 -> 7Y | R11: ='EUR XCCY CURVE'!J10 -> -0.0016 | S11: =ABS(O11-R11)*10000 -> 1.5547459e-12 | U11: Leg1:Float | V11: EURYC
B12: =_xll.meDateFromTenor(USDCurve.AsOfDate,F12,"MOD_FOLLOWING",$C12,"") -> 43581 | C12: =C11 -> LNB:NYB:TGT | D12: =_xll.meDateFromTenor(B12,G12,) -> 46503 | F12: 2D | G12: 8Y | H12: EUR_XCCY | I12: PAY | J12: 1000000 | K12: 0 | L12: 0 | M12: 8 | N12: =_xll.meLWOXccySwapCreateFromGenerator("XccySwap_"&G12&"_"&M12,H12,I12,J12,B12,D12,K12,L12,,,,,$V$6,$V$13,$V$5,$V$7) -> XCCYSWAP_8Y_8@22:3 | O12: =_xll.meLWOXccySwapParSpread(N12,Xccy.ValuationSettings)/10000 -> -0.0016125 | Q12: ='EUR XCCY CURVE'!I11 -> 8Y | R12: ='EUR XCCY CURVE'!J11 -> -0.0016125 | S12: =ABS(O12-R12)*10000 -> 1.598114e-12 | U12: Leg2:Float | V12: USDYC
B13: =_xll.meDateFromTenor(USDCurve.AsOfDate,F13,"MOD_FOLLOWING",$C13,"") -> 43581 | C13: =C12 -> LNB:NYB:TGT | D13: =_xll.meDateFromTenor(B13,G13,) -> 46869 | F13: 2D | G13: 9Y | H13: EUR_XCCY | I13: PAY | J13: 1000000 | K13: 0 | L13: 0 | M13: 9 | N13: =_xll.meLWOXccySwapCreateFromGenerator("XccySwap_"&G13&"_"&M13,H13,I13,J13,B13,D13,K13,L13,,,,,$V$6,$V$13,$V$5,$V$7) -> XCCYSWAP_9Y_9@17:3 | O13: =_xll.meLWOXccySwapParSpread(N13,Xccy.ValuationSettings)/10000 -> -0.0016 | Q13: ='EUR XCCY CURVE'!I12 -> 9Y | R13: ='EUR XCCY CURVE'!J12 -> -0.0016 | S13: =ABS(O13-R13)*10000 -> 1.3509159e-12 | U13: FXSPOT | V13: 1.1202 | W13: EUR/USD
B14: =_xll.meDateFromTenor(USDCurve.AsOfDate,F14,"MOD_FOLLOWING",$C14,"") -> 43581 | C14: =C13 -> LNB:NYB:TGT | D14: =_xll.meDateFromTenor(B14,G14,) -> 47234 | F14: 2D | G14: 10Y | H14: EUR_XCCY | I14: PAY | J14: 1000000 | K14: 0 | L14: 0 | M14: 10 | N14: =_xll.meLWOXccySwapCreateFromGenerator("XccySwap_"&G14&"_"&M14,H14,I14,J14,B14,D14,K14,L14,,,,,$V$6,$V$13,$V$5,$V$7) -> XCCYSWAP_10Y_10@16:3 | O14: =_xll.meLWOXccySwapParSpread(N14,Xccy.ValuationSettings)/10000 -> -0.0015875 | Q14: ='EUR XCCY CURVE'!I13 -> 10Y | R14: ='EUR XCCY CURVE'!J13 -> -0.0015875 | S14: =ABS(O14-R14)*10000 -> 7.3942588e-13
B15: =_xll.meDateFromTenor(USDCurve.AsOfDate,F15,"MOD_FOLLOWING",$C15,"") -> 43581 | C15: =C14 -> LNB:NYB:TGT | D15: =_xll.meDateFromTenor(B15,G15,) -> 47964 | F15: 2D | G15: 12Y | H15: EUR_XCCY | I15: PAY | J15: 1000000 | K15: 0 | L15: 0 | M15: 11 | N15: =_xll.meLWOXccySwapCreateFromGenerator("XccySwap_"&G15&"_"&M15,H15,I15,J15,B15,D15,K15,L15,,,,,$V$6,$V$13,$V$5,$V$7) -> XCCYSWAP_12Y_11@15:3 | O15: =_xll.meLWOXccySwapParSpread(N15,Xccy.ValuationSettings)/10000 -> -0.001525 | Q15: ='EUR XCCY CURVE'!I14 -> 12Y | R15: ='EUR XCCY CURVE'!J14 -> -0.001525 | S15: =ABS(O15-R15)*10000 -> 2.0599841e-12
B16: =_xll.meDateFromTenor(USDCurve.AsOfDate,F16,"MOD_FOLLOWING",$C16,"") -> 43581 | C16: =C15 -> LNB:NYB:TGT | D16: =_xll.meDateFromTenor(B16,G16,) -> 49060 | F16: 2D | G16: 15Y | H16: EUR_XCCY | I16: PAY | J16: 1000000 | K16: 0 | L16: 0 | M16: 12 | N16: =_xll.meLWOXccySwapCreateFromGenerator("XccySwap_"&G16&"_"&M16,H16,I16,J16,B16,D16,K16,L16,,,,,$V$6,$V$13,$V$5,$V$7) -> XCCYSWAP_15Y_12@7:3 | O16: =_xll.meLWOXccySwapParSpread(N16,Xccy.ValuationSettings)/10000 -> -0.0013375 | Q16: ='EUR XCCY CURVE'!I15 -> 15Y | R16: ='EUR XCCY CURVE'!J15 -> -0.0013375 | S16: =ABS(O16-R16)*10000 -> 2.4502969e-12
B17: =_xll.meDateFromTenor(USDCurve.AsOfDate,F17,"MOD_FOLLOWING",$C17,"") -> 43581 | C17: =C16 -> LNB:NYB:TGT | D17: =_xll.meDateFromTenor(B17,G17,) -> 50886 | F17: 2D | G17: 20Y | H17: EUR_XCCY | I17: PAY | J17: 1000000 | K17: 0 | L17: 0 | M17: 13 | N17: =_xll.meLWOXccySwapCreateFromGenerator("XccySwap_"&G17&"_"&M17,H17,I17,J17,B17,D17,K17,L17,,,,,$V$6,$V$13,$V$5,$V$7) -> XCCYSWAP_20Y_13@8:3 | O17: =_xll.meLWOXccySwapParSpread(N17,Xccy.ValuationSettings)/10000 -> -0.0008375 | Q17: ='EUR XCCY CURVE'!I16 -> 20Y | R17: ='EUR XCCY CURVE'!J16 -> -0.0008375 | S17: =ABS(O17-R17)*10000 -> 6.483529e-12
B18: =_xll.meDateFromTenor(USDCurve.AsOfDate,F18,"MOD_FOLLOWING",$C18,"") -> 43581 | C18: =C17 -> LNB:NYB:TGT | D18: =_xll.meDateFromTenor(B18,G18,) -> 52713 | F18: 2D | G18: 25Y | H18: EUR_XCCY | I18: PAY | J18: 1000000 | K18: 0 | L18: 0 | M18: 14 | N18: =_xll.meLWOXccySwapCreateFromGenerator("XccySwap_"&G18&"_"&M18,H18,I18,J18,B18,D18,K18,L18,,,,,$V$6,$V$13,$V$5,$V$7) -> XCCYSWAP_25Y_14@11:3 | O18: =_xll.meLWOXccySwapParSpread(N18,Xccy.ValuationSettings)/10000 -> -0.0003875 | Q18: ='EUR XCCY CURVE'!I17 -> 25Y | R18: ='EUR XCCY CURVE'!J17 -> -0.0003875 | S18: =ABS(O18-R18)*10000 -> 5.1814022e-12
B19: =_xll.meDateFromTenor(USDCurve.AsOfDate,F19,"MOD_FOLLOWING",$C19,"") -> 43581 | C19: =C18 -> LNB:NYB:TGT | D19: =_xll.meDateFromTenor(B19,G19,) -> 54539 | F19: 2D | G19: 30Y | H19: EUR_XCCY | I19: PAY | J19: 1000000 | K19: 0 | L19: 0 | M19: 15 | N19: =_xll.meLWOXccySwapCreateFromGenerator("XccySwap_"&G19&"_"&M19,H19,I19,J19,B19,D19,K19,L19,,,,,$V$6,$V$13,$V$5,$V$7) -> XCCYSWAP_30Y_15@10:2 | O19: =_xll.meLWOXccySwapParSpread(N19,Xccy.ValuationSettings)/10000 -> -6.25e-05 | Q19: ='EUR XCCY CURVE'!I18 -> 30Y | R19: ='EUR XCCY CURVE'!J18 -> -6.25e-05 | S19: =ABS(O19-R19)*10000 -> 1.6325374e-12

Sheet RISK
B2: SwapNames | C2: Leg1:Curve | D2: Leg2:Curve | E2: FX Spot Rate | F2: Tenor | G2: Include | I2: Risk
A3: 1 | B3: =IF($G3,PRICING!N5,"") | C3: =IF($G3,Xccy.Leg1Curve,"") | D3: =IF($G3,Xccy.Leg2Curve,"") | E3: =IF($G3,Xccy.FXSpotRate,"") | F3: =PRICING!$G5 -> 1Y | G3: FALSE | I3: {=_xll.meUtilityResize(_xll.meLWOSwapDeltaLadder(_xll.meUtilityClean(B3:B17),_xll.meUtilityClean(C3:D17),,_xll.meUtilityClean(E3:E17)),100,10)} -> #Error: Both forecast curve and discount curve must be consistently calibrated by either using yield curve engine or using single-curve calibration methods
A4: =A3+1 -> 2 | B4: =IF($G4,PRICING!N6,"") | C4: =IF($G4,Xccy.Leg1Curve,"") | D4: =IF($G4,Xccy.Leg2Curve,"") | E4: =IF($G4,Xccy.FXSpotRate,"") | F4: =PRICING!$G6 -> 2Y | G4: FALSE
A5: =A4+1 -> 3 | B5: =IF($G5,PRICING!N7,"") | C5: =IF($G5,Xccy.Leg1Curve,"") | D5: =IF($G5,Xccy.Leg2Curve,"") | E5: =IF($G5,Xccy.FXSpotRate,"") | F5: =PRICING!$G7 -> 3Y | G5: FALSE
A6: =A5+1 -> 4 | B6: =IF($G6,PRICING!N8,"") | C6: =IF($G6,Xccy.Leg1Curve,"") | D6: =IF($G6,Xccy.Leg2Curve,"") | E6: =IF($G6,Xccy.FXSpotRate,"") | F6: =PRICING!$G8 -> 4Y | G6: FALSE
A7: =A6+1 -> 5 | B7: =IF($G7,PRICING!N9,"") | C7: =IF($G7,Xccy.Leg1Curve,"") | D7: =IF($G7,Xccy.Leg2Curve,"") | E7: =IF($G7,Xccy.FXSpotRate,"") | F7: =PRICING!$G9 -> 5Y | G7: FALSE
A8: =A7+1 -> 6 | B8: =IF($G8,PRICING!N10,"") | C8: =IF($G8,Xccy.Leg1Curve,"") | D8: =IF($G8,Xccy.Leg2Curve,"") | E8: =IF($G8,Xccy.FXSpotRate,"") | F8: =PRICING!$G10 -> 6Y | G8: FALSE
A9: =A8+1 -> 7 | B9: =IF($G9,PRICING!N11,"") -> XCCYSWAP_7Y_7@18:3 | C9: =IF($G9,Xccy.Leg1Curve,"") -> EURYC | D9: =IF($G9,Xccy.Leg2Curve,"") -> USDYC | E9: =IF($G9,Xccy.FXSpotRate,"") -> 1.1202 | F9: =PRICING!$G11 -> 7Y | G9: TRUE
A10: =A9+1 -> 8 | B10: =IF($G10,PRICING!N12,"") | C10: =IF($G10,Xccy.Leg1Curve,"") | D10: =IF($G10,Xccy.Leg2Curve,"") | E10: =IF($G10,Xccy.FXSpotRate,"") | F10: =PRICING!$G12 -> 8Y | G10: FALSE
A11: =A10+1 -> 9 | B11: =IF($G11,PRICING!N13,"") | C11: =IF($G11,Xccy.Leg1Curve,"") | D11: =IF($G11,Xccy.Leg2Curve,"") | E11: =IF($G11,Xccy.FXSpotRate,"") | F11: =PRICING!$G13 -> 9Y | G11: FALSE
A12: =A11+1 -> 10 | B12: =IF($G12,PRICING!N14,"") | C12: =IF($G12,Xccy.Leg1Curve,"") | D12: =IF($G12,Xccy.Leg2Curve,"") | E12: =IF($G12,Xccy.FXSpotRate,"") | F12: =PRICING!$G14 -> 10Y | G12: FALSE
A13: =A12+1 -> 11 | B13: =IF($G13,PRICING!N15,"") | C13: =IF($G13,Xccy.Leg1Curve,"") | D13: =IF($G13,Xccy.Leg2Curve,"") | E13: =IF($G13,Xccy.FXSpotRate,"") | F13: =PRICING!$G15 -> 12Y | G13: FALSE
A14: =A13+1 -> 12 | B14: =IF($G14,PRICING!N16,"") | C14: =IF($G14,Xccy.Leg1Curve,"") | D14: =IF($G14,Xccy.Leg2Curve,"") | E14: =IF($G14,Xccy.FXSpotRate,"") | F14: =PRICING!$G16 -> 15Y | G14: FALSE
A15: =A14+1 -> 13 | B15: =IF($G15,PRICING!N17,"") | C15: =IF($G15,Xccy.Leg1Curve,"") | D15: =IF($G15,Xccy.Leg2Curve,"") | E15: =IF($G15,Xccy.FXSpotRate,"") | F15: =PRICING!$G17 -> 20Y | G15: FALSE
... A17: =A16+1 -> 15 | B17: =IF($G17,PRICING!N19,"") | C17: =IF($G17,Xccy.Leg1Curve,"") | D17: =IF($G17,Xccy.Leg2Curve,"") | E17: =IF($G17,Xccy.FXSpotRate,"") | F17: =PRICING!$G19 -> 30Y | G17: FALSE
