Workbook
Name BUMP_SIZE: [1]Settings!$B$6
Name CurveJacobian_DiscountFactors: [1]USD_CURVE_OIS_DF_JACOBIAN!$J$16:$P$24
Name CurveJacobian_FlatShift_DiscountFactors: [1]USD_CURVE_OIS_DF_JACOBIAN!$AF$4:$AG$11
Name Settings.COB: Settings!$C$2
Name Settings.GradientShiftSize: Settings!$C$6
Name Settings.MarketDataShiftSize: Settings!$C$5

Sheet Settings
B2: COB | C2: 43665 | E2: OIS CURVE TEMPLATE
B4: Parameters | F4: =E2 -> OIS CURVE TEMPLATE
B5: MarketDataShiftSize | C5: 0.0001 | F5: Create Template | G5: =_xll.meLWOCurveGeneratorCreate(G6,F9,F10:G21,F23,F24:G41) -> USD_OIS_CURVE_WITH_RISK@3:1
B6: GradientShiftSize | C6: 0.0001 | F6: Object Name | G6: USD_OIS_CURVE_WITH_RISK
F9: CURVEPROPERTIES
F10: CurveType | G10: OIS
F11: CurveIndexFrequency | G11: DAILY
F12: StaticDataTable | G12: OIS
F13: IndexName | G13: OIS:USDOIS
F14: Currency | G14: USD
F15: interpolation | G15: FN_SPLINEINTERPOLATION
F16: yieldgen.interpolation | G16: FN_SPLINEINTERPOLATION
F17: JacobianBuildFrequency | G17: ALWAYS
F18: JacobianShiftType | G18: FLAT_SHIFT
F19: JacobianRiskType | G19: DISCOUNT_FACTORS
F20: JacobianGradientShiftSize | G20: 0.0001
F21: JacobianMarketDataShiftSize | G21: 0.0001
F23: OIS
F24: calendar | G24: NYB
F25: daycount | G25: ACT/360
F26: frequency | G26: ANNUAL
F27: generatemethod | G27: DAILYCOMPOUNDING
F28: resetlag | G28: 2D
F29: firstrate | G29: SHORTMARKET
F30: slidingrule | G30: MOD_FOLLOWING
F31: eomday | G31: 31
F32: iseomroll | G32: TRUE
F33: shorttermconvention | G33: ARITHMETICAVERAGE
F34: longtermconvention | G34: NONE
F35: longterm | G35: 100Y
F36: longterm.generatemethod | G36: NONE
F37: Epsilon | G37: 1e-10
F38: MaxLoop | G38: 1000
F39: CompoundingMethod | G39: ARITHMETIC
F40: SmoothShortEnd | G40: TRUE

Sheet  Original Curve
M3: {=_xll.meLWOCurveDisplay(D28)} -> CURVEPROPERTIES | P3: MARKETDATAPROPERTIES
C4: MARKETDATAPROPERTIES | F4: OIS | M4: CurveType | N4: OIS | P4: Currency | Q4: USD
F5: Term | G5: Rate | H5: StartDate | I5: EndDate | J5: Use | M5: CurveIndexFrequency | N5: DAILY | P5: CurveType | Q5: OIS
C6: Currency | D6: USD | F6: ON | G6: 0.024 | J6: TRUE | M6: StaticDataTable | N6: OIS | P6: CurveIndexFrequency | Q6: DAILY
C7: CurveType | D7: OIS | F7: 1Y | G7: 0.017485 | J7: TRUE | M7: IndexName | N7: OIS:USDOIS | P7: AsOfDate | Q7: 43665
C8: CurveIndexFrequency | D8: DAILY | F8: 2Y | G8: 0.015765 | J8: TRUE | M8: Currency | N8: USD
C9: AsOfDate | D9: =Settings.COB -> 43665 | F9: 3Y | G9: 0.01532 | J9: TRUE | M9: interpolation | N9: FN_SPLINEINTERPOLATION | P9: OIS
F10: 4Y | G10: 0.01516 | J10: TRUE | M10: yieldgen.interpolation | N10: FN_SPLINEINTERPOLATION | P10: ON | Q10: 0.024 | T10: TRUE
F11: 5Y | G11: 0.01532 | J11: TRUE | M11: JacobianBuildFrequency | N11: ALWAYS | P11: 1Y | Q11: 0.017485 | T11: TRUE
C12: Create Market Data Handle | M12: JacobianShiftType | N12: FLAT_SHIFT | P12: 2Y | Q12: 0.015765 | T12: TRUE
C13: Handle Name | D13: USD_OIS_CURVE | M13: JacobianRiskType | N13: DISCOUNT_FACTORS | P13: 3Y | Q13: 0.01532 | T13: TRUE
C14: Market Data Handle | D14: =_xll.meLWOCurveMarketDataCreate(D13,C4,C6:D9,F4,F6:J32) -> USD_OIS_CURVE:0 | M14: JacobianGradientShiftSize | N14: 0.0001 | P14: 4Y | Q14: 0.01516 | T14: TRUE
M15: JacobianMarketDataShiftSize | N15: 0.0001 | P15: 5Y | Q15: 0.01532 | T15: TRUE
M17: OIS
M18: calendar | N18: NYB
M19: daycount | N19: ACT/360
C20: Curve Dictionary | M20: frequency | N20: ANNUAL
C21: Handle Name | D21: USD_OIS_ORIGINAL | M21: generatemethod | N21: DAILYCOMPOUNDING
C22: Curve Generator | D22: =Settings!$G$5 -> USD_OIS_CURVE_WITH_RISK@3:1 | M22: resetlag | N22: 2D
C23: Domestic Curve Collection | D23: USDYC_ORIGINAL | M23: firstrate | N23: SHORTMARKET
C24: Foreign Curve Collection | M24: slidingrule | N24: MOD_FOLLOWING
M25: eomday | N25: 31
M26: iseomroll | N26: TRUE
C27: Curve Build | M27: shorttermconvention | N27: ARITHMETICAVERAGE
C28: Handle Name | D28: {=_xll.meLWOCurveCalibrate(D21,D22,D14,D23,D24)} -> USD_OIS_ORIGINAL@2:1 | M28: longtermconvention | N28: NONE
C29: Curve Collection | D29: USDYC_ORIGINAL | M29: longterm | N29: 100Y
C30: Curve Index | D30: OIS:USDOIS | M30: longterm.generatemethod | N30: NONE
C31: Calibration Time Taken | D31: 0.00500 sec | M31: Epsilon | N31: 1e-10
C32: Curve Loaded | D32: =_xll.meLWOExists(D28,"CURVE") -> TRUE | M32: MaxLoop | N32: 1000
M33: CompoundingMethod | N33: ARITHMETIC
M34: SmoothShortEnd | N34: TRUE
M37: Bump Market Data
M38: 1=meLWOCurveMarketDataBumpAll(D14,0.01%)

Sheet  Shifted Curve
C2: MarketDataShiftSize | D2: 0.0001 | F2: ShiftType | G2: MKTDATA-SHIFT
C3: GradientShiftSize | D3: =Settings.GradientShiftSize -> 0.0001
C7: MARKETDATAPROPERTIES | F7: OIS
F8: Term | G8: Rate | H8: StartDate | I8: EndDate | J8: Use
C9: Currency | D9: USD | F9: ON | G9: =' Original Curve'!G6+IF($G$2="MKTDATA-SHIFT",$D$2,$D$3) -> 0.0241 | J9: TRUE
C10: CurveType | D10: OIS | F10: 1Y | G10: =' Original Curve'!G7+IF($G$2="MKTDATA-SHIFT",$D$2,$D$3) -> 0.017585 | J10: TRUE
C11: CurveIndexFrequency | D11: DAILY | F11: 2Y | G11: =' Original Curve'!G8+IF($G$2="MKTDATA-SHIFT",$D$2,$D$3) -> 0.015865 | J11: TRUE
C12: AsOfDate | D12: =Settings.COB -> 43665 | F12: 3Y | G12: =' Original Curve'!G9+IF($G$2="MKTDATA-SHIFT",$D$2,$D$3) -> 0.01542 | J12: TRUE
F13: 4Y | G13: =' Original Curve'!G10+IF($G$2="MKTDATA-SHIFT",$D$2,$D$3) -> 0.01526 | J13: TRUE
F14: 5Y | G14: =' Original Curve'!G11+IF($G$2="MKTDATA-SHIFT",$D$2,$D$3) -> 0.01542 | J14: TRUE
C15: Create Market Data Handle
C16: Handle Name | D16: USD_OIS_CURVE
C17: Market Data Handle | D17: =_xll.meLWOCurveMarketDataCreate(D16,C7,C9:D12,F7,F9:J35) -> USD_OIS_CURVE@4:1
C23: Curve Dictionary
C24: Handle Name | D24: USD_OIS_SHIFTED
C25: Curve Generator | D25: =Settings!$G$5 -> USD_OIS_CURVE_WITH_RISK@1:4
C26: Domestic Curve Collection | D26: USDYC_SHIFTED
C27: Foreign Curve Collection
C30: Curve Build
C31: Handle Name | D31: {=_xll.meLWOCurveCalibrate(D24,D25,D17,D26,D27)} -> USD_OIS_SHIFTED@5:1
C32: Curve Collection | D32: USDYC_SHIFTED
C33: Curve Index | D33: OIS:USDOIS
C34: Calibration Time Taken | D34: 0.00500 sec
C35: Curve Loaded | D35: =_xll.meLWOExists(D31,"CURVE") -> TRUE

Sheet Discount Factor Delta
B2: CurveCollection | C2: =' Original Curve'!D29 -> USDYC_ORIGINAL | E2: CurveCollection | F2: =' Shifted Curve'!D32 -> USDYC_SHIFTED | J2: ShiftSize
B3: CurveIndex | C3: USDOIS | E3: CurveIndex | F3: USDOIS | J3: =' Shifted Curve'!$D$2 -> 0.0001
B6: Original Curve | E6: Shifted Curve +1bps | H6: DiscountFactorDelta
B7: {=_xll.meCurveDiscountFactorsDisplay(C2,C3)} -> PaymentDates | C7: DiscountFactors | E7: {=_xll.meCurveDiscountFactorsDisplay(F2,F3)} -> PaymentDates | F7: DiscountFactors | H7: PaymentDates | I7: DiscFactDelta | J7: DiscFactDelta01 | K7: ShiftedDF | L7: +/-
B8: 43665 | C8: 1 | E8: 43665 | F8: 1 | H8: {=_xll.meCurveResultsJacobianDiscountFactorDelta(C2,C3)} -> 43665 | I8: 0 | J8: =I8*$J$3 -> 0 | K8: =C8+J8 -> 1 | L8: =K8-F8 -> 0
B9: 43668 | C9: 0.99980004 | E9: 43668 | F9: 0.99979921 | H9: 43668 | I9: -0.0083299941 | J9: =I9*$J$3 -> -8.3299941e-07 | K9: =C9+J9 -> 0.99979921 | L9: =K9-F9 -> 0
B10: 43669 | C10: 0.99973339 | E10: 43669 | F10: 0.99973228 | H10: 43669 | I10: -0.011106288 | J10: =I10*$J$3 -> -1.1106288e-06 | K10: =C10+J10 -> 0.99973228 | L10: =K10-F10 -> 0
B11: 44035 | C11: 0.98211974 | E11: 44035 | F11: 0.98201882 | H11: 44035 | I11: -1.0092322 | J11: =I11*$J$3 -> -0.00010092322 | K11: =C11+J11 -> 0.98201882 | L11: =K11-F11 -> 0
B12: 44400 | C12: 0.96826287 | E12: 44400 | F12: 0.96806539 | H12: 44400 | I12: -1.9747312 | J12: =I12*$J$3 -> -0.00019747312 | K12: =C12+J12 -> 0.96806539 | L12: =K12-F12 -> 0
B13: 44767 | C13: 0.95413948 | E13: 44767 | F13: 0.95384778 | H13: 44767 | I13: -2.9169464 | J13: =I13*$J$3 -> -0.00029169464 | K13: =C13+J13 -> 0.95384778 | L13: =K13-F13 -> 0
B14: 45131 | C14: 0.94009844 | E14: 45131 | F14: 0.93971612 | H14: 45131 | I14: -3.8231875 | J14: =I14*$J$3 -> -0.00038231875 | K14: =C14+J14 -> 0.93971612 | L14: =K14-F14 -> 0
B15: 45496 | C15: 0.92498482 | E15: 45496 | F15: 0.92451476 | H15: 45496 | I15: -4.7006386 | J15: =I15*$J$3 -> -0.00047006386 | K15: =C15+J15 -> 0.92451476 | L15: =K15-F15 -> 0
H18: ImplyDiscountFactors
H19: PaymentDates | I19: DiscountFactors
H20: {=_xll.meCurveResultsJacobianImplyNewDiscountFactors(C2,C3)} -> 43665 | I20: 1
H21: 43668 | I21: 0.99979921
H22: 43669 | I22: 0.99973228
H23: 44035 | I23: 0.98201882
H24: 44400 | I24: 0.96806539
H25: 44767 | I25: 0.95384778
H26: 45131 | I26: 0.93971612
H27: 45496 | I27: 0.92451476
