Workbook
Name CurveFitting.NelsonSiegelResults: CURVE_FITTING!$AD$8:$AD$18
Name CurveFitting.PolynomialResults: CURVE_FITTING!$AJ$8:OFFSET(CURVE_FITTING!$AJ$8,CURVE_FITTING!$Q$3,0)
Name CurveFitting.SvenssonResults: CURVE_FITTING!$AG$8:$AG$18
Name Polynomial.Tenors: CURVE_FITTING!$Z$6:OFFSET(CURVE_FITTING!$Z$6,CURVE_FITTING!$Z$4-1,0)
Name Polynomial.YTMs: CURVE_FITTING!$AA$6:OFFSET(CURVE_FITTING!$AA$6,CURVE_FITTING!$Z$4-1,0)

Sheet US_TREASURY_TYPE1
K1: Bond Dates … | AF1: Price Checks …
O2: +/- | P2: +/- | Q2: +/- | R2: +/- | S2: +/- | Y2: FaceValue
B3: Valuation Date | C3: Settlement Date | M3: Bond Generator | O3: =IF(ISNUMBER(SUM(W7:W132)),SUM(W7:W132),"BBG WAIT!") -> 2.0321522e-12 | P3: - | Q3: =IF(ISNUMBER(SUM(N7:N132)),SUM(N7:N132)-SUM(Q7:Q132)*100,"BBG WAIT!") -> -2.2339464e-11 | R3: =IF(ISNUMBER(SUM(AD7:AD132)),SUM(AD7:AD132),"BBG WAIT!") -> 0.00049774596 | S3: - | Y3: 1000000
B4: =TODAY() -> 43419 | C4: =_xll.meDateFromTenor($B$4,$D$4,"MOD_FOLLOWING","NYB") -> 43420 | D4: 1D | M4: US_TREASURY_TYPE1
N5: YLD_YTM_ASK | T5: Bloomberg | U5: Bloomberg | V5: MLIB | W5: BB vs MLIB | X5: MLIB | Y5: BBG | Z5: BB vs MLIB | AA5: MLIB | AB5: MLIB | AC5: BBG | AD5: BB vs MLIB | AE5: MLIB
B6: Bond Identifier | C6: BondDescription | D6: ISIN | E6: IssueDate | F6: AccrualStartDate | G6: RollDay | H6: FirstCouponDate | I6: LastCouponDate | J6: DayCount | K6: Coupon | L6: MaturityDate | M6: CreateBond | N6: BloombergYield | O6: CleanPrice | P6: DirtyPrice | Q6: Yield | R6: ModDuration | S6: DV01 | T6: YLD_YTM_ASK | U6: YAS_BOND_PX | V6: Clean Price | W6: +/- | X6: DV01 | Y6: YAS_RISK | Z6: +/- | AA6: Dirty Price | AB6: Mod. Duration | AC6: DUR_ADJ_ASK | AD6: +/- | AE6: Numerical DV01
B7: 912828N8 Govt | C7: US912828N894 | D7: US912828N894 | E7: 42401 | F7: 42400 | G7: =IF(DAY(L7+1)=1, "EOM","") -> EOM | H7: 42582 | I7: 44043 | J7: ACT/ACT | K7: 0.01375 | L7: 44227 | M7: =_xll.meLWOBondCreateFromGeneratorLVB(C7,$M$4,_xll.meUtilityLVBFromKeysValues($C$6:$L$6,C7:L7)) -> US912828N894@1434:4 | N7: =_xll.BDP($B7,$N$5) -> 2.8644356 | O7: =_xll.meLWOBondCleanPrice($M7,$C$4,$N7%) -> 96.835938 | P7: =_xll.meLWOBondDirtyPrice($M7,$C$4,$N7%) -> 97.23947 | Q7: =_xll.meLWOBondYield($M7,$C$4,O7) -> 0.028644356 | R7: =_xll.meLWOBondModifiedDuration($M7,$C$4,$N7%) -> 2.1412039 | S7: =_xll.meLWOBondDV01($M7,$C$4,$N7%) -> 208.20954 | T7: =N7 -> 2.8644356 | U7: =_xll.BDP($B7,U$6, "YAS_BOND_YLD="&$T7,"YAS_YLD_CONV=2") -> 96.835938 | V7: =_xll.meLWOBondCleanPrice($M7,$C$4,$T7%) -> 96.835938 | W7: =ABS(V7-U7) -> 1.4210855e-14 | X7: =_xll.meLWOBondDV01($M7,$C$4,$T7%) -> 208.20954 | Y7: =_xll.BDP($B7,Y$6, "YLD_YTM_ASK="&$T7,"YAS_YLD_CONV=3")*$Y$3*0.0001 -> 208.20954 | Z7: =ABS(Y7-X7) -> 2.90917e-06 | AA7: =_xll.meLWOBondDirtyPrice($M7,$C$4,$T7%) -> 97.23947 | AB7: =_xll.meLWOBondModifiedDuration($M7,$C$4,$T7%) -> 2.1412039 | AC7: =_xll.BDP($B7,AC$6,"YLD_YTM_ASK="&$T7,"YAS_YLD_CONV=3") -> 2.141204 | AD7: =ABS(AC7-AB7) -> 2.9917583e-08 | AE7: =_xll.meLWOBondDV01Numerical($M7,$C$4,$T7%,0.5,"CENTRAL") -> 208.20954
B8: 912828B5 Govt | C8: US912828B584 | D8: US912828B584 | E8: 41670 | F8: 41670 | G8: =IF(DAY(L8+1)=1, "EOM","") -> EOM | H8: 41851 | I8: 44043 | J8: ACT/ACT | K8: 0.02125 | L8: 44227 | M8: =_xll.meLWOBondCreateFromGeneratorLVB(C8,$M$4,_xll.meUtilityLVBFromKeysValues($C$6:$L$6,C8:L8)) -> US912828B584@1433:4 | N8: =_xll.BDP($B8,$N$5) -> 2.8598938 | O8: =_xll.meLWOBondCleanPrice($M8,$C$4,$N8%) -> 98.4375 | P8: =_xll.meLWOBondDirtyPrice($M8,$C$4,$N8%) -> 99.061141 | Q8: =_xll.meLWOBondYield($M8,$C$4,O8) -> 0.028598938 | R8: =_xll.meLWOBondModifiedDuration($M8,$C$4,$N8%) -> 2.123587 | S8: =_xll.meLWOBondDV01($M8,$C$4,$N8%) -> 210.36495 | T8: =N8 -> 2.8598938 | U8: =_xll.BDP($B8,U$6, "YAS_BOND_YLD="&$T8,"YAS_YLD_CONV=2") -> 98.4375 | V8: =_xll.meLWOBondCleanPrice($M8,$C$4,$T8%) -> 98.4375 | W8: =ABS(V8-U8) -> 0 | X8: =_xll.meLWOBondDV01($M8,$C$4,$T8%) -> 210.36495 | Y8: =_xll.BDP($B8,Y$6, "YLD_YTM_ASK="&$T8,"YAS_YLD_CONV=3")*$Y$3*0.0001 -> 210.36496 | Z8: =ABS(Y8-X8) -> 2.9298582e-06 | AA8: =_xll.meLWOBondDirtyPrice($M8,$C$4,$T8%) -> 99.061141 | AB8: =_xll.meLWOBondModifiedDuration($M8,$C$4,$T8%) -> 2.123587 | AC8: =_xll.BDP($B8,AC$6,"YLD_YTM_ASK="&$T8,"YAS_YLD_CONV=3") -> 2.123587 | AD8: =ABS(AC8-AB8) -> 2.9576261e-08 | AE8: =_xll.meLWOBondDV01Numerical($M8,$C$4,$T8%,0.5,"CENTRAL") -> 210.36495
B9: 912828PX Govt | C9: US912828PX26 | D9: US912828PX26 | E9: 40589 | F9: 40589 | G9: =IF(DAY(L9+1)=1, "EOM","") | H9: 40770 | I9: 44058 | J9: ACT/ACT | K9: 0.03625 | L9: 44242 | M9: =_xll.meLWOBondCreateFromGeneratorLVB(C9,$M$4,_xll.meUtilityLVBFromKeysValues($C$6:$L$6,C9:L9)) -> US912828PX26@1432:4 | N9: =_xll.BDP($B9,$N$5) -> 2.853771 | O9: =_xll.meLWOBondCleanPrice($M9,$C$4,$N9%) -> 101.66406 | P9: =_xll.meLWOBondDirtyPrice($M9,$C$4,$N9%) -> 102.58016 | Q9: =_xll.meLWOBondYield($M9,$C$4,O9) -> 0.02853771 | R9: =_xll.meLWOBondModifiedDuration($M9,$C$4,$N9%) -> 2.1303814 | S9: =_xll.meLWOBondDV01($M9,$C$4,$N9%) -> 218.53487 | T9: =N9 -> 2.853771 | U9: =_xll.BDP($B9,U$6, "YAS_BOND_YLD="&$T9,"YAS_YLD_CONV=2") -> 101.66406 | V9: =_xll.meLWOBondCleanPrice($M9,$C$4,$T9%) -> 101.66406 | W9: =ABS(V9-U9) -> 2.8421709e-14 | X9: =_xll.meLWOBondDV01($M9,$C$4,$T9%) -> 218.53487 | Y9: =_xll.BDP($B9,Y$6, "YLD_YTM_ASK="&$T9,"YAS_YLD_CONV=3")*$Y$3*0.0001 -> 218.53487 | Z9: =ABS(Y9-X9) -> 3.1079839e-06 | AA9: =_xll.meLWOBondDirtyPrice($M9,$C$4,$T9%) -> 102.58016 | AB9: =_xll.meLWOBondModifiedDuration($M9,$C$4,$T9%) -> 2.1303814 | AC9: =_xll.BDP($B9,AC$6,"YLD_YTM_ASK="&$T9,"YAS_YLD_CONV=3") -> 2.1303814 | AD9: =ABS(AC9-AB9) -> 3.0298098e-08 | AE9: =_xll.meLWOBondDV01Numerical($M9,$C$4,$T9%,0.5,"CENTRAL") -> 218.53487
B10: 912828P8 Govt | C10: US912828P873 | D10: US912828P873 | E10: 42429 | F10: 42429 | G10: =IF(DAY(L10+1)=1, "EOM","") -> EOM | H10: 42613 | I10: 44074 | J10: ACT/ACT | K10: 0.01125 | L10: 44255 | M10: =_xll.meLWOBondCreateFromGeneratorLVB(C10,$M$4,_xll.meUtilityLVBFromKeysValues($C$6:$L$6,C10:L10)) -> US912828P873@1431:4 | N10: =_xll.BDP($B10,$N$5) -> 2.8656103 | O10: =_xll.meLWOBondCleanPrice($M10,$C$4,$N10%) -> 96.171875 | P10: =_xll.meLWOBondDirtyPrice($M10,$C$4,$N10%) -> 96.411171 | Q10: =_xll.meLWOBondYield($M10,$C$4,O10) -> 0.028656103 | R10: =_xll.meLWOBondModifiedDuration($M10,$C$4,$N10%) -> 2.2268577 | S10: =_xll.meLWOBondDV01($M10,$C$4,$N10%) -> 214.69396 | T10: =N10 -> 2.8656103 | U10: =_xll.BDP($B10,U$6, "YAS_BOND_YLD="&$T10,"YAS_YLD_CONV=2") -> 96.171875 | V10: =_xll.meLWOBondCleanPrice($M10,$C$4,$T10%) -> 96.171875 | W10: =ABS(V10-U10) -> 1.4210855e-14 | X10: =_xll.meLWOBondDV01($M10,$C$4,$T10%) -> 214.69396 | Y10: =_xll.BDP($B10,Y$6, "YLD_YTM_ASK="&$T10,"YAS_YLD_CONV=3")*$Y$3*0.0001 -> 214.69396 | Z10: =ABS(Y10-X10) -> 3.1700241e-06 | AA10: =_xll.meLWOBondDirtyPrice($M10,$C$4,$T10%) -> 96.411171 | AB10: =_xll.meLWOBondModifiedDuration($M10,$C$4,$T10%) -> 2.2268577 | AC10: =_xll.BDP($B10,AC$6,"YLD_YTM_ASK="&$T10,"YAS_YLD_CONV=3") -> 2.2268577 | AD10: =ABS(AC10-AB10) -> 3.2880258e-08 | AE10: =_xll.meLWOBondDV01Numerical($M10,$C$4,$T10%,0.5,"CENTRAL") -> 214.69396
B11: 912828B9 Govt | C11: US912828B907 | D11: US912828B907 | E11: 41698 | F11: 41698 | G11: =IF(DAY(L11+1)=1, "EOM","") -> EOM | H11: 41882 | I11: 44074 | J11: ACT/ACT | K11: 0.02 | L11: 44255 | M11: =_xll.meLWOBondCreateFromGeneratorLVB(C11,$M$4,_xll.meUtilityLVBFromKeysValues($C$6:$L$6,C11:L11)) -> US912828B907@1430:4 | N11: =_xll.BDP($B11,$N$5) -> 2.8661905 | O11: =_xll.meLWOBondCleanPrice($M11,$C$4,$N11%) -> 98.09375 | P11: =_xll.meLWOBondDirtyPrice($M11,$C$4,$N11%) -> 98.519164 | Q11: =_xll.meLWOBondYield($M11,$C$4,O11) -> 0.028661905 | R11: =_xll.meLWOBondModifiedDuration($M11,$C$4,$N11%) -> 2.206046 | S11: =_xll.meLWOBondDV01($M11,$C$4,$N11%) -> 217.33781 | T11: =N11 -> 2.8661905 | U11: =_xll.BDP($B11,U$6, "YAS_BOND_YLD="&$T11,"YAS_YLD_CONV=2") -> 98.09375 | V11: =_xll.meLWOBondCleanPrice($M11,$C$4,$T11%) -> 98.09375 | W11: =ABS(V11-U11) -> 1.4210855e-14 | X11: =_xll.meLWOBondDV01($M11,$C$4,$T11%) -> 217.33781 | Y11: =_xll.BDP($B11,Y$6, "YLD_YTM_ASK="&$T11,"YAS_YLD_CONV=3")*$Y$3*0.0001 -> 217.33781 | Z11: =ABS(Y11-X11) -> 3.1960557e-06 | AA11: =_xll.meLWOBondDirtyPrice($M11,$C$4,$T11%) -> 98.519164 | AB11: =_xll.meLWOBondModifiedDuration($M11,$C$4,$T11%) -> 2.206046 | AC11: =_xll.BDP($B11,AC$6,"YLD_YTM_ASK="&$T11,"YAS_YLD_CONV=3") -> 2.206046 | AD11: =ABS(AC11-AB11) -> 3.2440954e-08 | AE11: =_xll.meLWOBondDV01Numerical($M11,$C$4,$T11%,0.5,"CENTRAL") -> 217.33781
B12: 912828Q3 Govt | C12: US912828Q376 | D12: US912828Q376 | E12: 42460 | F12: 42460 | G12: =IF(DAY(L12+1)=1, "EOM","") -> EOM | H12: 42643 | I12: 44104 | J12: ACT/ACT | K12: 0.0125 | L12: 44286 | M12: =_xll.meLWOBondCreateFromGeneratorLVB(C12,$M$4,_xll.meUtilityLVBFromKeysValues($C$6:$L$6,C12:L12)) -> US912828Q376@1429:4 | N12: =_xll.BDP($B12,$N$5) -> 2.862569 | O12: =_xll.meLWOBondCleanPrice($M12,$C$4,$N12%) -> 96.328125 | P12: =_xll.meLWOBondDirtyPrice($M12,$C$4,$N12%) -> 96.489526 | Q12: =_xll.meLWOBondYield($M12,$C$4,O12) -> 0.02862569 | R12: =_xll.meLWOBondModifiedDuration($M12,$C$4,$N12%) -> 2.3062715 | S12: =_xll.meLWOBondDV01($M12,$C$4,$N12%) -> 222.53105 | T12: =N12 -> 2.862569 | U12: =_xll.BDP($B12,U$6, "YAS_BOND_YLD="&$T12,"YAS_YLD_CONV=2") -> 96.328125 | V12: =_xll.meLWOBondCleanPrice($M12,$C$4,$T12%) -> 96.328125 | W12: =ABS(V12-U12) -> 0 | X12: =_xll.meLWOBondDV01($M12,$C$4,$T12%) -> 222.53105 | Y12: =_xll.BDP($B12,Y$6, "YLD_YTM_ASK="&$T12,"YAS_YLD_CONV=3")*$Y$3*0.0001 -> 222.53105 | Z12: =ABS(Y12-X12) -> 3.4675329e-06 | AA12: =_xll.meLWOBondDirtyPrice($M12,$C$4,$T12%) -> 96.489526 | AB12: =_xll.meLWOBondModifiedDuration($M12,$C$4,$T12%) -> 2.3062715 | AC12: =_xll.BDP($B12,AC$6,"YLD_YTM_ASK="&$T12,"YAS_YLD_CONV=3") -> 2.3062716 | AD12: =ABS(AC12-AB12) -> 3.5936884e-08 | AE12: =_xll.meLWOBondDV01Numerical($M12,$C$4,$T12%,0.5,"CENTRAL") -> 222.53105
B13: 912828C5 Govt | C13: US912828C574 | D13: US912828C574 | E13: 41729 | F13: 41729 | G13: =IF(DAY(L13+1)=1, "EOM","") -> EOM | H13: 41912 | I13: 44104 | J13: ACT/ACT | K13: 0.0225 | L13: 44286 | M13: =_xll.meLWOBondCreateFromGeneratorLVB(C13,$M$4,_xll.meUtilityLVBFromKeysValues($C$6:$L$6,C13:L13)) -> US912828C574@1428:4 | N13: =_xll.BDP($B13,$N$5) -> 2.8670888 | O13: =_xll.meLWOBondCleanPrice($M13,$C$4,$N13%) -> 98.59375 | P13: =_xll.meLWOBondDirtyPrice($M13,$C$4,$N13%) -> 98.884272 | Q13: =_xll.meLWOBondYield($M13,$C$4,O13) -> 0.028670888 | R13: =_xll.meLWOBondModifiedDuration($M13,$C$4,$N13%) -> 2.2826588 | S13: =_xll.meLWOBondDV01($M13,$C$4,$N13%) -> 225.71906 | T13: =N13 -> 2.8670888 | U13: =_xll.BDP($B13,U$6, "YAS_BOND_YLD="&$T13,"YAS_YLD_CONV=2") -> 98.59375 | V13: =_xll.meLWOBondCleanPrice($M13,$C$4,$T13%) -> 98.59375 | W13: =ABS(V13-U13) -> 1.4210855e-14 | X13: =_xll.meLWOBondDV01($M13,$C$4,$T13%) -> 225.71906 | Y13: =_xll.BDP($B13,Y$6, "YLD_YTM_ASK="&$T13,"YAS_YLD_CONV=3")*$Y$3*0.0001 -> 225.71906 | Z13: =ABS(Y13-X13) -> 3.5003103e-06 | AA13: =_xll.meLWOBondDirtyPrice($M13,$C$4,$T13%) -> 98.884272 | AB13: =_xll.meLWOBondModifiedDuration($M13,$C$4,$T13%) -> 2.2826588 | AC13: =_xll.BDP($B13,AC$6,"YLD_YTM_ASK="&$T13,"YAS_YLD_CONV=3") -> 2.2826589 | AD13: =ABS(AC13-AB13) -> 3.5398048e-08 | AE13: =_xll.meLWOBondDV01Numerical($M13,$C$4,$T13%,0.5,"CENTRAL") -> 225.71906
B14: 912828Q7 Govt | C14: US912828Q780 | D14: US912828Q780 | E14: 42492 | F14: 42490 | G14: =IF(DAY(L14+1)=1, "EOM","") -> EOM | H14: 42674 | I14: 44135 | J14: ACT/ACT | K14: 0.01375 | L14: 44316 | M14: =_xll.meLWOBondCreateFromGeneratorLVB(C14,$M$4,_xll.meUtilityLVBFromKeysValues($C$6:$L$6,C14:L14)) -> US912828Q780@1427:4 | N14: =_xll.BDP($B14,$N$5) -> 2.8744067 | O14: =_xll.meLWOBondCleanPrice($M14,$C$4,$N14%) -> 96.46875 | P14: =_xll.meLWOBondDirtyPrice($M14,$C$4,$N14%) -> 96.529523 | Q14: =_xll.meLWOBondYield($M14,$C$4,O14) -> 0.028744067 | R14: =_xll.meLWOBondModifiedDuration($M14,$C$4,$N14%) -> 2.3868412 | S14: =_xll.meLWOBondDV01($M14,$C$4,$N14%) -> 230.40065 | T14: =N14 -> 2.8744067 | U14: =_xll.BDP($B14,U$6, "YAS_BOND_YLD="&$T14,"YAS_YLD_CONV=2") -> 96.46875 | V14: =_xll.meLWOBondCleanPrice($M14,$C$4,$T14%) -> 96.46875 | W14: =ABS(V14-U14) -> 1.4210855e-14 | X14: =_xll.meLWOBondDV01($M14,$C$4,$T14%) -> 230.40065 | Y14: =_xll.BDP($B14,Y$6, "YLD_YTM_ASK="&$T14,"YAS_YLD_CONV=3")*$Y$3*0.0001 -> 230.40065 | Z14: =ABS(Y14-X14) -> 3.78589e-06 | AA14: =_xll.meLWOBondDirtyPrice($M14,$C$4,$T14%) -> 96.529523 | AB14: =_xll.meLWOBondModifiedDuration($M14,$C$4,$T14%) -> 2.3868412 | AC14: =_xll.BDP($B14,AC$6,"YLD_YTM_ASK="&$T14,"YAS_YLD_CONV=3") -> 2.3868413 | AD14: =ABS(AC14-AB14) -> 3.9220021e-08 | AE14: =_xll.meLWOBondDV01Numerical($M14,$C$4,$T14%,0.5,"CENTRAL") -> 230.40065
B15: 912828QN Govt | C15: US912828QN35 | D15: US912828QN35 | E15: 40679 | F15: 40678 | G15: =IF(DAY(L15+1)=1, "EOM","") | H15: 40862 | I15: 44150 | J15: ACT/ACT | K15: 0.03125 | L15: 44331 | M15: =_xll.meLWOBondCreateFromGeneratorLVB(C15,$M$4,_xll.meUtilityLVBFromKeysValues($C$6:$L$6,C15:L15)) -> US912828QN35@1426:4 | N15: =_xll.BDP($B15,$N$5) -> 2.8671066 | O15: =_xll.meLWOBondCleanPrice($M15,$C$4,$N15%) -> 100.61719 | P15: =_xll.meLWOBondDirtyPrice($M15,$C$4,$N15%) -> 100.62582 | Q15: =_xll.meLWOBondYield($M15,$C$4,O15) -> 0.028671066 | R15: =_xll.meLWOBondModifiedDuration($M15,$C$4,$N15%) -> 2.3875373 | S15: =_xll.meLWOBondDV01($M15,$C$4,$N15%) -> 240.2479 | T15: =N15 -> 2.8671066 | U15: =_xll.BDP($B15,U$6, "YAS_BOND_YLD="&$T15,"YAS_YLD_CONV=2") -> 100.61719 | V15: =_xll.meLWOBondCleanPrice($M15,$C$4,$T15%) -> 100.61719 | W15: =ABS(V15-U15) -> 1.4210855e-14 | X15: =_xll.meLWOBondDV01($M15,$C$4,$T15%) -> 240.2479 | Y15: =_xll.BDP($B15,Y$6, "YLD_YTM_ASK="&$T15,"YAS_YLD_CONV=3")*$Y$3*0.0001 -> 240.2479 | Z15: =ABS(Y15-X15) -> 4.0164972e-06 | AA15: =_xll.meLWOBondDirtyPrice($M15,$C$4,$T15%) -> 100.62582 | AB15: =_xll.meLWOBondModifiedDuration($M15,$C$4,$T15%) -> 2.3875373 | AC15: =_xll.BDP($B15,AC$6,"YLD_YTM_ASK="&$T15,"YAS_YLD_CONV=3") -> 2.3875373 | AD15: =ABS(AC15-AB15) -> 3.9915176e-08 | AE15: =_xll.meLWOBondDV01Numerical($M15,$C$4,$T15%,0.5,"CENTRAL") -> 240.2479
B16: 912828R7 Govt | C16: US912828R770 | D16: US912828R770 | E16: 42521 | F16: 42521 | G16: =IF(DAY(L16+1)=1, "EOM","") -> EOM | H16: 42704 | I16: 44165 | J16: ACT/ACT | K16: 0.01375 | L16: 44347 | M16: =_xll.meLWOBondCreateFromGeneratorLVB(C16,$M$4,_xll.meUtilityLVBFromKeysValues($C$6:$L$6,C16:L16)) -> US912828R770@1425:4 | N16: =_xll.BDP($B16,$N$5) -> 2.8789266 | O16: =_xll.meLWOBondCleanPrice($M16,$C$4,$N16%) -> 96.34375 | P16: =_xll.meLWOBondDirtyPrice($M16,$C$4,$N16%) -> 96.978654 | Q16: =_xll.meLWOBondYield($M16,$C$4,O16) -> 0.028789266 | R16: =_xll.meLWOBondModifiedDuration($M16,$C$4,$N16%) -> 2.4508556 | S16: =_xll.meLWOBondDV01($M16,$C$4,$N16%) -> 237.68068 | T16: =N16 -> 2.8789266 | U16: =_xll.BDP($B16,U$6, "YAS_BOND_YLD="&$T16,"YAS_YLD_CONV=2") -> 96.34375 | V16: =_xll.meLWOBondCleanPrice($M16,$C$4,$T16%) -> 96.34375 | W16: =ABS(V16-U16) -> 0 | X16: =_xll.meLWOBondDV01($M16,$C$4,$T16%) -> 237.68068 | Y16: =_xll.BDP($B16,Y$6, "YLD_YTM_ASK="&$T16,"YAS_YLD_CONV=3")*$Y$3*0.0001 -> 237.68069 | Z16: =ABS(Y16-X16) -> 4.1088862e-06 | AA16: =_xll.meLWOBondDirtyPrice($M16,$C$4,$T16%) -> 96.978654 | AB16: =_xll.meLWOBondModifiedDuration($M16,$C$4,$T16%) -> 2.4508556 | AC16: =_xll.BDP($B16,AC$6,"YLD_YTM_ASK="&$T16,"YAS_YLD_CONV=3") -> 2.4508557 | AD16: =ABS(AC16-AB16) -> 4.2368975e-08 | AE16: =_xll.meLWOBondDV01Numerical($M16,$C$4,$T16%,0.5,"CENTRAL") -> 237.68068
B17: 912828WN Govt | C17: US912828WN60 | D17: US912828WN60 | E17: 41792 | F17: 41790 | G17: =IF(DAY(L17+1)=1, "EOM","") -> EOM | H17: 41973 | I17: 44165 | J17: ACT/ACT | K17: 0.02 | L17: 44347 | M17: =_xll.meLWOBondCreateFromGeneratorLVB(C17,$M$4,_xll.meUtilityLVBFromKeysValues($C$6:$L$6,C17:L17)) -> US912828WN60@1424:4 | N17: =_xll.BDP($B17,$N$5) -> 2.8771428 | O17: =_xll.meLWOBondCleanPrice($M17,$C$4,$N17%) -> 97.867187 | P17: =_xll.meLWOBondDirtyPrice($M17,$C$4,$N17%) -> 98.790685 | Q17: =_xll.meLWOBondYield($M17,$C$4,O17) -> 0.028771428 | R17: =_xll.meLWOBondModifiedDuration($M17,$C$4,$N17%) -> 2.4288936 | S17: =_xll.meLWOBondDV01($M17,$C$4,$N17%) -> 239.95206 | T17: =N17 -> 2.8771428 | U17: =_xll.BDP($B17,U$6, "YAS_BOND_YLD="&$T17,"YAS_YLD_CONV=2") -> 97.867187 | V17: =_xll.meLWOBondCleanPrice($M17,$C$4,$T17%) -> 97.867187 | W17: =ABS(V17-U17) -> 1.4210855e-14 | X17: =_xll.meLWOBondDV01($M17,$C$4,$T17%) -> 239.95206 | Y17: =_xll.BDP($B17,Y$6, "YLD_YTM_ASK="&$T17,"YAS_YLD_CONV=3")*$Y$3*0.0001 -> 239.95207 | Z17: =ABS(Y17-X17) -> 4.134964e-06 | AA17: =_xll.meLWOBondDirtyPrice($M17,$C$4,$T17%) -> 98.790685 | AB17: =_xll.meLWOBondModifiedDuration($M17,$C$4,$T17%) -> 2.4288936 | AC17: =_xll.BDP($B17,AC$6,"YLD_YTM_ASK="&$T17,"YAS_YLD_CONV=3") -> 2.4288937 | AD17: =ABS(AC17-AB17) -> 4.1855808e-08 | AE17: =_xll.meLWOBondDV01Numerical($M17,$C$4,$T17%,0.5,"CENTRAL") -> 239.95206
B18: 912828S2 Govt | C18: US912828S273 | D18: US912828S273 | E18: 42551 | F18: 42551 | G18: =IF(DAY(L18+1)=1, "EOM","") -> EOM | H18: 42735 | I18: 44196 | J18: ACT/ACT | K18: 0.01125 | L18: 44377 | M18: =_xll.meLWOBondCreateFromGeneratorLVB(C18,$M$4,_xll.meUtilityLVBFromKeysValues($C$6:$L$6,C18:L18)) -> US912828S273@1423:4 | N18: =_xll.BDP($B18,$N$5) -> 2.8717646 | O18: =_xll.meLWOBondCleanPrice($M18,$C$4,$N18%) -> 95.617187 | P18: =_xll.meLWOBondDirtyPrice($M18,$C$4,$N18%) -> 96.042119 | Q18: =_xll.meLWOBondYield($M18,$C$4,O18) -> 0.028717646 | R18: =_xll.meLWOBondModifiedDuration($M18,$C$4,$N18%) -> 2.5428151 | S18: =_xll.meLWOBondDV01($M18,$C$4,$N18%) -> 244.21735 | T18: =N18 -> 2.8717646 | U18: =_xll.BDP($B18,U$6, "YAS_BOND_YLD="&$T18,"YAS_YLD_CONV=2") -> 95.617187 | V18: =_xll.meLWOBondCleanPrice($M18,$C$4,$T18%) -> 95.617187 | W18: =ABS(V18-U18) -> 1.4210855e-14 | X18: =_xll.meLWOBondDV01($M18,$C$4,$T18%) -> 244.21735 | Y18: =_xll.BDP($B18,Y$6, "YLD_YTM_ASK="&$T18,"YAS_YLD_CONV=3")*$Y$3*0.0001 -> 244.21735 | Z18: =ABS(Y18-X18) -> 4.4463668e-06 | AA18: =_xll.meLWOBondDirtyPrice($M18,$C$4,$T18%) -> 96.042119 | AB18: =_xll.meLWOBondModifiedDuration($M18,$C$4,$T18%) -> 2.5428151 | AC18: =_xll.BDP($B18,AC$6,"YLD_YTM_ASK="&$T18,"YAS_YLD_CONV=3") -> 2.5428151 | AD18: =ABS(AC18-AB18) -> 4.6296008e-08 | AE18: =_xll.meLWOBondDV01Numerical($M18,$C$4,$T18%,0.5,"CENTRAL") -> 244.21735
... B132: 912810RU Govt | C132: US912810RU43 | D132: US912810RU43 | E132: 42689 | F132: 42689 | G132: =IF(DAY(L132+1)=1, "EOM","") | H132: 42870 | I132: 53462 | J132: ACT/ACT | K132: 0.02875 | L132: 53646 | M132: =_xll.meLWOBondCreateFromGeneratorLVB(C132,$M$4,_xll.meUtilityLVBFromKeysValues($C$6:$L$6,C132:L132)) -> US912810RU43@1309:4 | N132: =_xll.BDP($B132,$N$5) -> 3.3541494 | O132: =_xll.meLWOBondCleanPrice($M132,$C$4,$N132%) -> 91.34375 | P132: =_xll.meLWOBondDirtyPrice($M132,$C$4,$N132%) -> 91.351692 | Q132: =_xll.meLWOBondYield($M132,$C$4,O132) -> 0.033541494 | R132: =_xll.meLWOBondModifiedDuration($M132,$C$4,$N132%) -> 18.647719 | S132: =_xll.meLWOBondDV01($M132,$C$4,$N132%) -> 1703.5007 | T132: =N132 -> 3.3541494 | U132: =_xll.BDP($B132,U$6, "YAS_BOND_YLD="&$T132,"YAS_YLD_CONV=2") -> 91.34375 | V132: =_xll.meLWOBondCleanPrice($M132,$C$4,$T132%) -> 91.34375 | W132: =ABS(V132-U132) -> 1.4210855e-14 | X132: =_xll.meLWOBondDV01($M132,$C$4,$T132%) -> 1703.5007 | Y132: =_xll.BDP($B132,Y$6, "YLD_YTM_ASK="&$T132,"YAS_YLD_CONV=3")*$Y$3*0.0001 -> 1703.5025 | Z132: =ABS(Y132-X132) -> 0.0018181778 | AA132: =_xll.meLWOBondDirtyPrice($M132,$C$4,$T132%) -> 91.351692 | AB132: =_xll.meLWOBondModifiedDuration($M132,$C$4,$T132%) -> 18.647719 | AC132: =_xll.BDP($B132,AC$6,"YLD_YTM_ASK="&$T132,"YAS_YLD_CONV=3") -> 18.647739 | AD132: =ABS(AC132-AB132) -> 1.9903055e-05 | AE132: =_xll.meLWOBondDV01Numerical($M132,$C$4,$T132%,0.5,"CENTRAL") -> 1703.5012

Sheet CURVE_FITTING
AK1: .. Calibration
Q2: Polynomial Order
N3: FITTED CURVES | Q3: 3 | S3: BOND SELECTION | W3: FORMATTED DATA | Z3: USED DATA | AC3: CALIBRATE
Z4: =COUNT(Z6:Z131) -> 126
N5: Tenor | O5: Nelson-Siegel | P5: Svensson | Q5: Polynomial | S5: Tenor | T5: Bond Quote | U5: Include | W5: Tenor | X5: YTM | Z5: Tenor | AA5: YTM | AC5: Nelson-Siegel | AF5: Svensson | AI5: Polynomial Calibration
N6: 0.25 | O6: {=_xll.meBondCurveNelsonSiegelYield($AD$8,$AD$9,$AD$10,$AD$11,$N$6:$N$125)} -> 0.027920673 | P6: {=_xll.meBondCurveSvenssonYield($AG$8,$AG$9,$AG$10,$AG$11,$AG$12,$AG$13,$N$6:$N$125)} -> 0.027846563 | Q6: {=_xll.meBondCurvePolynomialYield(CurveFitting.PolynomialResults,$N$6:$N$125)} -> 0.027901664 | S6: =_xll.meDateYearFraction(US_TREASURY_TYPE1!$C$4,US_TREASURY_TYPE1!L7,US_TREASURY_TYPE1!J7) -> 2.2082192 | T6: =US_TREASURY_TYPE1!N7% -> 0.028644356 | U6: TRUE | W6: =IF($U6,S6,"") -> 2.2082192 | X6: =IF($U6,T6,"") -> 0.028644356 | Z6: {=_xll.meUtilityClean(W6:X131,,TRUE,,,,,TRUE)} -> 2.2082192 | AA6: 0.028644356 | AC6: {=_xll.meUtilityResize(_xll.meBondCurveNelsonSiegelCalibrate(Polynomial.Tenors,Polynomial.YTMs),20,20)} -> leastSquaresError | AD6: 2.2780743e-06 | AF6: {=_xll.meUtilityResize(_xll.meBondCurveSvenssonCalibrate(Polynomial.Tenors,Polynomial.YTMs),20,20)} -> leastSquaresError | AG6: 2.2394152e-06 | AI6: {=_xll.meUtilityResize(_xll.meBondCurvePolynomialCalibrate($Q$3,Polynomial.Tenors,Polynomial.YTMs),20,20)} -> leastSquaresError | AJ6: 2.2624526e-06
N7: =N6+$N$6 -> 0.5 | O7: 0.028017144 | P7: 0.027951823 | Q7: 0.027999492 | S7: =_xll.meDateYearFraction(US_TREASURY_TYPE1!$C$4,US_TREASURY_TYPE1!L8,US_TREASURY_TYPE1!J8) -> 2.2082192 | T7: =US_TREASURY_TYPE1!N8% -> 0.028598938 | U7: TRUE | W7: =IF($U7,S7,"") -> 2.2082192 | X7: =IF($U7,T7,"") -> 0.028598938 | Z7: 2.2082192 | AA7: 0.028598938 | AC7: iterations | AD7: 162 | AF7: iterations | AG7: 1000 | AI7: terations | AJ7: 10
N8: =N7+$N$6 -> 0.75 | O8: 0.028112322 | P8: 0.028055208 | Q8: 0.028096053 | S8: =_xll.meDateYearFraction(US_TREASURY_TYPE1!$C$4,US_TREASURY_TYPE1!L9,US_TREASURY_TYPE1!J9) -> 2.2493151 | T8: =US_TREASURY_TYPE1!N9% -> 0.02853771 | U8: TRUE | W8: =IF($U8,S8,"") -> 2.2493151 | X8: =IF($U8,T8,"") -> 0.02853771 | Z8: 2.2493151 | AA8: 0.02853771 | AC8: beta0 | AD8: 0.03752322 | AF8: beta0 | AG8: 0.044878538 | AI8: x^3 | AJ8: 1.3115909e-07
N9: =N8+$N$6 -> 1 | O9: 0.028206228 | P9: 0.028156759 | Q9: 0.02819136 | S9: =_xll.meDateYearFraction(US_TREASURY_TYPE1!$C$4,US_TREASURY_TYPE1!L10,US_TREASURY_TYPE1!J10) -> 2.2849315 | T9: =US_TREASURY_TYPE1!N10% -> 0.028656103 | U9: TRUE | W9: =IF($U9,S9,"") -> 2.2849315 | X9: =IF($U9,T9,"") -> 0.028656103 | Z9: 2.2849315 | AA9: 0.028656103 | AC9: beta1 | AD9: -0.0097003295 | AF9: beta1 | AG9: -0.017139155 | AI9: x^2 | AJ9: -1.0329923e-05
N10: =N9+$N$6 -> 1.25 | O10: 0.02829888 | P10: 0.028256519 | Q10: 0.028285425 | S10: =_xll.meDateYearFraction(US_TREASURY_TYPE1!$C$4,US_TREASURY_TYPE1!L11,US_TREASURY_TYPE1!J11) -> 2.2849315 | T10: =US_TREASURY_TYPE1!N11% -> 0.028661905 | U10: TRUE | W10: =IF($U10,S10,"") -> 2.2849315 | X10: =IF($U10,T10,"") -> 0.028661905 | Z10: 2.2849315 | AA10: 0.028661905 | AC10: beta2 | AD10: -6.8585757e-08 | AF10: beta2 | AG10: 0.56804395 | AI10: x^1 | AJ10: 0.00039900162
N11: =N10+$N$6 -> 1.5 | O11: 0.028390297 | P11: 0.028354526 | Q11: 0.02837826 | S11: =_xll.meDateYearFraction(US_TREASURY_TYPE1!$C$4,US_TREASURY_TYPE1!L12,US_TREASURY_TYPE1!J12) -> 2.369863 | T11: =US_TREASURY_TYPE1!N12% -> 0.02862569 | U11: TRUE | W11: =IF($U11,S11,"") -> 2.369863 | X11: =IF($U11,T11,"") -> 0.02862569 | Z11: 2.369863 | AA11: 0.02862569 | AC11: lambda | AD11: 12.316801 | AF11: beta3 | AG11: -0.57813477 | AI11: x^0 | AJ11: 0.027802557
N12: =N11+$N$6 -> 1.75 | O12: 0.028480498 | P12: 0.028450821 | Q12: 0.028469877 | S12: =_xll.meDateYearFraction(US_TREASURY_TYPE1!$C$4,US_TREASURY_TYPE1!L13,US_TREASURY_TYPE1!J13) -> 2.369863 | T12: =US_TREASURY_TYPE1!N13% -> 0.028670888 | U12: TRUE | W12: =IF($U12,S12,"") -> 2.369863 | X12: =IF($U12,T12,"") -> 0.028670888 | Z12: 2.369863 | AA12: 0.028670888 | AF12: lambda1 | AG12: 16.387999
N13: =N12+$N$6 -> 2 | O13: 0.028569501 | P13: 0.028545443 | Q13: 0.02856029 | S13: =_xll.meDateYearFraction(US_TREASURY_TYPE1!$C$4,US_TREASURY_TYPE1!L14,US_TREASURY_TYPE1!J14) -> 2.4520548 | T13: =US_TREASURY_TYPE1!N14% -> 0.028744067 | U13: TRUE | W13: =IF($U13,S13,"") -> 2.4520548 | X13: =IF($U13,T13,"") -> 0.028744067 | Z13: 2.4520548 | AA13: 0.028744067 | AF13: lambda2 | AG13: 16.592663
N14: =N13+$N$6 -> 2.25 | O14: 0.028657325 | P14: 0.02863843 | Q14: 0.028649509 | S14: =_xll.meDateYearFraction(US_TREASURY_TYPE1!$C$4,US_TREASURY_TYPE1!L15,US_TREASURY_TYPE1!J15) -> 2.4931507 | T14: =US_TREASURY_TYPE1!N15% -> 0.028671066 | U14: TRUE | W14: =IF($U14,S14,"") -> 2.4931507 | X14: =IF($U14,T14,"") -> 0.028671066 | Z14: 2.4931507 | AA14: 0.028671066
N15: =N14+$N$6 -> 2.5 | O15: 0.028743986 | P15: 0.028729818 | Q15: 0.028737548 | S15: =_xll.meDateYearFraction(US_TREASURY_TYPE1!$C$4,US_TREASURY_TYPE1!L16,US_TREASURY_TYPE1!J16) -> 2.5369863 | T15: =US_TREASURY_TYPE1!N16% -> 0.028789266 | U15: TRUE | W15: =IF($U15,S15,"") -> 2.5369863 | X15: =IF($U15,T15,"") -> 0.028789266 | Z15: 2.5369863 | AA15: 0.028789266
N16: =N15+$N$6 -> 2.75 | O16: 0.028829501 | P16: 0.028819644 | Q16: 0.028824419 | S16: =_xll.meDateYearFraction(US_TREASURY_TYPE1!$C$4,US_TREASURY_TYPE1!L17,US_TREASURY_TYPE1!J17) -> 2.5369863 | T16: =US_TREASURY_TYPE1!N17% -> 0.028771428 | U16: TRUE | W16: =IF($U16,S16,"") -> 2.5369863 | X16: =IF($U16,T16,"") -> 0.028771428 | Z16: 2.5369863 | AA16: 0.028771428
N17: =N16+$N$6 -> 3 | O17: 0.02891389 | P17: 0.028907944 | Q17: 0.028910134 | S17: =_xll.meDateYearFraction(US_TREASURY_TYPE1!$C$4,US_TREASURY_TYPE1!L18,US_TREASURY_TYPE1!J18) -> 2.6191781 | T17: =US_TREASURY_TYPE1!N18% -> 0.028717646 | U17: TRUE | W17: =IF($U17,S17,"") -> 2.6191781 | X17: =IF($U17,T17,"") -> 0.028717646 | Z17: 2.6191781 | AA17: 0.028717646
N18: =N17+$N$6 -> 3.25 | O18: 0.028997167 | P18: 0.028994751 | Q18: 0.028994705 | S18: =_xll.meDateYearFraction(US_TREASURY_TYPE1!$C$4,US_TREASURY_TYPE1!L19,US_TREASURY_TYPE1!J19) -> 2.6191781 | T18: =US_TREASURY_TYPE1!N19% -> 0.028781474 | U18: TRUE | W18: =IF($U18,S18,"") -> 2.6191781 | X18: =IF($U18,T18,"") -> 0.028781474 | Z18: 2.6191781 | AA18: 0.028781474
N19: =N18+$N$6 -> 3.5 | O19: 0.029079349 | P19: 0.029080101 | Q19: 0.029078145 | S19: =_xll.meDateYearFraction(US_TREASURY_TYPE1!$C$4,US_TREASURY_TYPE1!L20,US_TREASURY_TYPE1!J20) -> 2.7041096 | T19: =US_TREASURY_TYPE1!N20% -> 0.028892763 | U19: TRUE | W19: =IF($U19,S19,"") -> 2.7041096 | X19: =IF($U19,T19,"") -> 0.028892763 | Z19: 2.7041096 | AA19: 0.028892763
N20: =N19+$N$6 -> 3.75 | O20: 0.029160454 | P20: 0.029164027 | Q20: 0.029160465 | S20: =_xll.meDateYearFraction(US_TREASURY_TYPE1!$C$4,US_TREASURY_TYPE1!L21,US_TREASURY_TYPE1!J21) -> 2.7041096 | T20: =US_TREASURY_TYPE1!N21% -> 0.028867912 | U20: TRUE | W20: =IF($U20,S20,"") -> 2.7041096 | X20: =IF($U20,T20,"") -> 0.028867912 | Z20: 2.7041096 | AA20: 0.028867912
N21: =N20+$N$6 -> 4 | O21: 0.029240497 | P21: 0.02924656 | Q21: 0.029241679 | S21: =_xll.meDateYearFraction(US_TREASURY_TYPE1!$C$4,US_TREASURY_TYPE1!L22,US_TREASURY_TYPE1!J22) -> 2.7452055 | T21: =US_TREASURY_TYPE1!N22% -> 0.028867542 | U21: TRUE | W21: =IF($U21,S21,"") -> 2.7452055 | X21: =IF($U21,T21,"") -> 0.028867542 | Z21: 2.7452055 | AA21: 0.028867542
N22: =N21+$N$6 -> 4.25 | O22: 0.029319493 | P22: 0.029327733 | Q22: 0.029321798 | S22: =_xll.meDateYearFraction(US_TREASURY_TYPE1!$C$4,US_TREASURY_TYPE1!L23,US_TREASURY_TYPE1!J23) -> 2.7890411 | T22: =US_TREASURY_TYPE1!N23% -> 0.028961125 | U22: TRUE | W22: =IF($U22,S22,"") -> 2.7890411 | X22: =IF($U22,T22,"") -> 0.028961125 | Z22: 2.7890411 | AA22: 0.028961125
N23: =N22+$N$6 -> 4.5 | O23: 0.029397458 | P23: 0.029407577 | Q23: 0.029400835 | S23: =_xll.meDateYearFraction(US_TREASURY_TYPE1!$C$4,US_TREASURY_TYPE1!L24,US_TREASURY_TYPE1!J24) -> 2.7890411 | T23: =US_TREASURY_TYPE1!N24% -> 0.028893939 | U23: TRUE | W23: =IF($U23,S23,"") -> 2.7890411 | X23: =IF($U23,T23,"") -> 0.028893939 | Z23: 2.7890411 | AA23: 0.028893939
N24: =N23+$N$6 -> 4.75 | O24: 0.029474409 | P24: 0.029486123 | Q24: 0.029478802 | S24: =_xll.meDateYearFraction(US_TREASURY_TYPE1!$C$4,US_TREASURY_TYPE1!L25,US_TREASURY_TYPE1!J25) -> 2.8712329 | T24: =US_TREASURY_TYPE1!N25% -> 0.028922422 | U24: TRUE | W24: =IF($U24,S24,"") -> 2.8712329 | X24: =IF($U24,T24,"") -> 0.028922422 | Z24: 2.8712329 | AA24: 0.028922422
N25: =N24+$N$6 -> 5 | O25: 0.029550358 | P25: 0.029563399 | Q25: 0.029555712 | S25: =_xll.meDateYearFraction(US_TREASURY_TYPE1!$C$4,US_TREASURY_TYPE1!L26,US_TREASURY_TYPE1!J26) -> 2.8712329 | T25: =US_TREASURY_TYPE1!N26% -> 0.028954789 | U25: TRUE | W25: =IF($U25,S25,"") -> 2.8712329 | X25: =IF($U25,T25,"") -> 0.028954789 | Z25: 2.8712329 | AA25: 0.028954789
... N125: =N124+$N$6 -> 30 | O125: 0.033889253 | P125: 0.033981569 | Q125: 0.034016971 | S125: =_xll.meDateYearFraction(US_TREASURY_TYPE1!$C$4,US_TREASURY_TYPE1!L126,US_TREASURY_TYPE1!J126) -> 26.493151 | T125: =US_TREASURY_TYPE1!N126% -> 0.03349629 | U125: TRUE | W125: =IF($U125,S125,"") -> 26.493151 | X125: =IF($U125,T125,"") -> 0.03349629 | Z125: 26.493151 | AA125: 0.03349629
S126: =_xll.meDateYearFraction(US_TREASURY_TYPE1!$C$4,US_TREASURY_TYPE1!L127,US_TREASURY_TYPE1!J127) -> 26.745205 | T126: =US_TREASURY_TYPE1!N127% -> 0.033542506 | U126: TRUE | W126: =IF($U126,S126,"") -> 26.745205 | X126: =IF($U126,T126,"") -> 0.033542506 | Z126: 26.745205 | AA126: 0.033542506
S127: =_xll.meDateYearFraction(US_TREASURY_TYPE1!$C$4,US_TREASURY_TYPE1!L128,US_TREASURY_TYPE1!J128) -> 26.99726 | T127: =US_TREASURY_TYPE1!N128% -> 0.033509526 | U127: TRUE | W127: =IF($U127,S127,"") -> 26.99726 | X127: =IF($U127,T127,"") -> 0.033509526 | Z127: 26.99726 | AA127: 0.033509526
S128: =_xll.meDateYearFraction(US_TREASURY_TYPE1!$C$4,US_TREASURY_TYPE1!L129,US_TREASURY_TYPE1!J129) -> 27.249315 | T128: =US_TREASURY_TYPE1!N129% -> 0.033585287 | U128: TRUE | W128: =IF($U128,S128,"") -> 27.249315 | X128: =IF($U128,T128,"") -> 0.033585287 | Z128: 27.249315 | AA128: 0.033585287
S129: =_xll.meDateYearFraction(US_TREASURY_TYPE1!$C$4,US_TREASURY_TYPE1!L130,US_TREASURY_TYPE1!J130) -> 27.493151 | T129: =US_TREASURY_TYPE1!N130% -> 0.033591997 | U129: TRUE | W129: =IF($U129,S129,"") -> 27.493151 | X129: =IF($U129,T129,"") -> 0.033591997 | Z129: 27.493151 | AA129: 0.033591997
S130: =_xll.meDateYearFraction(US_TREASURY_TYPE1!$C$4,US_TREASURY_TYPE1!L131,US_TREASURY_TYPE1!J131) -> 27.745205 | T130: =US_TREASURY_TYPE1!N131% -> 0.033603112 | U130: TRUE | W130: =IF($U130,S130,"") -> 27.745205 | X130: =IF($U130,T130,"") -> 0.033603112 | Z130: 27.745205 | AA130: 0.033603112
S131: =_xll.meDateYearFraction(US_TREASURY_TYPE1!$C$4,US_TREASURY_TYPE1!L132,US_TREASURY_TYPE1!J132) -> 27.99726 | T131: =US_TREASURY_TYPE1!N132% -> 0.033541494 | U131: TRUE | W131: =IF($U131,S131,"") -> 27.99726 | X131: =IF($U131,T131,"") -> 0.033541494 | Z131: 27.99726 | AA131: 0.033541494
